Row,TRG_003,TRG_005,TRG_006,TRG_013,TRG_018,TRG_019,TRG_021,TRG_024,TRG_026,TRG_027,TRG_032,TRG_034,TRG_035,TRG_037,TRG_038,TRG_045,TRG_046,TRG_047,TRG_051,TRG_055,TRG_057,TRG_059,TRG_063,TRG_064,TRG_065,TRG_066,TRG_072,TRG_073,TRG_075,TRG_077,TRG_083,TRG_088,TRG_090,TRG_095,TRG_101,TRG_001,TRG_002,TRG_008,TRG_009,TRG_012,TRG_015,TRG_028,TRG_029,TRG_030,TRG_031,TRG_048,TRG_049,TRG_050,TRG_052,TRG_056,TRG_061,TRG_062,TRG_071,TRG_076,TRG_079,TRG_080,TRG_081,TRG_084,TRG_091,TRG_096,TRG_100,TRG_102,TRG_004,TRG_007,TRG_010,TRG_011,TRG_017,TRG_020,TRG_022,TRG_023,TRG_025,TRG_033,TRG_039,TRG_040,TRG_042,TRG_043,TRG_053,TRG_054,TRG_058,TRG_060,TRG_067,TRG_068,TRG_069,TRG_070,TRG_074,TRG_078,TRG_085,TRG_086,TRG_087,TRG_089,TRG_092,TRG_093,TRG_094,TRG_097,TRG_098,TRG_099,TRG_103
TRG_003,0,0.208889592718329,0.16973822542166,0.162451157609389,0.224944988458505,0.168277298565003,0.184234270246336,0.217854698322331,0.130950076950248,0.101527509684729,0.163977854178563,0.111367680191909,0.132286652905994,0.111811417595373,0.135774553880541,0.235338019588594,0.170732889301439,0.128928968040116,0.191865911550008,0.0842977378790827,0.208553955895747,0.186746892571407,0.18670228437944,0.17271633008697,0.141042426188417,0.143504231116146,0.127148608364426,0.215661860788504,0.100180826889184,0.110962383208811,0.206528733690254,0.082463520776999,0.235524884974299,0.0772418927512127,0.124932399387678,0.132574478333431,0.219593954385361,0.174552255026298,0.17873726603063,0.125264346257871,0.188993607439985,0.196100970287232,0.132566558365028,0.140505115126934,0.186756596744382,0.141486983419056,0.129440784864888,0.100977244950683,0.188791387577018,0.215421827512048,0.123753958920806,0.141067170156404,0.146327958077163,0.184761480105742,0.219870576999908,0.106537968506455,0.154190395997689,0.124412164896253,0.125950298252225,0.123381725577112,0.0951430144174688,0.211759739571428,0.112150334965472,0.191780192392991,0.0911488660158989,0.197298678182102,0.191184692752921,0.0856551900855522,0.25647526128085,0.145293025525366,0.129062544208117,0.130399785621176,0.258866005030906,0.280273759398078,0.109349675607364,0.135880915715471,0.197681283042376,0.222616403325104,0.187956085876042,0.12573015350369,0.121181197050174,0.220120427582366,0.12385758384109,0.123990493794512,0.19009855839104,0.150004256953421,0.163153858121268,0.256059789500032,0.154088909729853,0.18780050120503,0.10796541118397,0.125024371604275,0.167002934371733,0.0983557508630808,0.10641073202442,0.113057027932055,0.183412072146498
TRG_005,0.208889592718329,0,0.203399219620943,0.229566547471174,0.273484934976832,0.20192602437488,0.118821473316028,0.135424572042342,0.290774283980557,0.122813696974338,0.181964978291761,0.134400365855267,0.254988209946673,0.105534725899653,0.183731713973495,0.137418124102809,0.207067532046325,0.152422332930875,0.224863558491809,0.238324296638461,0.327374121254442,0.131048574957801,0.288902824718041,0.227322713278672,0.173107718722912,0.229793858038189,0.222536946581168,0.191189163637822,0.132251079399875,0.169353995352748,0.15043906566077,0.232987351349588,0.187126512665619,0.273965530796187,0.129752470551574,0.124691677825096,0.269248399078282,0.184409635388465,0.126510047297282,0.24856148080373,0.210687912034317,0.276658214480795,0.215588100723764,0.31680399278971,0.206692749922185,0.148047955473481,0.269465290584884,0.257624544846403,0.158427868992359,0.23479205390892,0.291248717843012,0.134170950946845,0.274518029647941,0.286419900501215,0.292279553808453,0.259238932823631,0.251959682348691,0.283940631000378,0.0973337467629549,0.201784464409995,0.14402430069769,0.275445200934394,0.22220962503051,0.222107215505759,0.204386567866952,0.28510658658733,0.261157882098226,0.202834645186178,0.234234666493129,0.158210741552682,0.112693064768708,0.253911206822747,0.195659680128488,0.213476461049769,0.273628208289997,0.251400317031146,0.290080502781643,0.138291906411127,0.337975769338547,0.2091001862756,0.12720900769769,0.128851338835501,0.183751270480263,0.177414983468925,0.175177559199674,0.135881752275319,0.244034010805493,0.150654840249497,0.166353536941796,0.195058059139781,0.22845742123142,0.316700614000276,0.206933672654922,0.281304394777444,0.17068493865039,0.231913832674682,0.172120935142828
TRG_006,0.16973822542166,0.203399219620943,0,0.233674716694999,0.17828640266222,0.176902136397841,0.159919476691172,0.17224881925264,0.0991331462521483,0.141471229311941,0.16069069223643,0.149402172271519,0.116199558883934,0.158582424539733,0.269605339213382,0.0898201726919853,0.198066089972473,0.225174999343808,0.217157430429234,0.149811658836729,0.18082244630736,0.207211139636808,0.116585681785642,0.236479104634022,0.158047614096576,0.170815309965793,0.189021070577498,0.159517138222255,0.0898556418107903,0.127313834285327,0.192561082835662,0.187011013074957,0.254208065430846,0.161711309261142,0.25153592498785,0.140509156965207,0.249940188024172,0.193036369644243,0.170555650627831,0.173322838938626,0.2233538255169,0.288360622871131,0.175919799924392,0.211396425029466,0.18500987396068,0.192265313667614,0.152794351755462,0.060963561826433,0.275781818439732,0.282574692050362,0.184076432335696,0.206288418918944,0.209091356590605,0.164583520239184,0.166788055727701,0.142424183044612,0.138588546446262,0.19665283766853,0.260415217887092,0.100947703481573,0.157210718931587,0.175370835841531,0.211959108825027,0.159236445957397,0.119724560693224,0.207417625684993,0.2679876854431,0.143237313076004,0.297052135617497,0.245027270619567,0.110843599042275,0.201731205953611,0.287442563349547,0.271055397488833,0.190628180074045,0.167115762842642,0.233798787822488,0.1829363162254,0.219162155886067,0.159577436200358,0.241166345684659,0.25499765232507,0.156094269068809,0.208971712844857,0.319027254118181,0.135694148236958,0.2277742805758,0.132531377572178,0.179191040153228,0.314388870117212,0.178570117547561,0.237991956117459,0.122262855950461,0.237026193767216,0.128100392181641,0.171854134079009,0.160581067862871
TRG_013,0.162451157609389,0.229566547471174,0.233674716694999,0,0.362249097647189,0.255292792944054,0.302275678215676,0.189324607047997,0.129140801159269,0.236478181132914,0.24019255426095,0.122777343488928,0.19482016593828,0.2425595408486,0.30424169463843,0.294424359226986,0.253987288972881,0.0727087331095069,0.220052263395975,0.145787187363443,0.113337983688229,0.162099196126212,0.11246929268313,0.0901259982221219,0.292690906653101,0.0998946291903627,0.263575014563244,0.270698640401299,0.213629836727815,0.15680575045813,0.230975090274134,0.151850453707988,0.186471595972166,0.10590141578621,0.0916160781346494,0.192067187799055,0.209477326078866,0.24349276881174,0.138104779680914,0.0980367634757284,0.20468399881,0.193987536284948,0.19368038286016,0.0806883982971701,0.237313841870981,0.0637960569168659,0.152734995846126,0.18155909070668,0.0817929850513771,0.335082362082837,0.204036080913501,0.118998224359237,0.153561359480157,0.20196388277459,0.109436756526809,0.123478859637,0.21317532671044,0.176470324077708,0.132884572157805,0.251273593188414,0.235055951899093,0.238810719034877,0.0745509847387525,0.193669193496186,0.189650924345877,0.207422307977321,0.257410662999816,0.266421681622957,0.132042438429231,0.0738191054893994,0.249594409523202,0.0576328728907369,0.104235636263945,0.0949864140914759,0.0729021763317507,0.128722477812446,0.130183491621115,0.291367013154905,0.198097055119033,0.267842791427782,0.0759562418345708,0.0929113233483519,0.184480043822048,0.093302406916386,0.107357069001353,0.292851573908939,0.0506827975279364,0.218808359190635,0.123276236385659,0.0836645488390219,0.115205252905245,0.169616311796715,0.107955503590611,0.200436705986025,0.127951659019768,0.177878430120325,0.12529444776345
TRG_018,0.224944988458505,0.273484934976832,0.17828640266222,0.362249097647189,0,0.211765986730375,0.186971425994979,0.32816483747952,0.311755245367788,0.187653153801098,0.296794766815578,0.298944812052579,0.199844347350791,0.281048624274019,0.309654252892875,0.183999821518813,0.126859578955694,0.330757197990985,0.169847290430145,0.247741510895423,0.260359201038679,0.255660956738978,0.244999371504201,0.237193320096498,0.098482301390817,0.204137141616287,0.311966745069438,0.204084446807239,0.139540104615506,0.260439374730139,0.190501319821955,0.22647608865194,0.300493691104783,0.276296766220765,0.32428952685712,0.202718260404967,0.231554808525711,0.293765876049622,0.33379242066437,0.264589203096992,0.184497579101619,0.288630855949844,0.233530288477588,0.303605203870273,0.297952828730721,0.328209240708624,0.345059129724687,0.214337159491958,0.350783948776642,0.137976358551038,0.267717866810893,0.337948326874679,0.346761263250151,0.250965501102737,0.376322570413624,0.258732852960891,0.31492914497669,0.242657535638036,0.355254246515321,0.221107461089046,0.173354434829246,0.272133409122001,0.28180776882764,0.204599423163261,0.268075024791284,0.264440142965204,0.170443009464237,0.252862383911493,0.439267000275905,0.357590158166035,0.312953323866633,0.297780642542916,0.37156229245818,0.34853059810004,0.247742567541039,0.3406096198698,0.279255283523601,0.280231576963604,0.25909051331334,0.345193503134949,0.304657203059253,0.362306927542823,0.281844071312883,0.229964826494123,0.451496614877328,0.340765164183855,0.325348568003123,0.33850253812017,0.27969924501229,0.399691294562181,0.289459171434799,0.305396092347802,0.33881904360708,0.362286259964795,0.327921861719646,0.240233932466958,0.321954367730274
TRG_019,0.168277298565003,0.20192602437488,0.176902136397841,0.255292792944054,0.211765986730375,0,0.105396864320544,0.13831214545599,0.278169748123976,0.2097162233904,0.181885401988158,0.161146257849649,0.241359157986362,0.155351067215843,0.164296386551549,0.16156851467474,0.224005275615949,0.233006285366603,0.244197816986172,0.1619665072849,0.212693842341334,0.243096799978788,0.259732036705177,0.191805987395933,0.177355433531144,0.155225199077698,0.264125888228261,0.148342442767629,0.131259357124405,0.248046461417859,0.17683092547641,0.222492338343943,0.229457441334766,0.247015468516866,0.221317876161201,0.155687954246809,0.244656424937065,0.089931091138574,0.23481349431175,0.219934190512443,0.138789829008136,0.26224279321311,0.198095638957927,0.251723397112939,0.14965734287977,0.230014024126012,0.266538270022611,0.198288046984537,0.180547797623627,0.24068152026828,0.262628699390443,0.208943837066038,0.306122939611489,0.227014315312673,0.208376215903317,0.25871340874561,0.252565741677082,0.234768379182801,0.196021466690536,0.173530734339207,0.126770523022089,0.212225280077004,0.262900830989008,0.176132213467126,0.199583143610603,0.251953774074871,0.258962171496914,0.15885826178424,0.238222936383186,0.203522238251413,0.179388214042042,0.258549742541795,0.226372550827953,0.263610000249509,0.183455737262693,0.246518126081958,0.233465926984253,0.130155801135051,0.24137140992381,0.262278922882198,0.198518446361287,0.182827812710996,0.138128442232607,0.16112911210047,0.230426193662403,0.215859804312719,0.29164431437688,0.212540381652607,0.234257987245107,0.238908484797975,0.219918034984484,0.219312813026346,0.209119973130855,0.241519509540723,0.209359529472494,0.230452643634908,0.159683716930604
TRG_021,0.184234270246336,0.118821473316028,0.159919476691172,0.302275678215676,0.186971425994979,0.105396864320544,0,0.180876657464805,0.278281744128312,0.2083886594396,0.145386318956799,0.255940950562551,0.26765724026625,0.0903244164967948,0.162754009769405,0.214865231786901,0.23833585462177,0.259596564321224,0.186536177916527,0.136069606742493,0.163858065695465,0.241644529436657,0.258744558045186,0.23015070103,0.131278697217912,0.203721147132076,0.213396109377829,0.115265090119909,0.0994934496662139,0.127521405592468,0.182187489634927,0.159898906270468,0.116558295347019,0.209092757550663,0.290358279703768,0.0678542409558013,0.248448895173173,0.139961844997442,0.19339402347109,0.308904913796136,0.205441559410518,0.279019970714959,0.228852376674769,0.19808270426639,0.111667618572771,0.268083768931182,0.223868171851723,0.211481764919929,0.266803187683794,0.228938435597402,0.142185038474862,0.188877000362307,0.259368931768877,0.127556927323098,0.179618007461457,0.277488418901239,0.176786095189322,0.170530222643545,0.210069914032872,0.128415914570538,0.131731014691482,0.207674337162676,0.331646103022668,0.103314603297066,0.131731532190256,0.277073112804204,0.246017679988838,0.230903617884504,0.317242046166461,0.203656690280701,0.0942262154190542,0.227383054366405,0.287312965359314,0.268936265915394,0.173592710143596,0.240036410561708,0.345525754774815,0.0524620147423037,0.203587168753163,0.228718200444263,0.23281274039341,0.203434795609889,0.19573354333773,0.244852482582855,0.289297824966882,0.170473531339552,0.262182054674716,0.184960237151045,0.137848464089709,0.320021003594478,0.227266659339514,0.258744216888963,0.190716203415916,0.222579982971305,0.167608172916938,0.175487002418546,0.166936477848813
TRG_024,0.217854698322331,0.135424572042342,0.17224881925264,0.189324607047997,0.32816483747952,0.13831214545599,0.180876657464805,0,0.24076740525159,0.192024983840206,0.133097716171637,0.206656145737933,0.2432940743957,0.0981742236256068,0.201135766678967,0.177897296697895,0.270763351862362,0.142568074688644,0.187528244928178,0.201997733271682,0.312224863512753,0.141402902910671,0.320201941884168,0.209475303967949,0.245400393533528,0.183891468717749,0.163802936842587,0.203696040757333,0.169198489598598,0.260722293758527,0.246565411243554,0.230918146799375,0.270999396643623,0.307583637596161,0.175986485300796,0.221017488969268,0.199365588186503,0.108471607042156,0.117129179369569,0.243446108550699,0.160006720369984,0.262989341571741,0.243291442916042,0.292985428258803,0.130404597420143,0.167009503319133,0.307129733252288,0.181616337286359,0.0948192380409986,0.241448830842626,0.251425518499772,0.170901577648232,0.284613934880758,0.250701285470314,0.241375796984457,0.280707543086532,0.183233395003799,0.294294780585829,0.115255346422874,0.145825783430206,0.1341075812281,0.251956199275887,0.225166547027641,0.25956180524269,0.124846237934617,0.239104366571535,0.246447799541385,0.164784088148477,0.148477207232968,0.160383885729499,0.175739981838402,0.27608425670674,0.104863039136523,0.103845845780093,0.237291285577848,0.29956957611453,0.277318919099587,0.108066835512031,0.320614703012787,0.155345116203463,0.121516380734698,0.0845244663328204,0.162662412724114,0.157154209500826,0.127770371862717,0.129927536596485,0.229810303340892,0.0732607724158756,0.258416639633847,0.139560151709554,0.276921230680376,0.280123138788612,0.184442918190462,0.27703513707695,0.169292256749495,0.20358717243235,0.0829994598061971
TRG_026,0.130950076950248,0.290774283980557,0.0991331462521483,0.129140801159269,0.311755245367788,0.278169748123976,0.278281744128312,0.24076740525159,0,0.169707936574996,0.205908073866985,0.106992705183743,0.173005296610508,0.188926154130972,0.248590758275255,0.220703217043405,0.207217486498429,0.16437848012218,0.242355400313441,0.0988445436449449,0.213081473826148,0.250316441692096,0.0752856208898467,0.192957116799451,0.291253936036829,0.181056229796953,0.222681665057923,0.195893663115055,0.185047412971086,0.101915988006528,0.289759425831568,0.176048064552757,0.250982595479356,0.073879153616993,0.185259200153055,0.215859284733654,0.224912561171192,0.198572369781769,0.166999219689722,0.0981078266031918,0.271786277075098,0.155971171196589,0.112850308353469,0.098479914497462,0.137227861352625,0.118965874517207,0.0694945631052241,0.0378017106155849,0.225708466476529,0.317886033921805,0.171622949732054,0.144109454117455,0.0964140519842617,0.190048488506305,0.128136562543349,0.0849234273366118,0.0750441432004091,0.116386488356396,0.229857845187772,0.183081077290833,0.171805690311831,0.171472737810447,0.133534298023021,0.138248659720466,0.0899639401573348,0.250269527624609,0.24270354345795,0.210927518548536,0.28622975238365,0.196772669020443,0.145670802165892,0.132541850293693,0.272647135643975,0.262138021034388,0.130323632042691,0.0543111981897342,0.140626688830209,0.247850868152965,0.175615135861273,0.22557670041109,0.210194163695931,0.243107785428329,0.172679975002788,0.219351143507994,0.239173803582825,0.251735420246549,0.161158884410029,0.265803006233878,0.199376138704516,0.225615927755983,0.094982364268032,0.134423463294895,0.115649502955736,0.223622006008818,0.116767382919094,0.138887524589522,0.26768482454632
TRG_027,0.101527509684729,0.122813696974338,0.141471229311941,0.236478181132914,0.187653153801098,0.2097162233904,0.2083886594396,0.192024983840206,0.169707936574996,0,0.126189420294949,0.157952426182549,0.151889893929605,0.194626250294121,0.226107624657489,0.113329035559079,0.130549279566644,0.194853882322224,0.152454391347185,0.148685188593944,0.215882009736497,0.0692494368825639,0.150833534465591,0.15013931660549,0.167369436431113,0.167511849378524,0.234833830208921,0.152915417598636,0.149005712191676,0.125916674363397,0.152453647745022,0.160554219550236,0.245401614484285,0.143841602688955,0.20233204843185,0.150599636731549,0.164985177611534,0.212426824485559,0.222380806805635,0.205756898782379,0.11179387705037,0.215117068066861,0.170321618651487,0.202479551386673,0.218936926153039,0.162471370715363,0.151130882010608,0.202018552532105,0.216249603066287,0.122154661282606,0.233310051965572,0.178097231271593,0.251070235580577,0.233012307750923,0.230745292513959,0.175756598050452,0.18587964950491,0.199420205028572,0.201090775174586,0.108861390745067,0.139541282782193,0.160353079255481,0.218316634351598,0.182195753546917,0.182226697232669,0.291058330673511,0.122014035060701,0.16665109403797,0.320975958983604,0.273357600412842,0.114350473169566,0.181136138924922,0.247166794742062,0.202990112811293,0.166131535869852,0.162317693379844,0.14728550819799,0.226751653936378,0.23726731141228,0.22647520738665,0.18895948869559,0.198073384987584,0.218754851943772,0.237849747004493,0.289228539753208,0.174312378926304,0.250855944562951,0.17063113724178,0.179977500624194,0.273095261000474,0.142782413185427,0.238606302467819,0.214842458859075,0.264769889329888,0.116379788954315,0.216343880777684,0.275227885066955
TRG_032,0.163977854178563,0.181964978291761,0.16069069223643,0.24019255426095,0.296794766815578,0.181885401988158,0.145386318956799,0.133097716171637,0.205908073866985,0.126189420294949,0,0.16739461354699,0.234591114599868,0.126156331845238,0.214570166918867,0.169117719691874,0.226106575278258,0.229296326685271,0.231924176078102,0.155111598023682,0.194032839265872,0.156581191764099,0.276958886201427,0.286207395154671,0.220143428015462,0.276970225961978,0.165739672803205,0.164596881917715,0.16664887609899,0.207063564457722,0.114687900296493,0.181980667853852,0.23496183876056,0.217148604400971,0.176659553675676,0.164355100958862,0.245981502133524,0.110161443583253,0.21033909416098,0.289926575031084,0.228137039712144,0.236501683528392,0.157379825909517,0.158821492359054,0.0539716043550382,0.221766661518904,0.209206312694311,0.200446056506129,0.19235505091276,0.202573748455474,0.157905021217231,0.228180500542815,0.20591007985583,0.101943792891398,0.149884188525247,0.224287449974771,0.123830367376515,0.179893577460113,0.188751795680595,0.0474809605816174,0.185787005096637,0.176961312430278,0.254834774245438,0.120069090380655,0.106437316687732,0.330139572946241,0.177731585935657,0.11546161219234,0.281982536042608,0.30017315086132,0.186472099973595,0.153692580131529,0.233754386113954,0.214860405006716,0.225167793664947,0.263611594361482,0.302777033972157,0.127794844560239,0.15304753813491,0.106738365696588,0.208849895988736,0.229116391588603,0.169210680934969,0.198061335066306,0.272960917065702,0.0886055610131846,0.267569419887409,0.117763611935038,0.222048249359871,0.251713014784484,0.277083469539613,0.233583298326191,0.137487806208518,0.262479340002587,0.155714244997964,0.192484934716301,0.244223133433904
TRG_034,0.111367680191909,0.134400365855267,0.149402172271519,0.122777343488928,0.298944812052579,0.161146257849649,0.255940950562551,0.206656145737933,0.106992705183743,0.157952426182549,0.16739461354699,0,0.214463132438871,0.147880410320707,0.218166936312392,0.183642210803791,0.241997335385529,0.0571301179119362,0.245808185147436,0.134283900665397,0.189611064012545,0.157538707342774,0.15746747490634,0.184630163666526,0.245747227143593,0.14624130472626,0.216654953954347,0.260958722617666,0.198613397146154,0.115388256340737,0.190616559975397,0.182770921657151,0.228688274798958,0.166395545177902,0.0619720109601493,0.203985431519175,0.224096127482981,0.152987965732943,0.17349722229999,0.0967879446517587,0.260444615329595,0.174962009491287,0.128936973169153,0.163653471674923,0.185905161802002,0.0264012353149279,0.132859847849432,0.0847496722248996,0.0923197640071169,0.319754885535828,0.166569960694612,0.121195340054728,0.103672634949088,0.171026863134852,0.229027203470735,0.140845948233447,0.136527891492099,0.210016113078029,0.065335904945185,0.152824379258445,0.140793273437687,0.292689001967084,0.0783839681131663,0.235296349849823,0.117235647332488,0.213094416864962,0.25108868100021,0.127018081673251,0.147935307093581,0.121237168037746,0.165420648688328,0.11842772646116,0.124693974093492,0.206226940749278,0.157624458871529,0.111503780686176,0.171530886241808,0.2621538958021,0.2358511685613,0.166139528859784,0.0821329977969709,0.108366889450698,0.0883621893676656,0.0714346245638788,0.0853515533143968,0.204988759492762,0.107118821985759,0.222750750394614,0.174418934907184,0.0767398189684992,0.135932157348092,0.173853944878669,0.144170689752462,0.139919920745703,0.0776977393582281,0.132079261719982,0.189787554110083
TRG_035,0.132286652905994,0.254988209946673,0.116199558883934,0.19482016593828,0.199844347350791,0.241359157986362,0.26765724026625,0.2432940743957,0.173005296610508,0.151889893929605,0.234591114599868,0.214463132438871,0,0.197227053558172,0.214021885602755,0.175964366793304,0.131557003487557,0.184248539881109,0.191574788309513,0.140632378602354,0.220550849767957,0.198808716894188,0.174173314429549,0.18099553730425,0.11030052076551,0.212853555175037,0.142903020611122,0.234708027257252,0.142281216101879,0.153946738656033,0.193399596274194,0.147286264772147,0.256726764407937,0.170778489379898,0.128541978863089,0.17988219149617,0.20015196059965,0.169656885612998,0.157075762734083,0.175526088973288,0.201289104273546,0.202442422901805,0.12401576609103,0.180110489234491,0.241128476975128,0.231675757760501,0.132265659104945,0.16671474301546,0.246674053963614,0.182795932228881,0.225244812426638,0.241565392330417,0.198271578230557,0.236173476595227,0.226714417111658,0.0818670398281903,0.218569538306859,0.128052223020526,0.225156393868085,0.161730667391394,0.177451635294673,0.203695973503714,0.144031525530771,0.186324067884292,0.168585970917985,0.282190210097245,0.27956235713055,0.146808301879974,0.382956569843969,0.195548470433547,0.211675025092726,0.204399226549493,0.297760202185536,0.273826180656409,0.162686821106489,0.247390847191811,0.195743735928884,0.28019689758973,0.233924090317519,0.195694680817075,0.175559603843113,0.289455167396982,0.15343893427647,0.137376473447211,0.293756540453696,0.216974406422522,0.158574841543511,0.235879626582829,0.26053442643281,0.275961369706454,0.165015003888863,0.212083837518833,0.160517029194569,0.226189375243147,0.202136617823705,0.222606682970618,0.228438837444598
TRG_037,0.111811417595373,0.105534725899653,0.158582424539733,0.2425595408486,0.281048624274019,0.155351067215843,0.0903244164967948,0.0981742236256068,0.188926154130972,0.194626250294121,0.126156331845238,0.147880410320707,0.197227053558172,0,0.236660844754599,0.20360114863948,0.203778471698742,0.202241989618383,0.179117786238243,0.12151352132148,0.230561726574878,0.208215079779619,0.254782201653856,0.27333479179817,0.135114923790711,0.198398337681748,0.116197511293198,0.199206370512429,0.11025747607235,0.122551365432086,0.224576193696294,0.130395648592802,0.181057021449726,0.183743855547017,0.197170292435223,0.108107412110661,0.242920749664268,0.0974678896737929,0.148589860944139,0.241344415093666,0.231488109371547,0.273851892994518,0.181311382769466,0.188862944669292,0.0906171031876303,0.201643237393032,0.180614272010462,0.164868487563468,0.278292436854674,0.254615863941165,0.112359983481784,0.208216857035348,0.185502723096551,0.132325119895617,0.200369577146424,0.191210564767797,0.16043611637303,0.176863530443243,0.209814907061952,0.0906286165422876,0.114427126292338,0.221330004593505,0.240409577196067,0.176732914790842,0.0645255437938358,0.258420046137018,0.238507012607465,0.140371105414554,0.318970482307396,0.252763249508824,0.0823488120147889,0.180096478033561,0.297390409154819,0.201167753451112,0.189606405840917,0.187272188089506,0.278703183511157,0.0731930262647845,0.249340222383477,0.106548089542986,0.23197400019476,0.23079142133947,0.0912772038680018,0.227651961810153,0.304461739697187,0.0917725948708945,0.191263245414981,0.169087366962424,0.145755245627635,0.309736569454344,0.188259312223139,0.178662394175279,0.12307677569235,0.160562246035894,0.103961154339928,0.104111400704139,0.202836733715367
TRG_038,0.135774553880541,0.183731713973495,0.269605339213382,0.30424169463843,0.309654252892875,0.164296386551549,0.162754009769405,0.201135766678967,0.248590758275255,0.226107624657489,0.214570166918867,0.218166936312392,0.214021885602755,0.236660844754599,0,0.187114270086284,0.237255234246378,0.202019190377764,0.256518799506399,0.294998224127481,0.196895924912944,0.235039306539541,0.206612810649234,0.20348662207308,0.181561832167341,0.249991239515964,0.177893340122163,0.113738098164104,0.179103429410164,0.234580198181217,0.212504180913746,0.178045264555916,0.130977230593606,0.256697510264654,0.270936016419539,0.174817027303035,0.16004272588122,0.200181442679508,0.220434202708784,0.246603091126403,0.23013054458642,0.226909740964007,0.138958726387557,0.221109209597937,0.192190448950617,0.23674671235377,0.243089131366968,0.280299981656178,0.254973045849414,0.236396432988767,0.331327627004404,0.197835676352084,0.236957701349855,0.292102211833826,0.136075435527788,0.240395845334203,0.218007184150556,0.270737337095169,0.170814657487258,0.211908107494011,0.276719302848895,0.229222913842143,0.26762909707959,0.184280967858155,0.266974699633546,0.176093828235082,0.308548671106098,0.147228973606667,0.317656494088206,0.248740543480138,0.196050586513736,0.238707408474766,0.290968668905165,0.328973096249931,0.236450226992637,0.246398223730248,0.26353750336735,0.160817185275465,0.242113144214504,0.187497263985775,0.176600450645492,0.220011747185046,0.26799073365063,0.239816340303889,0.237648264179018,0.237840453657478,0.316094018662921,0.248025965436817,0.201833088364079,0.284687475095133,0.292770966128018,0.249908245273589,0.199535104425094,0.172119880002268,0.222274662543349,0.272280507429125,0.156005104019601
TRG_045,0.235338019588594,0.137418124102809,0.0898201726919853,0.294424359226986,0.183999821518813,0.16156851467474,0.214865231786901,0.177897296697895,0.220703217043405,0.113329035559079,0.169117719691874,0.183642210803791,0.175964366793304,0.20360114863948,0.187114270086284,0,0.157176765557152,0.220144884687101,0.233925848616915,0.244750714503532,0.231033531320287,0.137906096859441,0.172231098191025,0.216743081923604,0.158402083497616,0.217856001030924,0.251778709266996,0.121660245377727,0.127344349958576,0.201812182376941,0.1265621369351,0.205820157984375,0.256126732000254,0.260533534135093,0.240185316003248,0.19374811742653,0.200612741714173,0.224299366484548,0.238136100234703,0.216864890112228,0.161953800606741,0.312525893994551,0.213205203724177,0.289353191389777,0.215577780105667,0.224782838155063,0.251663272016931,0.195412055202619,0.234598215389227,0.248101147744719,0.271445585423165,0.262876385089864,0.331378209528053,0.256974778976583,0.25418629781807,0.229558577913974,0.186364625049968,0.322703116648211,0.246667346877561,0.16040753616359,0.201386706658972,0.21695251373993,0.248291646755448,0.19180233315681,0.221732468311538,0.241967112237457,0.268427006548035,0.194505405593034,0.322024434449001,0.27659447875089,0.168712647583474,0.247875566756191,0.256477090592376,0.272705127102061,0.246684197968823,0.240486859911898,0.218331479223475,0.2329319665034,0.273574764044474,0.259384971661951,0.190072474645943,0.22500193433641,0.201184541844344,0.218316034612609,0.30164993550615,0.203751525883135,0.318089770276981,0.158336333709015,0.247440902844816,0.29325146979975,0.236251040035995,0.291071062816059,0.222584364721812,0.329300314131063,0.169654406569763,0.234424103550581,0.178936099913683
TRG_046,0.170732889301439,0.207067532046325,0.198066089972473,0.253987288972881,0.126859578955694,0.224005275615949,0.23833585462177,0.270763351862362,0.207217486498429,0.130549279566644,0.226106575278258,0.241997335385529,0.131557003487557,0.203778471698742,0.237255234246378,0.157176765557152,0,0.25524333580194,0.24156841905188,0.217368191561773,0.274919617230094,0.212415148473543,0.204403447732888,0.227131913984064,0.121355543145306,0.211929748446548,0.256922173788773,0.146039490927665,0.156876844771189,0.192679960586966,0.178847877782058,0.180300707518829,0.276570434330003,0.201944191491998,0.224121565241084,0.178043208604849,0.158372943140037,0.189597309988413,0.215450088424031,0.181924178814932,0.159133316479969,0.222060007882535,0.0906515217505888,0.250635172321884,0.215524422176789,0.259678223360713,0.222726880181403,0.208205640799187,0.273383490600346,0.144465881524065,0.270616176144122,0.265770862956371,0.240954643578485,0.231183326163155,0.254234549426472,0.122572099049234,0.212644120304734,0.21151333420008,0.259408599248354,0.187182000378462,0.164677855992245,0.227176519633775,0.205077026825596,0.15815772390183,0.218611890715536,0.283229665552125,0.14613136343772,0.215898654886967,0.400441434612941,0.2902625195338,0.2393823624232,0.205164732748961,0.30814707345128,0.245812871585949,0.184469890201091,0.243290431660885,0.255154192148262,0.253030424765573,0.262030844070757,0.293226521830166,0.263789955644987,0.321753169165078,0.164712449016418,0.184534447620092,0.351740955673179,0.297487168831086,0.257697453531016,0.320039654146457,0.229535574470315,0.311356366584839,0.191695341597613,0.245951473387473,0.241050652934675,0.346521416687853,0.256673308958323,0.156060849601695,0.29268452776425
TRG_047,0.128928968040116,0.152422332930875,0.225174999343808,0.0727087331095069,0.330757197990985,0.233006285366603,0.259596564321224,0.142568074688644,0.16437848012218,0.194853882322224,0.229296326685271,0.0571301179119362,0.184248539881109,0.202241989618383,0.202019190377764,0.220144884687101,0.25524333580194,0,0.227262051103994,0.180469222145983,0.199115171539817,0.106677670044001,0.170852422804371,0.115436103394386,0.264041048032372,0.0967288304259221,0.232773729908509,0.205523925538248,0.226323457900816,0.0978505016718034,0.224191923343403,0.189076906629304,0.194568517039674,0.143931603647466,0.0697543058907293,0.144015733106274,0.159230359082582,0.240321315223192,0.121742027351642,0.0723710942093985,0.182473853874544,0.0811085719842105,0.117712105666817,0.111902887288862,0.249905638396865,0.0319995036463533,0.132906274444908,0.151446299123726,0.050829413112221,0.223428012729968,0.201380967233835,0.0792443308511569,0.0696743165267533,0.19264678498272,0.22086654249094,0.138035929666895,0.16403092597838,0.196243831488749,0.0602384305287996,0.216464494581323,0.217056606731047,0.291395517801427,0.0485674118052053,0.214148889187829,0.141746123875465,0.193486901279994,0.290918248209401,0.132644537230662,0.0939081813888074,0.0859371022418237,0.216951380916786,0.119692010942308,0.0523756944996633,0.123805411262683,0.150007583681467,0.128013541294924,0.133789851710518,0.256878742206365,0.198241439263165,0.152313565997838,0.0341112918769296,0.0492503406313968,0.12647825266647,0.0809405617007334,0.0452703208077864,0.266560084783514,0.0683623795174357,0.172416196454908,0.122601434185112,0.044366814151799,0.109657457698761,0.187027284659678,0.152245534760459,0.120135840766943,0.100147249596169,0.139268985679105,0.0918095308342618
TRG_051,0.191865911550008,0.224863558491809,0.217157430429234,0.220052263395975,0.169847290430145,0.244197816986172,0.186536177916527,0.187528244928178,0.242355400313441,0.152454391347185,0.231924176078102,0.245808185147436,0.191574788309513,0.179117786238243,0.256518799506399,0.233925848616915,0.24156841905188,0.227262051103994,0,0.194190398897187,0.21020804881604,0.192783460028601,0.192562976308935,0.203489258948105,0.143906918901007,0.178828731158678,0.2628504046886,0.213198308070987,0.163253700798933,0.169735270609751,0.239275771169416,0.154863670865492,0.164080502268491,0.232924438372353,0.273469866775573,0.114944135327399,0.172521255170357,0.233104116523069,0.162699496158104,0.296068577055427,0.116083994199663,0.289554780658168,0.247045589292128,0.268893136442964,0.236692362019313,0.28359984056483,0.245839612238187,0.254527960900503,0.283463366011161,0.144168161921486,0.274811624473291,0.240661676267246,0.275057161883386,0.230760538733202,0.252022433318076,0.231533725708344,0.269294088945214,0.269713842749533,0.278749711820894,0.181551542428872,0.210687032041535,0.150467057591937,0.292904943640506,0.243877873322622,0.204442562776812,0.207858045090855,0.205358152539234,0.255038284275411,0.383637500316802,0.281638968789275,0.21012810208085,0.276100844475132,0.303083237204873,0.182229325313382,0.25260939357865,0.262368176953878,0.316194932247021,0.171510938690132,0.300322431080639,0.278129999263817,0.198259783287283,0.233693024592359,0.243653521284582,0.29427077907739,0.329206009518418,0.239812652979487,0.209280860177203,0.224274212591562,0.162227648377166,0.354158172331415,0.241209780124228,0.209380568976893,0.240404620061777,0.296341691009582,0.227764310378143,0.269311331352229,0.216316389125587
TRG_055,0.0842977378790827,0.238324296638461,0.149811658836729,0.145787187363443,0.247741510895423,0.1619665072849,0.136069606742493,0.201997733271682,0.0988445436449449,0.148685188593944,0.155111598023682,0.134283900665397,0.140632378602354,0.12151352132148,0.294998224127481,0.244750714503532,0.217368191561773,0.180469222145983,0.194190398897187,0,0.180150743805813,0.202071415224793,0.16687137975005,0.201305984621198,0.216197061502768,0.161775698104058,0.193422465739423,0.170136962652798,0.170342186335072,0.0857413661009653,0.200369679390602,0.168172657025423,0.228672123855369,0.0804470102560272,0.11534609093247,0.162537126429457,0.269490858241612,0.109049884152428,0.182008897264426,0.172790567245785,0.185318226047893,0.149656165352631,0.146350771156568,0.0557495261312537,0.0910143918651941,0.169304471813016,0.0706359650605153,0.108987853465506,0.249896481941716,0.260078591062036,0.107502371740868,0.188768354120314,0.138420289649843,0.0979435628589883,0.147441774977994,0.1140849399828,0.100387255601885,0.0383273958899318,0.183790644514136,0.127127277147173,0.0746880248995225,0.148182664708851,0.144874926662901,0.0981226963539594,0.058016594389966,0.194321152928712,0.167905683396746,0.158695730275477,0.308238398981673,0.169727554610166,0.117658937142053,0.129821515843152,0.306921056798903,0.228239332203537,0.0735357052414516,0.128071498667247,0.15239098249991,0.142239908540844,0.104573132364851,0.173750167521141,0.163685518877986,0.278421792950794,0.111236056164089,0.115638306512968,0.25087756731286,0.210456634198295,0.159048281770917,0.247611597741581,0.1769439057782,0.224427799581992,0.0902314405382959,0.114555630244007,0.119616031966768,0.155630649410387,0.103837667177925,0.11607489821947,0.255352090618207
TRG_057,0.208553955895747,0.327374121254442,0.18082244630736,0.113337983688229,0.260359201038679,0.212693842341334,0.163858065695465,0.312224863512753,0.213081473826148,0.215882009736497,0.194032839265872,0.189611064012545,0.220550849767957,0.230561726574878,0.196895924912944,0.231033531320287,0.274919617230094,0.199115171539817,0.21020804881604,0.180150743805813,0,0.216839620578709,0.115391644544981,0.11531043054008,0.187053654108143,0.156954031358871,0.269486937146005,0.200175566713564,0.180801331249673,0.15221182285471,0.178072116903871,0.152447854852333,0.10285374887154,0.144547943251568,0.211987568168008,0.142737181804539,0.148844069920045,0.263838808245948,0.295709933591246,0.174992671504723,0.202809830678187,0.217007787368337,0.217494992367513,0.10211975431619,0.201645406063226,0.15689493147218,0.221807412459752,0.183047890721365,0.21540882935676,0.306283742577152,0.153872683822683,0.271444514756164,0.204159048886939,0.134114464750973,0.108051160738688,0.214604867967416,0.232007977347424,0.202260405403078,0.265102003835144,0.188699913533998,0.253416546378459,0.280319450738534,0.184852164617391,0.134893988032223,0.181156072384558,0.278721549820728,0.279964128958086,0.268976407288021,0.339725432284003,0.2536106688558,0.207866969643789,0.0621059313023663,0.25564306948318,0.228766874691463,0.0933716159690664,0.171236225148459,0.174518263435588,0.22403727231369,0.190205752813982,0.245919024587924,0.139811244398704,0.238489539086499,0.25861712134706,0.154954885602531,0.271536159727908,0.246439880022363,0.187493089598664,0.285401797695716,0.131822111923271,0.227080278552364,0.16438506765729,0.211087746533879,0.178309907857489,0.208763173341071,0.141058937762223,0.220571723401679,0.253058984169844
TRG_059,0.186746892571407,0.131048574957801,0.207211139636808,0.162099196126212,0.255660956738978,0.243096799978788,0.241644529436657,0.141402902910671,0.250316441692096,0.0692494368825639,0.156581191764099,0.157538707342774,0.198808716894188,0.208215079779619,0.235039306539541,0.137906096859441,0.212415148473543,0.106677670044001,0.192783460028601,0.202071415224793,0.216839620578709,0,0.185129914547362,0.130588329204303,0.230496541008518,0.133847597047253,0.175770908718128,0.212467322245152,0.182955859492144,0.164326486738617,0.167620619406473,0.152355327625648,0.197283171886651,0.245848910685439,0.204206403165679,0.151842790463629,0.136463611567342,0.248315699011573,0.177212691817799,0.160798032619785,0.141425200293017,0.180846271589873,0.201424003830732,0.23020852711094,0.192411353050161,0.125923102697845,0.23714429488756,0.200094991956374,0.137245419664059,0.217042741666073,0.203384211380396,0.126003627313396,0.224003997208854,0.269285926569272,0.247356713055556,0.190322012234655,0.240852726704492,0.262737323624897,0.143787502878884,0.149492849253585,0.149346992243647,0.252937454877745,0.175509821956542,0.221468616167849,0.198888200861219,0.322288132519052,0.163962074829996,0.234545946613205,0.199614237495203,0.23782726131265,0.223295243874491,0.195132149004114,0.1162743708356,0.0890280505380895,0.209846188275082,0.194171885268338,0.162318372492897,0.255874775444221,0.271222167417603,0.195046213626553,0.134862970069151,0.107933532134285,0.197981639347074,0.15780456908135,0.168668980091863,0.262548655221894,0.188042213263823,0.161407498520534,0.127731232391875,0.158496165464335,0.138060735582066,0.267941562301562,0.225689948315735,0.21778904994982,0.166860239087204,0.177926155127862,0.207351449954673
TRG_063,0.18670228437944,0.288902824718041,0.116585681785642,0.11246929268313,0.244999371504201,0.259732036705177,0.258744558045186,0.320201941884168,0.0752856208898467,0.150833534465591,0.276958886201427,0.15746747490634,0.174173314429549,0.254782201653856,0.206612810649234,0.172231098191025,0.204403447732888,0.170852422804371,0.192562976308935,0.16687137975005,0.115391644544981,0.185129914547362,0,0.115660729687095,0.269096297360081,0.161272742994533,0.243522372567685,0.147561251696887,0.145397678913952,0.111627968485049,0.277145993354282,0.153215500344763,0.188905171212852,0.109774772541285,0.246774275431097,0.188864921814304,0.111636745216615,0.242377643802704,0.182746893259672,0.127745693831484,0.196057064196988,0.167134892325924,0.138203039777506,0.115171243876539,0.223426097024212,0.130852131148492,0.107734377038682,0.116890957154945,0.215410581811578,0.308546241298064,0.203821034590369,0.232801577128616,0.151347982525777,0.233349961481278,0.08382787032506,0.134766223412877,0.139537343925423,0.168403966070155,0.259807047815941,0.224927979710601,0.238628063779754,0.197015508125214,0.176359746698458,0.121607892284319,0.182966340869061,0.215450949020725,0.264395838882529,0.265031254567399,0.319918978848571,0.251605619470709,0.158234111374961,0.145706763233283,0.243440330649013,0.204454415746793,0.10202557674571,0.0916635706537438,0.0942993415882093,0.273917878260373,0.202891436772408,0.260133056582688,0.176806915674722,0.222985639966714,0.238703018534857,0.223137535387995,0.266384201791582,0.295104738640297,0.153621624561425,0.291089553851076,0.176385235237833,0.236406258178934,0.106646808921163,0.22670559413523,0.112194796335975,0.221895881744784,0.119076496112274,0.218626662027676,0.256261243309149
TRG_064,0.17271633008697,0.227322713278672,0.236479104634022,0.0901259982221219,0.237193320096498,0.191805987395933,0.23015070103,0.209475303967949,0.192957116799451,0.15013931660549,0.286207395154671,0.184630163666526,0.18099553730425,0.27333479179817,0.20348662207308,0.216743081923604,0.227131913984064,0.115436103394386,0.203489258948105,0.201305984621198,0.11531043054008,0.130588329204303,0.115660729687095,0,0.241979742135887,0.101374339990166,0.175134892740704,0.212797436946489,0.213559490496788,0.126396135393151,0.204480039346457,0.158089317065625,0.119569684503949,0.117593918103447,0.212244023922455,0.178181066735534,0.147062290591331,0.228363575495531,0.23209211107073,0.136161889974587,0.110473727155698,0.162563762098334,0.213635183448843,0.111952110504029,0.252351792571702,0.11218678485604,0.179079660150451,0.230646373768275,0.147153605703567,0.221798897601515,0.226981962209957,0.150756650946757,0.173502329263514,0.242784109372361,0.154371651369031,0.173064716439769,0.233837051417264,0.231837960088689,0.208077886296274,0.247899382674711,0.194661060595849,0.199450820522135,0.150154739929714,0.17878535433491,0.21668378242882,0.297774565429116,0.195975328069277,0.27030925393169,0.214359910490502,0.191309950940796,0.195407799488089,0.120070540230063,0.155238405521634,0.176430730081459,0.113514260271971,0.102315756875774,0.0924201545603361,0.241121144729355,0.231264353334803,0.243698403962195,0.111071578248641,0.11578592575977,0.290743323096216,0.218923190557078,0.183985565613193,0.268829759322378,0.15017205511885,0.230488575086343,0.133722062855438,0.168115553952818,0.0925190329677271,0.22690509705641,0.197317540457721,0.22900620393941,0.124566977802544,0.244707955033721,0.168426753657375
TRG_065,0.141042426188417,0.173107718722912,0.158047614096576,0.292690906653101,0.098482301390817,0.177355433531144,0.131278697217912,0.245400393533528,0.291253936036829,0.167369436431113,0.220143428015462,0.245747227143593,0.11030052076551,0.135114923790711,0.181561832167341,0.158402083497616,0.121355543145306,0.264041048032372,0.143906918901007,0.216197061502768,0.187053654108143,0.230496541008518,0.269096297360081,0.241979742135887,0,0.21707975848045,0.175477475855801,0.214773646576879,0.103625452956428,0.195719160371558,0.135319357350507,0.149734365554268,0.223884849369253,0.242231729976,0.255031501635044,0.105193983738684,0.197028221708189,0.203867125731248,0.260969852720988,0.264649182825031,0.207211652102988,0.290805381642747,0.178894378386844,0.290969667416809,0.200295483510362,0.2969861214951,0.276186018027519,0.22582614333113,0.318556081726282,0.111487089435036,0.196849098200696,0.28519377964538,0.277355988717732,0.214293276835223,0.264712367356209,0.217428870623287,0.245805807550897,0.205560200247627,0.270431011154479,0.137893869954574,0.165781617463154,0.26908753583486,0.263428887444162,0.201532992428533,0.184131994696063,0.292895268373011,0.194268881436344,0.173831996848349,0.41665047605452,0.274266438209273,0.204109444340156,0.249439961768366,0.363827884565428,0.304660843804602,0.242993471746264,0.287144338601461,0.29918966012527,0.200682608167324,0.271210853131395,0.225645837673231,0.252457652812859,0.30787892512332,0.19826451103814,0.209031109413356,0.391625540758425,0.218575752796059,0.249345827020678,0.239536665983308,0.206366591926908,0.363570710116203,0.26805543113502,0.25377616275082,0.276372226137157,0.236713355650158,0.263247505902176,0.191639477117897,0.283867578521465
TRG_066,0.143504231116146,0.229793858038189,0.170815309965793,0.0998946291903627,0.204137141616287,0.155225199077698,0.203721147132076,0.183891468717749,0.181056229796953,0.167511849378524,0.276970225961978,0.14624130472626,0.212853555175037,0.198398337681748,0.249991239515964,0.217856001030924,0.211929748446548,0.0967288304259221,0.178828731158678,0.161775698104058,0.156954031358871,0.133847597047253,0.161272742994533,0.101374339990166,0.21707975848045,0,0.266848186367821,0.180619913139467,0.177204439574151,0.060166112551944,0.26834075472855,0.152900774014663,0.173355360708178,0.111950233644908,0.147788842037483,0.122276654557975,0.179995591563797,0.275384292948737,0.166092671292578,0.093550726681615,0.145757408943856,0.130628472196565,0.131690474439618,0.124275829316054,0.25266894741738,0.0987843167605797,0.150688640773083,0.174794148223582,0.133074612845085,0.225234397124036,0.184144084624427,0.139185933552874,0.113220203317925,0.114207867683033,0.21482245892009,0.14574448001522,0.191642530647965,0.199920765267412,0.169891866536886,0.206350229571942,0.198192910147183,0.230389716229412,0.102896360048567,0.181236899507092,0.155935313539811,0.14577661936958,0.254449627469889,0.25273036019536,0.19432320591317,0.141640238973568,0.207065548845929,0.146075734983103,0.134382744395769,0.175426147790074,0.0981930808924006,0.111181656504888,0.154619169401604,0.231642650014465,0.19511893437883,0.252765128543136,0.137071650548876,0.137668802010052,0.229273736573881,0.167300523335865,0.175236416890333,0.26535052598397,0.1094491582047,0.286983983248533,0.117325892894243,0.152625692343182,0.0742235100709929,0.10050689222331,0.154567100275331,0.231412025667325,0.130147918410133,0.202704271358203,0.130709414353945
TRG_072,0.127148608364426,0.222536946581168,0.189021070577498,0.263575014563244,0.311966745069438,0.264125888228261,0.213396109377829,0.163802936842587,0.222681665057923,0.234833830208921,0.165739672803205,0.216654953954347,0.142903020611122,0.116197511293198,0.177893340122163,0.251778709266996,0.256922173788773,0.232773729908509,0.2628504046886,0.193422465739423,0.269486937146005,0.175770908718128,0.243522372567685,0.175134892740704,0.175477475855801,0.266848186367821,0,0.273958068495365,0.0988788485752266,0.206514066681114,0.250147569720092,0.134815243077211,0.246118117064411,0.2125959780198,0.214125997590745,0.230866730292989,0.209910123077035,0.165027144811627,0.277287344201842,0.254034148495942,0.269262476677504,0.2303906787653,0.183999170093141,0.182482397755039,0.187632753719215,0.274325214040561,0.217956966457239,0.195320438441034,0.279785357102643,0.334094748994605,0.177263260194361,0.21011260138613,0.214297289437796,0.265000542865701,0.224446234905678,0.176888044447475,0.225735498522674,0.197154930300995,0.201051496059916,0.156687664260867,0.20195505963315,0.267615477877659,0.242821613268689,0.207754707082899,0.141392573880183,0.290749324498742,0.298351995433246,0.106771035500874,0.294816542484466,0.334258147396576,0.138896705387438,0.204204557090527,0.277204621152178,0.188144248227688,0.280718090527656,0.241428892687568,0.265834616171118,0.225039307515429,0.250841151967486,0.0589643651829207,0.237670038031951,0.242127670822877,0.195088787227752,0.262382406741267,0.313720687340226,0.0725373846075685,0.209179781629417,0.227749029388401,0.267857058002256,0.31739585806577,0.28596272697236,0.191620717572225,0.158624161650666,0.0977529663037372,0.172646731716573,0.138474538071772,0.252018373488103
TRG_073,0.215661860788504,0.191189163637822,0.159517138222255,0.270698640401299,0.204084446807239,0.148342442767629,0.115265090119909,0.203696040757333,0.195893663115055,0.152915417598636,0.164596881917715,0.260958722617666,0.234708027257252,0.199206370512429,0.113738098164104,0.121660245377727,0.146039490927665,0.205523925538248,0.213198308070987,0.170136962652798,0.200175566713564,0.212467322245152,0.147561251696887,0.212797436946489,0.214773646576879,0.180619913139467,0.273958068495365,0,0.134305795028231,0.144000273837376,0.22472863850436,0.179741242392638,0.182866688855292,0.168364351033902,0.193193560823424,0.136134998089505,0.144227508588376,0.179910279037045,0.235201382341695,0.251861871981698,0.169397069929629,0.230446798496731,0.154164197210177,0.205190646807543,0.141229169752977,0.262793174951712,0.191593314789531,0.217438142298132,0.220368565549944,0.206069865181018,0.253482762281508,0.240775716909643,0.261138531603141,0.156580940085178,0.147227055676653,0.252691338686314,0.106914054577321,0.206530697939843,0.246099397785516,0.164876850103575,0.193456918464082,0.150881513855385,0.206689156141963,0.0713761447187778,0.161181572897335,0.17566545710065,0.278302443593604,0.235717457078864,0.291671983705887,0.276476541352119,0.157293837867841,0.249343310604608,0.269253792968057,0.304272581120869,0.153927983797619,0.203809864620302,0.239422331382861,0.119675150976827,0.143189451390019,0.269009087757267,0.174994836410395,0.26300371933153,0.242774326288016,0.227849794373958,0.296230513154623,0.236653053352541,0.276952284200442,0.231174884131727,0.187991001691888,0.272128219276438,0.22642754929082,0.222999062643325,0.202046611612346,0.265430114519967,0.18003635393842,0.218580200412933,0.156283448920793
TRG_075,0.100180826889184,0.132251079399875,0.0898556418107903,0.213629836727815,0.139540104615506,0.131259357124405,0.0994934496662139,0.169198489598598,0.185047412971086,0.149005712191676,0.16664887609899,0.198613397146154,0.142281216101879,0.11025747607235,0.179103429410164,0.127344349958576,0.156876844771189,0.226323457900816,0.163253700798933,0.170342186335072,0.180801331249673,0.182955859492144,0.145397678913952,0.213559490496788,0.103625452956428,0.177204439574151,0.0988788485752266,0.134305795028231,0,0.140979865141696,0.199238207882945,0.10453874270856,0.168703639675238,0.168647734285173,0.225605450358263,0.114859815670691,0.165073802099386,0.197560827046589,0.204205133304593,0.207642425867356,0.201321675079264,0.283731058304956,0.173705236679442,0.196519054719627,0.191168451339337,0.235088637593193,0.228026979298163,0.137562037018137,0.239705307850284,0.229038339735093,0.160239363620122,0.201920592570804,0.24146744061832,0.209757265998083,0.159153416040926,0.191869427930846,0.168840819476964,0.223274826024126,0.224651910827806,0.140416470810019,0.115227406801118,0.234378741387053,0.236870772920583,0.153340081576602,0.122036217731261,0.290731573670442,0.277253031129447,0.105592422353702,0.326027464399115,0.244973846136532,0.10625198577672,0.197276618993016,0.285510012151997,0.279508122447971,0.173183685783787,0.221126731677641,0.265533734962066,0.137096703029466,0.207614895085204,0.141442065497078,0.202146185925161,0.22469294833415,0.155611145823337,0.214110810607626,0.306854248974918,0.103350937343226,0.203570247841423,0.202257807274397,0.133640336588911,0.311817230731148,0.198521143948827,0.242259554090019,0.142989687005824,0.160817541771404,0.129991162604674,0.144015819811435,0.166276449517978
TRG_077,0.110962383208811,0.169353995352748,0.127313834285327,0.15680575045813,0.260439374730139,0.248046461417859,0.127521405592468,0.260722293758527,0.101915988006528,0.125916674363397,0.207063564457722,0.115388256340737,0.153946738656033,0.122551365432086,0.234580198181217,0.201812182376941,0.192679960586966,0.0978505016718034,0.169735270609751,0.0857413661009653,0.15221182285471,0.164326486738617,0.111627968485049,0.126396135393151,0.195719160371558,0.060166112551944,0.206514066681114,0.144000273837376,0.140979865141696,0,0.244227488865339,0.131268397042505,0.134255583499051,0.0666222561506546,0.142451606398848,0.0941386456457146,0.190096557940921,0.207774665007433,0.21475908017965,0.109828803165066,0.174254751275425,0.12402359598014,0.0967457020695953,0.0857103412482717,0.16691550625637,0.100667977801075,0.0697598489567235,0.108800462089002,0.176107312749382,0.202271402238036,0.127018414077047,0.193265533953559,0.0760954409229512,0.0965859350602378,0.143353622759527,0.111643823705797,0.110167391437172,0.0978466222609411,0.196191067924349,0.163772540067919,0.156731663579802,0.19653444603616,0.121159588220621,0.107516329605431,0.0879656709962578,0.182868002463135,0.194646064001352,0.193842660957282,0.27976716014928,0.208482519721949,0.0831408609745213,0.128197890458599,0.196279500546217,0.276730955767873,0.0768380004360069,0.080866009644497,0.140636860196352,0.152864793456385,0.157061354875428,0.196256196881208,0.119971167072051,0.183038979461552,0.19995493002751,0.186021563672879,0.213656392203863,0.174029128273178,0.126474296976906,0.291426473814142,0.120365468576891,0.200000596962434,0.0657168551435925,0.116322613945317,0.137325258918709,0.173946635197973,0.0874063674657716,0.129636236603363,0.199032877259105
TRG_083,0.206528733690254,0.15043906566077,0.192561082835662,0.230975090274134,0.190501319821955,0.17683092547641,0.182187489634927,0.246565411243554,0.289759425831568,0.152453647745022,0.114687900296493,0.190616559975397,0.193399596274194,0.224576193696294,0.212504180913746,0.1265621369351,0.178847877782058,0.224191923343403,0.239275771169416,0.200369679390602,0.178072116903871,0.167620619406473,0.277145993354282,0.204480039346457,0.135319357350507,0.26834075472855,0.250147569720092,0.22472863850436,0.199238207882945,0.244227488865339,0,0.153393387314653,0.233134601086309,0.235989688287043,0.15280461304578,0.17592241246905,0.227700360960641,0.166781695809725,0.199411382079468,0.248946721593636,0.218421012218879,0.286613995935772,0.184002839364947,0.213831611765582,0.145127849894898,0.21257060284981,0.277163742189093,0.257876263841096,0.226427939684398,0.1747466671436,0.176538680094615,0.241887135224709,0.272304065698668,0.189389256331157,0.204447489211209,0.196784006236854,0.257867800558355,0.172865118932792,0.210077545970813,0.115897648584798,0.233817722906383,0.182251270354203,0.201359031135381,0.132558433724199,0.226039070465302,0.308982139889744,0.307894780167204,0.187446435534569,0.379420888951983,0.25145138925406,0.253104835099407,0.157190124570318,0.283743805289012,0.269498537960404,0.202263991502203,0.303737272451906,0.282420041220975,0.241290701232212,0.238069455655025,0.237318402602464,0.153634845892898,0.250478436231507,0.183084894071026,0.130225073122821,0.30230482523984,0.215034323988025,0.295460336017956,0.189628111796555,0.255008484338626,0.261125394888544,0.277118714945341,0.284935122371754,0.220255377654567,0.274522054318257,0.214612437704226,0.215503771342438,0.25575572164851
TRG_088,0.082463520776999,0.232987351349588,0.187011013074957,0.151850453707988,0.22647608865194,0.222492338343943,0.159898906270468,0.230918146799375,0.176048064552757,0.160554219550236,0.181980667853852,0.182770921657151,0.147286264772147,0.130395648592802,0.178045264555916,0.205820157984375,0.180300707518829,0.189076906629304,0.154863670865492,0.168172657025423,0.152447854852333,0.152355327625648,0.153215500344763,0.158089317065625,0.149734365554268,0.152900774014663,0.134815243077211,0.179741242392638,0.10453874270856,0.131268397042505,0.153393387314653,0,0.132267922412425,0.0857904115874671,0.197774510444455,0.134327346818695,0.177025928344334,0.247579406888016,0.218660218679706,0.160242074611884,0.140296937342953,0.240434969469559,0.166240813224974,0.174893096068039,0.172278252804927,0.175336056028122,0.197663811019002,0.168289370859248,0.22559447566683,0.203187866842469,0.0654298711793135,0.15708489896204,0.190773953517079,0.159173528767425,0.191944459519666,0.161469260751485,0.173905373699191,0.20000873998161,0.174865423991411,0.111663993164087,0.193096475132408,0.184032355740839,0.177324611683514,0.150281281506301,0.120020857680893,0.239823020560005,0.235452285074044,0.213776986641823,0.30149927350209,0.20266526821184,0.14563986116662,0.13403385236674,0.285584983290577,0.285039685058529,0.138854477147559,0.12234756733302,0.163693423261617,0.2271962046514,0.204803785306233,0.170816582778161,0.158157265944639,0.229877206447339,0.189342416988541,0.191653678317337,0.264249315604277,0.19292649005428,0.106096844664436,0.275864528428769,0.12623853603469,0.231949007054487,0.154581398701587,0.145440626873698,0.166774520004681,0.120320102243503,0.15340811863687,0.0997177379136582,0.228697378900626
TRG_090,0.235524884974299,0.187126512665619,0.254208065430846,0.186471595972166,0.300493691104783,0.229457441334766,0.116558295347019,0.270999396643623,0.250982595479356,0.245401614484285,0.23496183876056,0.228688274798958,0.256726764407937,0.181057021449726,0.130977230593606,0.256126732000254,0.276570434330003,0.194568517039674,0.164080502268491,0.228672123855369,0.10285374887154,0.197283171886651,0.188905171212852,0.119569684503949,0.223884849369253,0.173355360708178,0.246118117064411,0.182866688855292,0.168703639675238,0.134255583499051,0.233134601086309,0.132267922412425,0,0.189773293928239,0.29232400629418,0.127146521270046,0.143090630024357,0.260707271480613,0.293884242945705,0.230358610417762,0.143950020965035,0.27383866229229,0.223055811028034,0.185780875109247,0.193613729171625,0.186955650682355,0.222663562848722,0.255442395813768,0.273969209293378,0.259471130758459,0.169146415584365,0.238620602509199,0.223224228312509,0.192816350094068,0.118987976666091,0.252374471015089,0.224912688242834,0.255950538785074,0.26834858714835,0.251874908063679,0.264569831479236,0.209756734974671,0.267343686328232,0.134099353578002,0.206787175516514,0.276166239667877,0.297676943521263,0.286586130494441,0.370560389802448,0.323976307548879,0.122374926555934,0.163500762404552,0.271459674284339,0.256381686301728,0.131232343192293,0.130478765381305,0.269260065293597,0.204051671414346,0.275296086055792,0.28006684780826,0.191887205172365,0.21990618751829,0.267141577134673,0.265454569386907,0.280678261108611,0.249612722471904,0.166761234328038,0.335526288556997,0.0959857651342467,0.292454330477111,0.157401590380136,0.26529037951075,0.181456302505732,0.229316010517262,0.155030411562664,0.204434072168318,0.300145497559461
TRG_095,0.0772418927512127,0.273965530796187,0.161711309261142,0.10590141578621,0.276296766220765,0.247015468516866,0.209092757550663,0.307583637596161,0.073879153616993,0.143841602688955,0.217148604400971,0.166395545177902,0.170778489379898,0.183743855547017,0.256697510264654,0.260533534135093,0.201944191491998,0.143931603647466,0.232924438372353,0.0804470102560272,0.144547943251568,0.245848910685439,0.109774772541285,0.117593918103447,0.242231729976,0.111950233644908,0.2125959780198,0.168364351033902,0.168647734285173,0.0666222561506546,0.235989688287043,0.0857904115874671,0.189773293928239,0,0.158225634235045,0.175166602797969,0.21505803496378,0.244580406583615,0.193795545294562,0.0877307685156853,0.172148905735875,0.128365755583781,0.109783481940719,0.0686056515571551,0.186836464961307,0.125437308746519,0.0554316549164784,0.115393570806603,0.204018356653603,0.228086213303542,0.105805303342948,0.162062949998466,0.110804666194752,0.132176516651871,0.141841120073008,0.112695308353027,0.0968014121492136,0.0956673496772873,0.188245447756328,0.147635377428152,0.194186304264939,0.177008923142596,0.114078748135789,0.118358843184666,0.086487610976883,0.21454551068259,0.204114810253299,0.235702317181335,0.273440647157236,0.134586996467257,0.13647829226566,0.10278047543315,0.252581982980787,0.24993463799558,0.0653359596618058,0.067047408358655,0.14479108222518,0.240808392824024,0.100545789550755,0.23764849252771,0.153891994206757,0.209243403044836,0.207189721112258,0.15925034693765,0.24804719584317,0.237423173926373,0.125876282420326,0.349205941507817,0.152571928078071,0.218196381301856,0.0778673649153131,0.0962446844905355,0.172420296805659,0.15044358441747,0.100389245808584,0.126097192082363,0.201123846234288
TRG_101,0.124932399387678,0.129752470551574,0.25153592498785,0.0916160781346494,0.32428952685712,0.221317876161201,0.290358279703768,0.175986485300796,0.185259200153055,0.20233204843185,0.176659553675676,0.0619720109601493,0.128541978863089,0.197170292435223,0.270936016419539,0.240185316003248,0.224121565241084,0.0697543058907293,0.273469866775573,0.11534609093247,0.211987568168008,0.204206403165679,0.246774275431097,0.212244023922455,0.255031501635044,0.147788842037483,0.214125997590745,0.193193560823424,0.225605450358263,0.142451606398848,0.15280461304578,0.197774510444455,0.29232400629418,0.158225634235045,0,0.197526975749138,0.282577608709348,0.147373674763624,0.113671152199143,0.130512543854702,0.277878839897712,0.215383936415396,0.187772520479167,0.133490265545575,0.204022774760567,0.0685969176192233,0.163365217465646,0.161906340124029,0.0791312977335697,0.313534331714714,0.196494683790198,0.135802863847546,0.160354821136687,0.17529167828386,0.19347754837041,0.127101805215693,0.221371813706628,0.13063153842902,0.0857639384175427,0.169712036461077,0.191795210243872,0.238478071834558,0.065158706833488,0.233899070777412,0.168132071936574,0.203760638935556,0.258835453953175,0.185043267406883,0.157522028210982,0.0657768664839535,0.243727748856955,0.111670824283121,0.131469802546395,0.190892418804016,0.129831214536641,0.186392444146589,0.234286640392438,0.285076701596927,0.212657677465598,0.209027618017225,0.0621710118864103,0.125008075799608,0.113365267950115,0.0499033879036768,0.11228033947628,0.212991810618724,0.097435186386131,0.195292914743208,0.226346992759252,0.0920702908083375,0.185828088779555,0.183933259580595,0.126360598156432,0.194494602683071,0.146184615431404,0.151226293412682,0.12663629070798
TRG_001,0.132574478333431,0.124691677825096,0.140509156965207,0.192067187799055,0.202718260404967,0.155687954246809,0.0678542409558013,0.221017488969268,0.215859284733654,0.150599636731549,0.164355100958862,0.203985431519175,0.17988219149617,0.108107412110661,0.174817027303035,0.19374811742653,0.178043208604849,0.144015733106274,0.114944135327399,0.162537126429457,0.142737181804539,0.151842790463629,0.188864921814304,0.178181066735534,0.105193983738684,0.122276654557975,0.230866730292989,0.136134998089505,0.114859815670691,0.0941386456457146,0.17592241246905,0.134327346818695,0.127146521270046,0.175166602797969,0.197526975749138,0,0.172919947303201,0.186375826908384,0.13729756610459,0.22626164565228,0.185462272969167,0.174750143907548,0.149235410086924,0.174701781484107,0.152328600134893,0.198000439648779,0.189580112734088,0.179628449251136,0.257504403636789,0.169216228772157,0.165069460028564,0.131028937241978,0.180959641685647,0.11995068939775,0.206525987615438,0.19249778335787,0.176381293462404,0.171827086207636,0.176579270427322,0.12970760236317,0.144429208890302,0.221893968695157,0.229244142569164,0.142399842743027,0.137361171453737,0.275496718400825,0.228546583520944,0.177424656608305,0.31802327340909,0.193261820375862,0.151972952362982,0.155789347064868,0.270081107931003,0.234303655010838,0.148270288752755,0.188015884214207,0.247719155699316,0.131522943332354,0.204142400089878,0.198862600240519,0.152866371837508,0.229133526931048,0.232386889668311,0.202844166076529,0.270937133884013,0.224633195338066,0.15878564428063,0.239233628441567,0.0713166836942259,0.29051576554181,0.167484284780648,0.205493552426903,0.16364724460079,0.234332071251266,0.166162019884183,0.189460664163195,0.184122573846453
TRG_002,0.219593954385361,0.269248399078282,0.249940188024172,0.209477326078866,0.231554808525711,0.244656424937065,0.248448895173173,0.199365588186503,0.224912561171192,0.164985177611534,0.245981502133524,0.224096127482981,0.20015196059965,0.242920749664268,0.16004272588122,0.200612741714173,0.158372943140037,0.159230359082582,0.172521255170357,0.269490858241612,0.148844069920045,0.136463611567342,0.111636745216615,0.147062290591331,0.197028221708189,0.179995591563797,0.209910123077035,0.144227508588376,0.165073802099386,0.190096557940921,0.227700360960641,0.177025928344334,0.143090630024357,0.21505803496378,0.282577608709348,0.172919947303201,0,0.227186624827386,0.2558229636707,0.16509324110596,0.114149866202686,0.162113669654916,0.12368778205703,0.176884756254111,0.227384788338471,0.187111465290352,0.216198844657971,0.241896768370317,0.219128924416065,0.197484355072837,0.303996216001955,0.227625632043932,0.202415773048986,0.241884310604719,0.165269397676784,0.199069933306883,0.196988629393415,0.238917487315521,0.238435408426401,0.251028552791608,0.282252529788007,0.163227641646366,0.219660559494905,0.122226485028857,0.252180222281414,0.280782979853791,0.208916864327238,0.194230123371277,0.298881278421138,0.311472269406352,0.262902673278017,0.154025431961676,0.211523259104287,0.164076911987697,0.161574251130109,0.188751034750487,0.211497323505393,0.249854131483494,0.219578631857759,0.243905295580238,0.175060974021913,0.190734863663642,0.278070047448089,0.231931425355535,0.24157676217075,0.24999406034466,0.196772510983726,0.227609506864001,0.154470972534054,0.247424783710777,0.184993568998488,0.250977132752373,0.22299355191255,0.257588096125799,0.203057257374021,0.271279803468424,0.221932152239153
TRG_008,0.174552255026298,0.184409635388465,0.193036369644243,0.24349276881174,0.293765876049622,0.089931091138574,0.139961844997442,0.108471607042156,0.198572369781769,0.212426824485559,0.110161443583253,0.152987965732943,0.169656885612998,0.0974678896737929,0.200181442679508,0.224299366484548,0.189597309988413,0.240321315223192,0.233104116523069,0.109049884152428,0.263838808245948,0.248315699011573,0.242377643802704,0.228363575495531,0.203867125731248,0.275384292948737,0.165027144811627,0.179910279037045,0.197560827046589,0.207774665007433,0.166781695809725,0.247579406888016,0.260707271480613,0.244580406583615,0.147373674763624,0.186375826908384,0.227186624827386,0,0.165699856517647,0.311647095628009,0.165059387772229,0.294268405268509,0.200688671377036,0.188789348421325,0.0652431210891519,0.233785779649528,0.186043193599898,0.227918050881027,0.227124359942253,0.291292866295137,0.232143348913553,0.245068740580854,0.266518157265712,0.19943241287844,0.141657413975884,0.200037505993495,0.18230798236423,0.134681049128264,0.211526498370204,0.136927906582129,0.126494667962108,0.152320848833024,0.241578335189294,0.142255573882664,0.137129779259476,0.235436288960194,0.266410162188571,0.159808523167088,0.273093140902938,0.276789437823309,0.138444786852924,0.201764294099753,0.280640066740952,0.230472340437903,0.186020820308778,0.261965040084545,0.310051806189099,0.0929060007206104,0.249706368613975,0.156422677435506,0.209252350308095,0.203977458070683,0.0539870415671956,0.172618572108225,0.282653572366212,0.139987872780856,0.245670432220682,0.165042621564127,0.250165585360902,0.300944799884054,0.24017881727948,0.276208490576157,0.0955401518760511,0.273322161563873,0.165363581637882,0.178175829302183,0.214037037189594
TRG_009,0.17873726603063,0.126510047297282,0.170555650627831,0.138104779680914,0.33379242066437,0.23481349431175,0.19339402347109,0.117129179369569,0.166999219689722,0.222380806805635,0.21033909416098,0.17349722229999,0.157075762734083,0.148589860944139,0.220434202708784,0.238136100234703,0.215450088424031,0.121742027351642,0.162699496158104,0.182008897264426,0.295709933591246,0.177212691817799,0.182746893259672,0.23209211107073,0.260969852720988,0.166092671292578,0.277287344201842,0.235201382341695,0.204205133304593,0.21475908017965,0.199411382079468,0.218660218679706,0.293884242945705,0.193795545294562,0.113671152199143,0.13729756610459,0.2558229636707,0.165699856517647,0,0.247305033593269,0.211420806776101,0.262457005572999,0.230279210672436,0.230508254525719,0.180994915146359,0.165534083027619,0.214768001313188,0.205929729242107,0.173510992238867,0.295474160952006,0.285933878659652,0.0879012944655048,0.255963375992458,0.236798765852456,0.173936607874201,0.190450746008642,0.232247856298355,0.209330338566327,0.0983236649822823,0.216786468879243,0.187528681115459,0.150632895420014,0.188859251349334,0.208197209664138,0.203835633534609,0.191449922354652,0.274266056759395,0.175008510766498,0.198055175813741,0.103323815549566,0.209922453470097,0.220340867013785,0.185466541902789,0.134448058024685,0.156017404171459,0.220493124335376,0.269040829831277,0.161494540517707,0.285547747584573,0.195684500806883,0.108247881299281,0.145004296092347,0.118020890103789,0.140332973636688,0.157715652990098,0.233373576391238,0.165643932489194,0.215728129507918,0.193552507391847,0.18130028858686,0.23504710415076,0.219998617132797,0.132318102955786,0.203001593326398,0.208046300624658,0.185713681474655,0.0875127119683879
TRG_012,0.125264346257871,0.24856148080373,0.173322838938626,0.0980367634757284,0.264589203096992,0.219934190512443,0.308904913796136,0.243446108550699,0.0981078266031918,0.205756898782379,0.289926575031084,0.0967879446517587,0.175526088973288,0.241344415093666,0.246603091126403,0.216864890112228,0.181924178814932,0.0723710942093985,0.296068577055427,0.172790567245785,0.174992671504723,0.160798032619785,0.127745693831484,0.136161889974587,0.264649182825031,0.093550726681615,0.254034148495942,0.251861871981698,0.207642425867356,0.109828803165066,0.248946721593636,0.160242074611884,0.230358610417762,0.0877307685156853,0.130512543854702,0.22626164565228,0.16509324110596,0.311647095628009,0.247305033593269,0,0.155302863683186,0.118710136889083,0.0982630473175128,0.113169675656619,0.263099764503722,0.0655982835817636,0.120510247952332,0.0983323220301026,0.0834693631037081,0.228775611555753,0.197991909048166,0.157417205295019,0.0930698408607284,0.1969044277074,0.246493833533787,0.0809445667943131,0.148990660224268,0.195279116707255,0.143490396207217,0.23267856752625,0.198405386057547,0.31142839760413,0.0263097930199955,0.202694585811527,0.142787472633051,0.215992307574267,0.309105604742854,0.198344930838493,0.167467485744118,0.133633159811209,0.229833464174261,0.0947150049083034,0.102599010505376,0.1769966014031,0.130544652820507,0.0804422605529297,0.128944937789008,0.352215230706332,0.182558890514032,0.258927977039677,0.130475674988848,0.117219393203588,0.198468351535315,0.101392740342809,0.11806093996598,0.314166174035909,0.0771471486166758,0.242919852436661,0.173312927226458,0.0898034855456572,0.0689426658516493,0.108332905894191,0.218314465311569,0.203050849574634,0.126800167938631,0.182931866568323,0.183181114656322
TRG_015,0.188993607439985,0.210687912034317,0.2233538255169,0.20468399881,0.184497579101619,0.138789829008136,0.205441559410518,0.160006720369984,0.271786277075098,0.11179387705037,0.228137039712144,0.260444615329595,0.201289104273546,0.231488109371547,0.23013054458642,0.161953800606741,0.159133316479969,0.182473853874544,0.116083994199663,0.185318226047893,0.202809830678187,0.141425200293017,0.196057064196988,0.110473727155698,0.207211652102988,0.145757408943856,0.269262476677504,0.169397069929629,0.201321675079264,0.174254751275425,0.218421012218879,0.140296937342953,0.143950020965035,0.172148905735875,0.277878839897712,0.185462272969167,0.114149866202686,0.165059387772229,0.211420806776101,0.155302863683186,0,0.201576754929798,0.16234393560892,0.204782056173658,0.219686372806065,0.198054030425635,0.231631550994007,0.279793160336327,0.17698592009441,0.104689090764922,0.260185196745898,0.22632001441274,0.241389859097327,0.265910765366372,0.267598692523303,0.195562414779007,0.262246158625411,0.242347470126028,0.255351540617012,0.196677829629549,0.150690383965315,0.0856932112665785,0.200589269427481,0.162011149491741,0.257679143907313,0.281064769180925,0.16944657796327,0.203255945267331,0.292844615775323,0.272028167287066,0.205272677497564,0.202865317283189,0.184987483683647,0.193558689131898,0.14086982704528,0.171014352157959,0.2063774071714,0.196140459336652,0.24875289368197,0.305165513157834,0.199456287995726,0.15495284197306,0.202474840007059,0.24382005447761,0.247007359147387,0.269574963969354,0.192657270343297,0.18607794575287,0.188495268635374,0.240737769096496,0.140467736531006,0.233752474353543,0.252248548803527,0.304231671333687,0.231460678047442,0.256241228112409,0.215590463130641
TRG_028,0.196100970287232,0.276658214480795,0.288360622871131,0.193987536284948,0.288630855949844,0.26224279321311,0.279019970714959,0.262989341571741,0.155971171196589,0.215117068066861,0.236501683528392,0.174962009491287,0.202442422901805,0.273851892994518,0.226909740964007,0.312525893994551,0.222060007882535,0.0811085719842105,0.289554780658168,0.149656165352631,0.217007787368337,0.180846271589873,0.167134892325924,0.162563762098334,0.290805381642747,0.130628472196565,0.2303906787653,0.230446798496731,0.283731058304956,0.12402359598014,0.286613995935772,0.240434969469559,0.27383866229229,0.128365755583781,0.215383936415396,0.174750143907548,0.162113669654916,0.294268405268509,0.262457005572999,0.118710136889083,0.201576754929798,0,0.0819154694996698,0.0819604331066892,0.226942936693236,0.129817465048906,0.0901159520682421,0.198295837024823,0.148590099277871,0.173311919938296,0.227803009928075,0.138062202566414,0.0584046567499934,0.155123412158678,0.240852996492634,0.118787645493758,0.156441562091287,0.102115053225978,0.17001103236049,0.215995681085391,0.235158142140419,0.28809127355998,0.128116988299175,0.161368408954542,0.169925727572145,0.275953891591378,0.308343689766468,0.205599592267448,0.161774416028696,0.19874662937364,0.294823329991386,0.128268127194785,0.145236807467261,0.238552844428026,0.151605397182433,0.166604595658112,0.141520295178706,0.313986199054673,0.139406768839494,0.178502011906396,0.160861840764732,0.149626539682007,0.283264424858514,0.235942218603037,0.163428564012413,0.289003634286831,0.158786535976308,0.297402066091521,0.156161774852767,0.155993114005384,0.104790113880835,0.206381978348732,0.247087405288193,0.207982427682536,0.190340873022818,0.200617397472322,0.189135570329784
TRG_029,0.132566558365028,0.215588100723764,0.175919799924392,0.19368038286016,0.233530288477588,0.198095638957927,0.228852376674769,0.243291442916042,0.112850308353469,0.170321618651487,0.157379825909517,0.128936973169153,0.12401576609103,0.181311382769466,0.138958726387557,0.213205203724177,0.0906515217505888,0.117712105666817,0.247045589292128,0.146350771156568,0.217494992367513,0.201424003830732,0.138203039777506,0.213635183448843,0.178894378386844,0.131690474439618,0.183999170093141,0.154164197210177,0.173705236679442,0.0967457020695953,0.184002839364947,0.166240813224974,0.223055811028034,0.109783481940719,0.187772520479167,0.149235410086924,0.12368778205703,0.200688671377036,0.230279210672436,0.0982630473175128,0.16234393560892,0.0819154694996698,0,0.115853293381268,0.154961712916421,0.127883550286829,0.0763615034106828,0.132993006913112,0.171991299621861,0.133365563359622,0.198366532216285,0.184041770489276,0.0815713210250061,0.120561786237686,0.183877947121625,0.0886237482685099,0.1028458981725,0.113320734754696,0.153023449235604,0.135773596945133,0.217219974618315,0.208481728215517,0.146247575817014,0.0957379974545839,0.13533892561041,0.262035049978867,0.258025634940989,0.125867465843033,0.251806341403894,0.204653024427581,0.20678928012867,0.121012777449317,0.200410508061398,0.265533958426599,0.12606730788926,0.146648935720179,0.21201790069298,0.232661736352446,0.136294396110832,0.176193387013797,0.171540597748882,0.184648517741628,0.20184380383512,0.182441070838247,0.195918672528615,0.231033836355225,0.163251594465897,0.297910841642144,0.161458203393402,0.196636312922835,0.119298469852601,0.154120484624027,0.171237985092949,0.221457326419889,0.165610922758353,0.173846210059851,0.213390662802523
TRG_030,0.140505115126934,0.31680399278971,0.211396425029466,0.0806883982971701,0.303605203870273,0.251723397112939,0.19808270426639,0.292985428258803,0.098479914497462,0.202479551386673,0.158821492359054,0.163653471674923,0.180110489234491,0.188862944669292,0.221109209597937,0.289353191389777,0.250635172321884,0.111902887288862,0.268893136442964,0.0557495261312537,0.10211975431619,0.23020852711094,0.115171243876539,0.111952110504029,0.290969667416809,0.124275829316054,0.182482397755039,0.205190646807543,0.196519054719627,0.0857103412482717,0.213831611765582,0.174893096068039,0.185780875109247,0.0686056515571551,0.133490265545575,0.174701781484107,0.176884756254111,0.188789348421325,0.230508254525719,0.113169675656619,0.204782056173658,0.0819604331066892,0.115853293381268,0,0.136515721734649,0.140463638799791,0.0652389430020976,0.143846117365577,0.208453094188516,0.272097616734357,0.139042868728958,0.180139051611408,0.084735880952126,0.097250184905517,0.114146177674262,0.115149641527616,0.107044952250671,0.0687276489908681,0.218484140714707,0.156178712455077,0.180154258272396,0.202120046584704,0.136535471765288,0.0966837267437274,0.0954468103870809,0.231298968605417,0.201087736319335,0.198015668808203,0.245854254302658,0.171362442854265,0.170236358489227,0.0536688800482068,0.217003935115767,0.263357232211375,0.0634225339164912,0.100551941801095,0.0853075253248528,0.218149903352463,0.0862997405872282,0.137267681592291,0.161157856620586,0.209556144124219,0.198278286695942,0.140336147641431,0.199889588819501,0.206661449196116,0.134915106901062,0.337988187856248,0.159543240190224,0.198535012105606,0.074847655061863,0.116478764371689,0.117513941869417,0.169339283709038,0.0899727605933048,0.181896884595375,0.237252545557853
TRG_031,0.186756596744382,0.206692749922185,0.18500987396068,0.237313841870981,0.297952828730721,0.14965734287977,0.111667618572771,0.130404597420143,0.137227861352625,0.218936926153039,0.0539716043550382,0.185905161802002,0.241128476975128,0.0906171031876303,0.192190448950617,0.215577780105667,0.215524422176789,0.249905638396865,0.236692362019313,0.0910143918651941,0.201645406063226,0.192411353050161,0.223426097024212,0.252351792571702,0.200295483510362,0.25266894741738,0.187632753719215,0.141229169752977,0.191168451339337,0.16691550625637,0.145127849894898,0.172278252804927,0.193613729171625,0.186836464961307,0.204022774760567,0.152328600134893,0.227384788338471,0.0652431210891519,0.180994915146359,0.263099764503722,0.219686372806065,0.226942936693236,0.154961712916421,0.136515721734649,0,0.251555587975503,0.161396625804916,0.159859113273628,0.223736148974367,0.295361250305701,0.12997492899198,0.216202185011201,0.178409028169711,0.114726006525596,0.124443284369453,0.186068338604714,0.0977962941643052,0.117100914210393,0.20249149876955,0.0853142533325367,0.144639130560383,0.140506803522008,0.249661677603803,0.0803484679489191,0.0740704308254623,0.246756511430698,0.285427779768276,0.147373526976398,0.266563160324529,0.306897471216756,0.143936713695971,0.15489797113842,0.249278212871744,0.214178162003171,0.173171127728904,0.176150559817478,0.310770677524628,0.085512634192645,0.169439616059541,0.148014161544672,0.22425476252196,0.236117202138346,0.117445267761377,0.203087559011711,0.264530943522428,0.157754690631624,0.245975656804293,0.144086648101215,0.160442502702878,0.260013701452473,0.201769417724305,0.191650302036058,0.118521859285022,0.246664825221528,0.154925345569591,0.161920400622064,0.210496207985536
TRG_048,0.141486983419056,0.148047955473481,0.192265313667614,0.0637960569168659,0.328209240708624,0.230014024126012,0.268083768931182,0.167009503319133,0.118965874517207,0.162471370715363,0.221766661518904,0.0264012353149279,0.231675757760501,0.201643237393032,0.23674671235377,0.224782838155063,0.259678223360713,0.0319995036463533,0.28359984056483,0.169304471813016,0.15689493147218,0.125923102697845,0.130852131148492,0.11218678485604,0.2969861214951,0.0987843167605797,0.274325214040561,0.262793174951712,0.235088637593193,0.100667977801075,0.21257060284981,0.175336056028122,0.186955650682355,0.125437308746519,0.0685969176192233,0.198000439648779,0.187111465290352,0.233785779649528,0.165534083027619,0.0655982835817636,0.198054030425635,0.129817465048906,0.127883550286829,0.140463638799791,0.251555587975503,0,0.12295797127634,0.109716136476068,0.0502339246255578,0.286413561819338,0.181611472806316,0.106277611500213,0.0824716653130882,0.201830004246995,0.207351840950366,0.139432818330792,0.157618099440629,0.2348771597737,0.0717083616051938,0.2061715689063,0.206395261346789,0.306875915438021,0.0540268948250361,0.224237375002875,0.143772871647306,0.216426129789124,0.260595617904949,0.187520084081854,0.105079084260489,0.0790259114177848,0.189570035401393,0.098492139973139,0.0683682462823271,0.136135061355866,0.139254259415021,0.0817992183008012,0.138890551628097,0.272340514252227,0.234527700621638,0.221703373580089,0.0601217350317372,0.0494448987645404,0.141275262944662,0.0692325037323681,0.0571872983087198,0.262155900803236,0.0648000839028681,0.183606833890141,0.130208398703106,0.0441639656673152,0.0961342270219436,0.184005495858129,0.151495638003678,0.155550502432582,0.0838819040093067,0.153590164417854,0.14079795177575
TRG_049,0.129440784864888,0.269465290584884,0.152794351755462,0.152734995846126,0.345059129724687,0.266538270022611,0.223868171851723,0.307129733252288,0.0694945631052241,0.151130882010608,0.209206312694311,0.132859847849432,0.132265659104945,0.180614272010462,0.243089131366968,0.251663272016931,0.222726880181403,0.132906274444908,0.245839612238187,0.0706359650605153,0.221807412459752,0.23714429488756,0.107734377038682,0.179079660150451,0.276186018027519,0.150688640773083,0.217956966457239,0.191593314789531,0.228026979298163,0.0697598489567235,0.277163742189093,0.197663811019002,0.222663562848722,0.0554316549164784,0.163365217465646,0.189580112734088,0.216198844657971,0.186043193599898,0.214768001313188,0.120510247952332,0.231631550994007,0.0901159520682421,0.0763615034106828,0.0652389430020976,0.161396625804916,0.12295797127634,0,0.123463652723603,0.200442794073808,0.233909552450658,0.181255626963852,0.221615706636223,0.0864472123798472,0.140260048801818,0.140113016423583,0.112360807114017,0.0798981598469539,0.0634685574397785,0.209193107869046,0.183787875463934,0.206352004090711,0.187727619536577,0.151881932834555,0.117089371107641,0.098987397215383,0.265820387156272,0.24543436951894,0.219726072565628,0.273955577205358,0.193483964798748,0.137741372890415,0.137823017316935,0.249320563140527,0.322515417805569,0.0826422326644535,0.0929911470455179,0.127384602500531,0.222955845073987,0.10738909125773,0.200851893447279,0.183436721387011,0.216905616391359,0.195288015977073,0.178255032511667,0.228739827573491,0.252594154763783,0.195071126603973,0.32757607711184,0.173447446966087,0.215964765411287,0.0811342314010307,0.142623595764365,0.132067050855665,0.222997998252628,0.100310919978401,0.180052583231387,0.294232749244393
TRG_050,0.100977244950683,0.257624544846403,0.060963561826433,0.18155909070668,0.214337159491958,0.198288046984537,0.211481764919929,0.181616337286359,0.0378017106155849,0.202018552532105,0.200446056506129,0.0847496722248996,0.16671474301546,0.164868487563468,0.280299981656178,0.195412055202619,0.208205640799187,0.151446299123726,0.254527960900503,0.108987853465506,0.183047890721365,0.200094991956374,0.116890957154945,0.230646373768275,0.22582614333113,0.174794148223582,0.195320438441034,0.217438142298132,0.137562037018137,0.108800462089002,0.257876263841096,0.168289370859248,0.255442395813768,0.115393570806603,0.161906340124029,0.179628449251136,0.241896768370317,0.227918050881027,0.205929729242107,0.0983323220301026,0.279793160336327,0.198295837024823,0.132993006913112,0.143846117365577,0.159859113273628,0.109716136476068,0.123463652723603,0,0.221126381281441,0.326625076672596,0.154210112407412,0.168051529042906,0.0966327177639651,0.158034708462098,0.169573250623572,0.0880093618779449,0.108018498740062,0.16975870800807,0.204174536059376,0.137189305304431,0.0923694507217943,0.226084042817686,0.110581226605475,0.185841828301101,0.0725292518959245,0.283606116545002,0.247502869708908,0.152978304524586,0.300659137868416,0.231088654244881,0.160158166969931,0.153719178462662,0.268114913627109,0.232319680685508,0.178358465960089,0.100925060707712,0.216815878113433,0.235600691845268,0.178837469689161,0.167354962184941,0.180877861361614,0.246984368978081,0.177609744259337,0.148436556206924,0.238612835641677,0.187605491783545,0.133036028637049,0.224685217238988,0.191533844046637,0.211832636809155,0.132695459727194,0.174360641652566,0.124296396210323,0.193450480280576,0.122300087002288,0.133125377679466,0.233270312239479
TRG_052,0.188791387577018,0.158427868992359,0.275781818439732,0.0817929850513771,0.350783948776642,0.180547797623627,0.266803187683794,0.0948192380409986,0.225708466476529,0.216249603066287,0.19235505091276,0.0923197640071169,0.246674053963614,0.278292436854674,0.254973045849414,0.234598215389227,0.273383490600346,0.050829413112221,0.283463366011161,0.249896481941716,0.21540882935676,0.137245419664059,0.215410581811578,0.147153605703567,0.318556081726282,0.133074612845085,0.279785357102643,0.220368565549944,0.239705307850284,0.176107312749382,0.226427939684398,0.22559447566683,0.273969209293378,0.204018356653603,0.0791312977335697,0.257504403636789,0.219128924416065,0.227124359942253,0.173510992238867,0.0834693631037081,0.17698592009441,0.148590099277871,0.171991299621861,0.208453094188516,0.223736148974367,0.0502339246255578,0.200442794073808,0.221126381281441,0,0.259969173691477,0.255066685929738,0.121984465925693,0.141274116190468,0.256412605291189,0.293776256477506,0.164447705062322,0.217745103757375,0.274055457787835,0.0648420724546336,0.25313957387428,0.177642570357618,0.345518793146485,0.066491783448522,0.330640980370212,0.269968767920025,0.207205011941998,0.317544174019769,0.242576135799548,0.0516388438699114,0.0744720874378713,0.319735100519049,0.126171818178218,0.0261860195629779,0.105596823451445,0.164279748413347,0.161104190051224,0.148430774610343,0.252548959649262,0.287805522898335,0.299010502232941,0.0734861041650584,0.0361226605745731,0.219102626529331,0.0736119948768655,0.0396301751033895,0.269503249653725,0.112575939718396,0.104653256550752,0.212390399682384,0.0168875395924944,0.132783395784055,0.199768312949094,0.240879111016424,0.198382638443668,0.193022050241293,0.208281495247527,0.102431404938863
TRG_056,0.215421827512048,0.23479205390892,0.282574692050362,0.335082362082837,0.137976358551038,0.24068152026828,0.228938435597402,0.241448830842626,0.317886033921805,0.122154661282606,0.202573748455474,0.319754885535828,0.182795932228881,0.254615863941165,0.236396432988767,0.248101147744719,0.144465881524065,0.223428012729968,0.144168161921486,0.260078591062036,0.306283742577152,0.217042741666073,0.308546241298064,0.221798897601515,0.111487089435036,0.225234397124036,0.334094748994605,0.206069865181018,0.229038339735093,0.202271402238036,0.1747466671436,0.203187866842469,0.259471130758459,0.228086213303542,0.313534331714714,0.169216228772157,0.197484355072837,0.291292866295137,0.295474160952006,0.228775611555753,0.104689090764922,0.173311919938296,0.133365563359622,0.272097616734357,0.295361250305701,0.286413561819338,0.233909552450658,0.326625076672596,0.259969173691477,0,0.266007581573169,0.245630515078621,0.217757916059761,0.267207901366876,0.259435095103574,0.189882561240553,0.289474222718822,0.19378528342479,0.266539264458573,0.222263502485826,0.230221530465765,0.122584444810015,0.268205463251481,0.188744828126173,0.288953713391562,0.342545073174176,0.132918872021802,0.264042570902724,0.35995476147365,0.311195504901733,0.207441656421763,0.271878896371756,0.281542262333101,0.298087138036886,0.239888120806669,0.275169616381839,0.345354340530003,0.238085674163194,0.273547278457595,0.316383957290733,0.25499685972901,0.238393961593627,0.301803848854219,0.273230059363769,0.321703586717975,0.235294192377107,0.266304980407256,0.260931794329981,0.217836243114526,0.328868493577829,0.218814595126387,0.314593446625521,0.286580835669207,0.336956571506897,0.268180683918261,0.25508418636521,0.270190238301235
TRG_061,0.123753958920806,0.291248717843012,0.184076432335696,0.204036080913501,0.267717866810893,0.262628699390443,0.142185038474862,0.251425518499772,0.171622949732054,0.233310051965572,0.157905021217231,0.166569960694612,0.225244812426638,0.112359983481784,0.331327627004404,0.271445585423165,0.270616176144122,0.201380967233835,0.274811624473291,0.107502371740868,0.153872683822683,0.203384211380396,0.203821034590369,0.226981962209957,0.196849098200696,0.184144084624427,0.177263260194361,0.253482762281508,0.160239363620122,0.127018414077047,0.176538680094615,0.0654298711793135,0.169146415584365,0.105805303342948,0.196494683790198,0.165069460028564,0.303996216001955,0.232143348913553,0.285933878659652,0.197991909048166,0.260185196745898,0.227803009928075,0.198366532216285,0.139042868728958,0.12997492899198,0.181611472806316,0.181255626963852,0.154210112407412,0.255066685929738,0.266007581573169,0,0.214607805949297,0.141765104248972,0.0977864690571985,0.195853957218497,0.164860166193989,0.181652173733919,0.139428661995361,0.213890061264363,0.106477254727735,0.160182348640839,0.2109112051476,0.16961282112987,0.153641327364027,0.085306498947884,0.232815552963707,0.26618505520416,0.247513756453189,0.317055715522129,0.233535563064572,0.162920558031165,0.122680638039155,0.299137790858753,0.285677316336953,0.144588655065779,0.144470582905369,0.195359007942682,0.192352301015637,0.199614541882365,0.187962317973927,0.190504565398539,0.295304424818538,0.170830606915668,0.183435878456092,0.276265292762869,0.222567816898002,0.135425491927153,0.26852734552307,0.13418241422741,0.22133403155794,0.142343685544977,0.147812617547901,0.193569659555253,0.11410536345433,0.159220761189709,0.0788628487363375,0.300291013716896
TRG_062,0.141067170156404,0.134170950946845,0.206288418918944,0.118998224359237,0.337948326874679,0.208943837066038,0.188877000362307,0.170901577648232,0.144109454117455,0.178097231271593,0.228180500542815,0.121195340054728,0.241565392330417,0.208216857035348,0.197835676352084,0.262876385089864,0.265770862956371,0.0792443308511569,0.240661676267246,0.188768354120314,0.271444514756164,0.126003627313396,0.232801577128616,0.150756650946757,0.28519377964538,0.139185933552874,0.21011260138613,0.240775716909643,0.201920592570804,0.193265533953559,0.241887135224709,0.15708489896204,0.238620602509199,0.162062949998466,0.135802863847546,0.131028937241978,0.227625632043932,0.245068740580854,0.0879012944655048,0.157417205295019,0.22632001441274,0.138062202566414,0.184041770489276,0.180139051611408,0.216202185011201,0.106277611500213,0.221615706636223,0.168051529042906,0.121984465925693,0.245630515078621,0.214607805949297,0,0.142822999267492,0.258669743368655,0.245340396498682,0.149574650356125,0.204273041354296,0.240801233528972,0.0520675146664201,0.200178443827009,0.140383068836139,0.239885502565347,0.136492795050277,0.260703501280334,0.178718669361905,0.202940496704577,0.27810016225587,0.180146240460747,0.0994254293939227,0.0937772993326247,0.254614166553735,0.179104290820547,0.1416056629378,0.144055052699808,0.195652618511492,0.176749699025607,0.198326610491515,0.21976467852726,0.249677107115269,0.177484611280619,0.109232065393089,0.0882995044007555,0.173823690443769,0.159948689098765,0.0988610905445745,0.293445478422466,0.14158484774985,0.207452824424128,0.126320822377443,0.115357525790598,0.162419065043978,0.139296817809361,0.201774453384412,0.140812488981231,0.165924210526117,0.168768791242134,0.125936683875963
TRG_071,0.146327958077163,0.274518029647941,0.209091356590605,0.153561359480157,0.346761263250151,0.306122939611489,0.259368931768877,0.284613934880758,0.0964140519842617,0.251070235580577,0.20591007985583,0.103672634949088,0.198271578230557,0.185502723096551,0.236957701349855,0.331378209528053,0.240954643578485,0.0696743165267533,0.275057161883386,0.138420289649843,0.204159048886939,0.224003997208854,0.151347982525777,0.173502329263514,0.277355988717732,0.113220203317925,0.214297289437796,0.261138531603141,0.24146744061832,0.0760954409229512,0.272304065698668,0.190773953517079,0.223224228312509,0.110804666194752,0.160354821136687,0.180959641685647,0.202415773048986,0.266518157265712,0.255963375992458,0.0930698408607284,0.241389859097327,0.0584046567499934,0.0815713210250061,0.084735880952126,0.178409028169711,0.0824716653130882,0.0864472123798472,0.0966327177639651,0.141274116190468,0.217757916059761,0.141765104248972,0.142822999267492,0,0.133961708621222,0.191034964676606,0.0826123145228386,0.153577194180022,0.104181330007334,0.141934042572407,0.176659031056548,0.232231151519058,0.26503232138908,0.0996923715094681,0.160680827291012,0.109640689196989,0.206865660505089,0.278697805895908,0.157011004867724,0.170080329447469,0.158511648134229,0.213598243906898,0.0982623157391701,0.153437953922745,0.269720344654789,0.155150712109765,0.113659444014142,0.175684091421103,0.254582633165399,0.20245281832883,0.15913837732349,0.128530971714465,0.144755473466051,0.232315812952274,0.194199729962029,0.135329120970126,0.254595712208349,0.105702271949053,0.31974495095832,0.134133629304018,0.128404978567633,0.0857299859408723,0.169728047341408,0.166101021921221,0.152105024006394,0.140132029803671,0.198001462549705,0.186177508830698
TRG_076,0.184761480105742,0.286419900501215,0.164583520239184,0.20196388277459,0.250965501102737,0.227014315312673,0.127556927323098,0.250701285470314,0.190048488506305,0.233012307750923,0.101943792891398,0.171026863134852,0.236173476595227,0.132325119895617,0.292102211833826,0.256974778976583,0.231183326163155,0.19264678498272,0.230760538733202,0.0979435628589883,0.134114464750973,0.269285926569272,0.233349961481278,0.242784109372361,0.214293276835223,0.114207867683033,0.265000542865701,0.156580940085178,0.209757265998083,0.0965859350602378,0.189389256331157,0.159173528767425,0.192816350094068,0.132176516651871,0.17529167828386,0.11995068939775,0.241884310604719,0.19943241287844,0.236798765852456,0.1969044277074,0.265910765366372,0.155123412158678,0.120561786237686,0.097250184905517,0.114726006525596,0.201830004246995,0.140260048801818,0.158034708462098,0.256412605291189,0.267207901366876,0.0977864690571985,0.258669743368655,0.133961708621222,0,0.182693353912139,0.194853852034836,0.118661105737848,0.130165711568552,0.235807877823453,0.104592902784502,0.178085806455901,0.236504848126981,0.209410360338756,0.112304944838273,0.0954233934212763,0.199167621374404,0.275564993178814,0.199667449844958,0.347578936837783,0.253608240683706,0.207156722768482,0.123956071220475,0.314878180060558,0.302979338441271,0.108253096509476,0.181286882945382,0.268033952113552,0.142901168696074,0.100797145672895,0.180591570248009,0.233703013393285,0.319991982954584,0.207244190161036,0.157137961033753,0.315303734434136,0.201919739450159,0.181804376887233,0.231817377095562,0.158582082098731,0.252500618054503,0.154591896439486,0.0979587667014398,0.171939229162621,0.214490316126343,0.171471564572886,0.141825122535836,0.295299851355638
TRG_079,0.219870576999908,0.292279553808453,0.166788055727701,0.109436756526809,0.376322570413624,0.208376215903317,0.179618007461457,0.241375796984457,0.128136562543349,0.230745292513959,0.149884188525247,0.229027203470735,0.226714417111658,0.200369577146424,0.136075435527788,0.25418629781807,0.254234549426472,0.22086654249094,0.252022433318076,0.147441774977994,0.108051160738688,0.247356713055556,0.08382787032506,0.154371651369031,0.264712367356209,0.21482245892009,0.224446234905678,0.147227055676653,0.159153416040926,0.143353622759527,0.204447489211209,0.191944459519666,0.118987976666091,0.141841120073008,0.19347754837041,0.206525987615438,0.165269397676784,0.141657413975884,0.173936607874201,0.246493833533787,0.267598692523303,0.240852996492634,0.183877947121625,0.114146177674262,0.124443284369453,0.207351840950366,0.140113016423583,0.169573250623572,0.293776256477506,0.259435095103574,0.195853957218497,0.245340396498682,0.191034964676606,0.182693353912139,0,0.18280239873913,0.162370649161182,0.163891486755899,0.23766338783286,0.195477296278797,0.25222586302948,0.12863645890212,0.230012129554645,0.0889529059119957,0.157905896881062,0.20469370980761,0.25328160189964,0.261932434621925,0.375851344650356,0.240919337794173,0.131778282074582,0.11027742062788,0.318164561143147,0.22855019715258,0.102571817825178,0.134753527475441,0.206454256553197,0.163211283772973,0.216110345159005,0.223657607909377,0.172705260043853,0.289702890843229,0.166962796205472,0.19354860205933,0.313439109534276,0.197824770836898,0.196570383267279,0.286375759356495,0.175306021830101,0.288611444071189,0.161980142470747,0.252972905761674,0.0488421502477588,0.251048364827459,0.137773016711326,0.191873780838122,0.238247885808729
TRG_080,0.106537968506455,0.259238932823631,0.142424183044612,0.123478859637,0.258732852960891,0.25871340874561,0.277488418901239,0.280707543086532,0.0849234273366118,0.175756598050452,0.224287449974771,0.140845948233447,0.0818670398281903,0.191210564767797,0.240395845334203,0.229558577913974,0.122572099049234,0.138035929666895,0.231533725708344,0.1140849399828,0.214604867967416,0.190322012234655,0.134766223412877,0.173064716439769,0.217428870623287,0.14574448001522,0.176888044447475,0.252691338686314,0.191869427930846,0.111643823705797,0.196784006236854,0.161469260751485,0.252374471015089,0.112695308353027,0.127101805215693,0.19249778335787,0.199069933306883,0.200037505993495,0.190450746008642,0.0809445667943131,0.195562414779007,0.118787645493758,0.0886237482685099,0.115149641527616,0.186068338604714,0.139432818330792,0.112360807114017,0.0880093618779449,0.164447705062322,0.189882561240553,0.164860166193989,0.149574650356125,0.0826123145228386,0.194853852034836,0.18280239873913,0,0.191712043712691,0.11287869156023,0.162666328136808,0.186674102096188,0.135400914864058,0.195762297613414,0.063472017566424,0.162313449847254,0.136988058763352,0.220320663684962,0.274575436969266,0.196079870844231,0.231134886803663,0.169056662444278,0.207601489185336,0.0933758009884175,0.210873719365892,0.247870079429584,0.115886492314659,0.120110852493922,0.151076191410133,0.287753746672887,0.20101648212834,0.20566178386847,0.179361692620045,0.203494977444306,0.139205741861505,0.126311328824272,0.2100555660128,0.277709831659252,0.121123575304915,0.280534960038479,0.162841361738444,0.177550414589446,0.0564505830891321,0.130605620150102,0.135012755799886,0.196674613498262,0.169996809044532,0.131044467720133,0.224210800451544
TRG_081,0.154190395997689,0.251959682348691,0.138588546446262,0.21317532671044,0.31492914497669,0.252565741677082,0.176786095189322,0.183233395003799,0.0750441432004091,0.18587964950491,0.123830367376515,0.136527891492099,0.218569538306859,0.16043611637303,0.218007184150556,0.186364625049968,0.212644120304734,0.16403092597838,0.269294088945214,0.100387255601885,0.232007977347424,0.240852726704492,0.139537343925423,0.233837051417264,0.245805807550897,0.191642530647965,0.225735498522674,0.106914054577321,0.168840819476964,0.110167391437172,0.257867800558355,0.173905373699191,0.224912688242834,0.0968014121492136,0.221371813706628,0.176381293462404,0.196988629393415,0.18230798236423,0.232247856298355,0.148990660224268,0.262246158625411,0.156441562091287,0.1028458981725,0.107044952250671,0.0977962941643052,0.157618099440629,0.0798981598469539,0.108018498740062,0.217745103757375,0.289474222718822,0.181652173733919,0.204273041354296,0.153577194180022,0.118661105737848,0.162370649161182,0.191712043712691,0,0.128976480174474,0.226836299454507,0.133049628837007,0.171377438965889,0.200642101109814,0.162449950263189,0.0975939115632274,0.0670746916546578,0.246856259810823,0.25733507038825,0.149518837260525,0.229090237876631,0.279145332224976,0.143955914918847,0.181799742564936,0.279175104030779,0.257346360728912,0.152292933639607,0.115244814717644,0.209249624102282,0.179778459308541,0.0600757451178789,0.18774728575189,0.221950376327198,0.274064347630549,0.196811809953443,0.235268654084252,0.278639370443344,0.212304483890195,0.172953803466275,0.211330617944473,0.199914813175613,0.271554514477755,0.172347050279482,0.12006525664768,0.17124093052083,0.254854543501749,0.11211043640322,0.173966640864726,0.214474850561256
TRG_084,0.124412164896253,0.283940631000378,0.19665283766853,0.176470324077708,0.242657535638036,0.234768379182801,0.170530222643545,0.294294780585829,0.116386488356396,0.199420205028572,0.179893577460113,0.210016113078029,0.128052223020526,0.176863530443243,0.270737337095169,0.322703116648211,0.21151333420008,0.196243831488749,0.269713842749533,0.0383273958899318,0.202260405403078,0.262737323624897,0.168403966070155,0.231837960088689,0.205560200247627,0.199920765267412,0.197154930300995,0.206530697939843,0.223274826024126,0.0978466222609411,0.172865118932792,0.20000873998161,0.255950538785074,0.0956673496772873,0.13063153842902,0.171827086207636,0.238917487315521,0.134681049128264,0.209330338566327,0.195279116707255,0.242347470126028,0.102115053225978,0.113320734754696,0.0687276489908681,0.117100914210393,0.2348771597737,0.0634685574397785,0.16975870800807,0.274055457787835,0.19378528342479,0.139428661995361,0.240801233528972,0.104181330007334,0.130165711568552,0.163891486755899,0.11287869156023,0.128976480174474,0,0.250852106311746,0.144213227661062,0.143121029003461,0.180355561750403,0.161140181782422,0.0924909448917161,0.104829864550121,0.256068633539171,0.27241733602959,0.222687127469321,0.358127069639982,0.212543557360061,0.159744272640809,0.128442522779109,0.339929084397216,0.302862307224208,0.100966622913268,0.164135639798312,0.177651713098589,0.183174672836922,0.128518346601035,0.180394064291986,0.193168772253186,0.312753750621382,0.15817593658472,0.145488608062731,0.308819850219386,0.231407743138619,0.201264919755753,0.329605093908253,0.191460811600154,0.271126848957114,0.116177325137699,0.177123849220653,0.158786908143999,0.231551362384753,0.161777575628683,0.170520549188256,0.272889225709452
TRG_091,0.125950298252225,0.0973337467629549,0.260415217887092,0.132884572157805,0.355254246515321,0.196021466690536,0.210069914032872,0.115255346422874,0.229857845187772,0.201090775174586,0.188751795680595,0.065335904945185,0.225156393868085,0.209814907061952,0.170814657487258,0.246667346877561,0.259408599248354,0.0602384305287996,0.278749711820894,0.183790644514136,0.265102003835144,0.143787502878884,0.259807047815941,0.208077886296274,0.270431011154479,0.169891866536886,0.201051496059916,0.246099397785516,0.224651910827806,0.196191067924349,0.210077545970813,0.174865423991411,0.26834858714835,0.188245447756328,0.0857639384175427,0.176579270427322,0.238435408426401,0.211526498370204,0.0983236649822823,0.143490396207217,0.255351540617012,0.17001103236049,0.153023449235604,0.218484140714707,0.20249149876955,0.0717083616051938,0.209193107869046,0.204174536059376,0.0648420724546336,0.266539264458573,0.213890061264363,0.0520675146664201,0.141934042572407,0.235807877823453,0.23766338783286,0.162666328136808,0.226836299454507,0.250852106311746,0,0.226786123719465,0.197905704008474,0.295491856779448,0.125721962927746,0.29099790018452,0.212420524056609,0.177698806452306,0.301135114248118,0.146001450855022,0.0778502562977029,0.067965462130322,0.248221700497755,0.179585451527596,0.0998068705365748,0.14330346831358,0.168853979932183,0.218210026132553,0.215808519955546,0.219752986656009,0.238754614206421,0.176944524349017,0.0732384721402131,0.0645700615368406,0.13516706997487,0.0850290276188473,0.047489207463832,0.240120502365473,0.160036211255553,0.149593098992139,0.185305433312048,0.0591434493175242,0.190303989169568,0.139041833018783,0.211697583468611,0.105866045526069,0.170027595167871,0.157459164590873,0.108088124502858
TRG_096,0.123381725577112,0.201784464409995,0.100947703481573,0.251273593188414,0.221107461089046,0.173530734339207,0.128415914570538,0.145825783430206,0.183081077290833,0.108861390745067,0.0474809605816174,0.152824379258445,0.161730667391394,0.0906286165422876,0.211908107494011,0.16040753616359,0.187182000378462,0.216464494581323,0.181551542428872,0.127127277147173,0.188699913533998,0.149492849253585,0.224927979710601,0.247899382674711,0.137893869954574,0.206350229571942,0.156687664260867,0.164876850103575,0.140416470810019,0.163772540067919,0.115897648584798,0.111663993164087,0.251874908063679,0.147635377428152,0.169712036461077,0.12970760236317,0.251028552791608,0.136927906582129,0.216786468879243,0.23267856752625,0.196677829629549,0.215995681085391,0.135773596945133,0.156178712455077,0.0853142533325367,0.2061715689063,0.183787875463934,0.137189305304431,0.25313957387428,0.222263502485826,0.106477254727735,0.200178443827009,0.176659031056548,0.104592902784502,0.195477296278797,0.186674102096188,0.133049628837007,0.144213227661062,0.226786123719465,0,0.169003224154618,0.184335960132779,0.21291053478395,0.127415594388101,0.0656668208260037,0.34419022999662,0.188374379683404,0.10840230024283,0.359921006222337,0.262494248721758,0.171115980753189,0.146781511367689,0.289356972083913,0.217929287575304,0.211072719403712,0.250386056396883,0.267457665028727,0.115555507915368,0.142545607128008,0.129997939891168,0.218320381372648,0.266692942768352,0.15777418378977,0.19850351045858,0.3393848063642,0.109778197576302,0.214728921577428,0.133992122742766,0.181685228997991,0.31289046541777,0.247477814822776,0.192798612635984,0.185986421590923,0.238671495210423,0.129924337269607,0.159732995877011,0.24542201458386
TRG_100,0.0951430144174688,0.14402430069769,0.157210718931587,0.235055951899093,0.173354434829246,0.126770523022089,0.131731014691482,0.1341075812281,0.171805690311831,0.139541282782193,0.185787005096637,0.140793273437687,0.177451635294673,0.114427126292338,0.276719302848895,0.201386706658972,0.164677855992245,0.217056606731047,0.210687032041535,0.0746880248995225,0.253416546378459,0.149346992243647,0.238628063779754,0.194661060595849,0.165781617463154,0.198192910147183,0.20195505963315,0.193456918464082,0.115227406801118,0.156731663579802,0.233817722906383,0.193096475132408,0.264569831479236,0.194186304264939,0.191795210243872,0.144429208890302,0.282252529788007,0.126494667962108,0.187528681115459,0.198405386057547,0.150690383965315,0.235158142140419,0.217219974618315,0.180154258272396,0.144639130560383,0.206395261346789,0.206352004090711,0.0923694507217943,0.177642570357618,0.230221530465765,0.160182348640839,0.140383068836139,0.232231151519058,0.178085806455901,0.25222586302948,0.135400914864058,0.171377438965889,0.143121029003461,0.197905704008474,0.169003224154618,0,0.217801527743642,0.175136929232078,0.176359144534298,0.11920673029527,0.251724745959163,0.183057962524133,0.107885268533099,0.209826117398378,0.218931064332857,0.161068769169362,0.208585046571211,0.202495879925227,0.174022777447398,0.154570023846336,0.214138129272868,0.239594876456684,0.160749316500758,0.233622555077886,0.180846721067846,0.231160055876616,0.168402807597718,0.106568286872429,0.155512018948113,0.24662667519848,0.18378742549196,0.207032479473148,0.178083967108818,0.172691155035931,0.244474298167074,0.136054743804189,0.209355883850815,0.196364735598165,0.208646494021171,0.168335198560984,0.106457444433739,0.19416971609163
TRG_102,0.211759739571428,0.275445200934394,0.175370835841531,0.238810719034877,0.272133409122001,0.212225280077004,0.207674337162676,0.251956199275887,0.171472737810447,0.160353079255481,0.176961312430278,0.292689001967084,0.203695973503714,0.221330004593505,0.229222913842143,0.21695251373993,0.227176519633775,0.291395517801427,0.150467057591937,0.148182664708851,0.280319450738534,0.252937454877745,0.197015508125214,0.199450820522135,0.26908753583486,0.230389716229412,0.267615477877659,0.150881513855385,0.234378741387053,0.19653444603616,0.182251270354203,0.184032355740839,0.209756734974671,0.177008923142596,0.238478071834558,0.221893968695157,0.163227641646366,0.152320848833024,0.150632895420014,0.31142839760413,0.0856932112665785,0.28809127355998,0.208481728215517,0.202120046584704,0.140506803522008,0.306875915438021,0.187727619536577,0.226084042817686,0.345518793146485,0.122584444810015,0.2109112051476,0.239885502565347,0.26503232138908,0.236504848126981,0.12863645890212,0.195762297613414,0.200642101109814,0.180355561750403,0.295491856779448,0.184335960132779,0.217801527743642,0,0.300423739885299,0.101088240497395,0.203693912284615,0.233936145218727,0.212155826130752,0.290249226848839,0.413534369428932,0.238221772482548,0.170359797715956,0.253419679048321,0.350618657592282,0.327942192221107,0.181124418745441,0.205842662267451,0.283263560285044,0.184474263562145,0.245304729517388,0.298421962483511,0.266519617989803,0.273827189336233,0.178161929397286,0.251178836371932,0.385474571864685,0.293438015568808,0.298338987009622,0.254506845497246,0.257531977339046,0.377172988948743,0.208974695882064,0.275988033023328,0.148583469903829,0.306311854530668,0.229331587866825,0.213833604303616,0.273458783563189
TRG_004,0.112150334965472,0.22220962503051,0.211959108825027,0.0745509847387525,0.28180776882764,0.262900830989008,0.331646103022668,0.225166547027641,0.133534298023021,0.218316634351598,0.254834774245438,0.0783839681131663,0.144031525530771,0.240409577196067,0.26762909707959,0.248291646755448,0.205077026825596,0.0485674118052053,0.292904943640506,0.144874926662901,0.184852164617391,0.175509821956542,0.176359746698458,0.150154739929714,0.263428887444162,0.102896360048567,0.242821613268689,0.206689156141963,0.236870772920583,0.121159588220621,0.201359031135381,0.177324611683514,0.267343686328232,0.114078748135789,0.065158706833488,0.229244142569164,0.219660559494905,0.241578335189294,0.188859251349334,0.0263097930199955,0.200589269427481,0.128116988299175,0.146247575817014,0.136535471765288,0.249661677603803,0.0540268948250361,0.151881932834555,0.110581226605475,0.066491783448522,0.268205463251481,0.16961282112987,0.136492795050277,0.0996923715094681,0.209410360338756,0.230012129554645,0.063472017566424,0.162449950263189,0.161140181782422,0.125721962927746,0.21291053478395,0.175136929232078,0.300423739885299,0,0.262282739234085,0.136884375673531,0.192012249939138,0.301919938259326,0.187817225082858,0.140969371798652,0.0959199095044442,0.254261139236777,0.0796530336005113,0.0876145789847985,0.174065718168284,0.129855401849326,0.114129345930859,0.145033364159204,0.342263345687128,0.198797580499102,0.236192272311326,0.09446062453565,0.109011809094351,0.147938642521069,0.0709165075573086,0.0998826090377802,0.291898768020208,0.0582101317218263,0.223438508636918,0.202957482602854,0.0666953980365408,0.111709439892315,0.12489032926677,0.166199782307662,0.189027169743415,0.124530523425583,0.148744583093037,0.14772326030719
TRG_007,0.191780192392991,0.222107215505759,0.159236445957397,0.193669193496186,0.204599423163261,0.176132213467126,0.103314603297066,0.25956180524269,0.138248659720466,0.182195753546917,0.120069090380655,0.235296349849823,0.186324067884292,0.176732914790842,0.184280967858155,0.19180233315681,0.15815772390183,0.214148889187829,0.243877873322622,0.0981226963539594,0.134893988032223,0.221468616167849,0.121607892284319,0.17878535433491,0.201532992428533,0.181236899507092,0.207754707082899,0.0713761447187778,0.153340081576602,0.107516329605431,0.132558433724199,0.150281281506301,0.134099353578002,0.118358843184666,0.233899070777412,0.142399842743027,0.122226485028857,0.142255573882664,0.208197209664138,0.202694585811527,0.162011149491741,0.161368408954542,0.0957379974545839,0.0966837267437274,0.0803484679489191,0.224237375002875,0.117089371107641,0.185841828301101,0.330640980370212,0.188744828126173,0.153641327364027,0.260703501280334,0.160680827291012,0.112304944838273,0.0889529059119957,0.162313449847254,0.0975939115632274,0.0924909448917161,0.29099790018452,0.127415594388101,0.176359144534298,0.101088240497395,0.262282739234085,0,0.131680991915459,0.24098058970416,0.269390954769261,0.196452707195025,0.39800889359227,0.287054265452102,0.125905746944985,0.137506459370237,0.33741607665825,0.278411228711769,0.0958274163884455,0.150703415251522,0.219324254917273,0.126351702030349,0.11053004316971,0.20079024011856,0.237931831991438,0.285409023343861,0.180862828388486,0.186517980454393,0.33609370323533,0.219625975366315,0.242259014841536,0.280154709883741,0.14516499813732,0.344643823286682,0.14292171954181,0.199453498156663,0.142253499168383,0.270709541860125,0.150257170777842,0.17950329806303,0.26180360620394
TRG_010,0.0911488660158989,0.204386567866952,0.119724560693224,0.189650924345877,0.268075024791284,0.199583143610603,0.131731532190256,0.124846237934617,0.0899639401573348,0.182226697232669,0.106437316687732,0.117235647332488,0.168585970917985,0.0645255437938358,0.266974699633546,0.221732468311538,0.218611890715536,0.141746123875465,0.204442562776812,0.058016594389966,0.181156072384558,0.198888200861219,0.182966340869061,0.21668378242882,0.184131994696063,0.155935313539811,0.141392573880183,0.161181572897335,0.122036217731261,0.0879656709962578,0.226039070465302,0.120020857680893,0.206787175516514,0.086487610976883,0.168132071936574,0.137361171453737,0.252180222281414,0.137129779259476,0.203835633534609,0.142787472633051,0.257679143907313,0.169925727572145,0.13533892561041,0.0954468103870809,0.0740704308254623,0.143772871647306,0.098987397215383,0.0725292518959245,0.269968767920025,0.288953713391562,0.085306498947884,0.178718669361905,0.109640689196989,0.0954233934212763,0.157905896881062,0.136988058763352,0.0670746916546578,0.104829864550121,0.212420524056609,0.0656668208260037,0.11920673029527,0.203693912284615,0.136884375673531,0.131680991915459,0,0.26430615480366,0.234250438726628,0.120846949459171,0.302047341604923,0.23347947381241,0.112579531034878,0.129503261043789,0.308694343618454,0.208231769324808,0.14347098843286,0.124978821923363,0.233253366343016,0.114215399786043,0.120284593174682,0.133337134422817,0.190634014949976,0.264776828584223,0.134818971484307,0.191742330009945,0.26114741338697,0.142458431942216,0.131854513089445,0.154379696512929,0.136587180487384,0.259461088321296,0.139729473770304,0.115707749362494,0.125616699690968,0.159689132631931,0.0642330848214731,0.114533239477534,0.223565746509817
TRG_011,0.197298678182102,0.28510658658733,0.207417625684993,0.207422307977321,0.264440142965204,0.251953774074871,0.277073112804204,0.239104366571535,0.250269527624609,0.291058330673511,0.330139572946241,0.213094416864962,0.282190210097245,0.258420046137018,0.176093828235082,0.241967112237457,0.283229665552125,0.193486901279994,0.207858045090855,0.194321152928712,0.278721549820728,0.322288132519052,0.215450949020725,0.297774565429116,0.292895268373011,0.14577661936958,0.290749324498742,0.17566545710065,0.290731573670442,0.182868002463135,0.308982139889744,0.239823020560005,0.276166239667877,0.21454551068259,0.203760638935556,0.275496718400825,0.280782979853791,0.235436288960194,0.191449922354652,0.215992307574267,0.281064769180925,0.275953891591378,0.262035049978867,0.231298968605417,0.246756511430698,0.216426129789124,0.265820387156272,0.283606116545002,0.207205011941998,0.342545073174176,0.232815552963707,0.202940496704577,0.206865660505089,0.199167621374404,0.20469370980761,0.220320663684962,0.246856259810823,0.256068633539171,0.177698806452306,0.34419022999662,0.251724745959163,0.233936145218727,0.192012249939138,0.24098058970416,0.26430615480366,0,0.312537650483992,0.243026122121978,0.210929634960498,0.174784552474467,0.188277924512324,0.237410867649004,0.219255969182404,0.285404636839563,0.14398672652597,0.203264154271164,0.278256245752621,0.243363862755008,0.342799163049635,0.230719394818018,0.208738780421642,0.254911071446788,0.224454884488243,0.197065691412091,0.210421336747643,0.26571919932405,0.257708808060963,0.276254481839293,0.339571278973292,0.186890748384851,0.167607099989834,0.0992033682234723,0.238028587206135,0.159400022265115,0.273853077474672,0.19568543861726,0.134881167737558
TRG_017,0.191184692752921,0.261157882098226,0.2679876854431,0.257410662999816,0.170443009464237,0.258962171496914,0.246017679988838,0.246447799541385,0.24270354345795,0.122014035060701,0.177731585935657,0.25108868100021,0.27956235713055,0.238507012607465,0.308548671106098,0.268427006548035,0.14613136343772,0.290918248209401,0.205358152539234,0.167905683396746,0.279964128958086,0.163962074829996,0.264395838882529,0.195975328069277,0.194268881436344,0.254449627469889,0.298351995433246,0.278302443593604,0.277253031129447,0.194646064001352,0.307894780167204,0.235452285074044,0.297676943521263,0.204114810253299,0.258835453953175,0.228546583520944,0.208916864327238,0.266410162188571,0.274266056759395,0.309105604742854,0.16944657796327,0.308343689766468,0.258025634940989,0.201087736319335,0.285427779768276,0.260595617904949,0.24543436951894,0.247502869708908,0.317544174019769,0.132918872021802,0.26618505520416,0.27810016225587,0.278697805895908,0.275564993178814,0.25328160189964,0.274575436969266,0.25733507038825,0.27241733602959,0.301135114248118,0.188374379683404,0.183057962524133,0.212155826130752,0.301919938259326,0.269390954769261,0.234250438726628,0.312537650483992,0,0.251112224519194,0.38031234675636,0.265073840745568,0.176861321276255,0.212700952201148,0.308324793117642,0.223797110063925,0.215912176916754,0.223958939275514,0.174451010416201,0.276647659442265,0.276669479861423,0.256677987255078,0.250321562497081,0.305746036300732,0.263003913522109,0.305510489111467,0.366082403375169,0.234922651432618,0.26480542584649,0.288426102376182,0.277553678324514,0.353258241840896,0.21487798583964,0.258456871092355,0.23217831231728,0.261482039863809,0.183556445174214,0.20756034564232,0.312380157991786
TRG_020,0.0856551900855522,0.202834645186178,0.143237313076004,0.266421681622957,0.252862383911493,0.15885826178424,0.230903617884504,0.164784088148477,0.210927518548536,0.16665109403797,0.11546161219234,0.127018081673251,0.146808301879974,0.140371105414554,0.147228973606667,0.194505405593034,0.215898654886967,0.132644537230662,0.255038284275411,0.158695730275477,0.268976407288021,0.234545946613205,0.265031254567399,0.27030925393169,0.173831996848349,0.25273036019536,0.106771035500874,0.235717457078864,0.105592422353702,0.193842660957282,0.187446435534569,0.213776986641823,0.286586130494441,0.235702317181335,0.185043267406883,0.177424656608305,0.194230123371277,0.159808523167088,0.175008510766498,0.198344930838493,0.203255945267331,0.205599592267448,0.125867465843033,0.198015668808203,0.147373526976398,0.187520084081854,0.219726072565628,0.152978304524586,0.242576135799548,0.264042570902724,0.247513756453189,0.180146240460747,0.157011004867724,0.199667449844958,0.261932434621925,0.196079870844231,0.149518837260525,0.222687127469321,0.146001450855022,0.10840230024283,0.107885268533099,0.290249226848839,0.187817225082858,0.196452707195025,0.120846949459171,0.243026122121978,0.251112224519194,0,0.315352925260858,0.24118042144541,0.144065944403139,0.191836889242868,0.2782825524599,0.268944280700377,0.216475486767844,0.274249406829995,0.308823135822538,0.20763732036216,0.215179578503201,0.0617476831626812,0.153978657463846,0.255389149488753,0.0852893492635513,0.175926854547437,0.212730831558303,0.093972389281022,0.204273974629277,0.153493912449637,0.226761989824794,0.240014518179976,0.231630389725633,0.243722940299759,0.207088810536535,0.12816733241066,0.169720896000645,0.153502755525798,0.23043937206707
TRG_022,0.25647526128085,0.234234666493129,0.297052135617497,0.132042438429231,0.439267000275905,0.238222936383186,0.317242046166461,0.148477207232968,0.28622975238365,0.320975958983604,0.281982536042608,0.147935307093581,0.382956569843969,0.318970482307396,0.317656494088206,0.322024434449001,0.400441434612941,0.0939081813888074,0.383637500316802,0.308238398981673,0.339725432284003,0.199614237495203,0.319918978848571,0.214359910490502,0.41665047605452,0.19432320591317,0.294816542484466,0.291671983705887,0.326027464399115,0.27976716014928,0.379420888951983,0.30149927350209,0.370560389802448,0.273440647157236,0.157522028210982,0.31802327340909,0.298881278421138,0.273093140902938,0.198055175813741,0.167467485744118,0.292844615775323,0.161774416028696,0.251806341403894,0.245854254302658,0.266563160324529,0.105079084260489,0.273955577205358,0.300659137868416,0.0516388438699114,0.35995476147365,0.317055715522129,0.0994254293939227,0.170080329447469,0.347578936837783,0.375851344650356,0.231134886803663,0.229090237876631,0.358127069639982,0.0778502562977029,0.359921006222337,0.209826117398378,0.413534369428932,0.140969371798652,0.39800889359227,0.302047341604923,0.210929634960498,0.38031234675636,0.315352925260858,0,0.100631544898801,0.348453488374359,0.220341113152883,0.058530090731184,0.140010980137051,0.241493570593106,0.229755596407146,0.200828772054541,0.299429804054454,0.369461313735894,0.308727296136034,0.152236976132434,0.0655462274810112,0.2728684491045,0.169922932020517,0.0360292587686808,0.328706205497503,0.166069951466358,0.187085095107241,0.234269988770864,0.0360102950118916,0.192516029925566,0.205545728900995,0.308348599506099,0.207257312775317,0.264471290697956,0.25598404554307,0.140906990496456
TRG_023,0.145293025525366,0.158210741552682,0.245027270619567,0.0738191054893994,0.357590158166035,0.203522238251413,0.203656690280701,0.160383885729499,0.196772669020443,0.273357600412842,0.30017315086132,0.121237168037746,0.195548470433547,0.252763249508824,0.248740543480138,0.27659447875089,0.2902625195338,0.0859371022418237,0.281638968789275,0.169727554610166,0.2536106688558,0.23782726131265,0.251605619470709,0.191309950940796,0.274266438209273,0.141640238973568,0.334258147396576,0.276476541352119,0.244973846136532,0.208482519721949,0.25145138925406,0.20266526821184,0.323976307548879,0.134586996467257,0.0657768664839535,0.193261820375862,0.311472269406352,0.276789437823309,0.103323815549566,0.133633159811209,0.272028167287066,0.19874662937364,0.204653024427581,0.171362442854265,0.306897471216756,0.0790259114177848,0.193483964798748,0.231088654244881,0.0744720874378713,0.311195504901733,0.233535563064572,0.0937772993326247,0.158511648134229,0.253608240683706,0.240919337794173,0.169056662444278,0.279145332224976,0.212543557360061,0.067965462130322,0.262494248721758,0.218931064332857,0.238221772482548,0.0959199095044442,0.287054265452102,0.23347947381241,0.174784552474467,0.265073840745568,0.24118042144541,0.100631544898801,0,0.317941920280498,0.160196544676008,0.116119553554595,0.149118157077301,0.134398690039278,0.212894957025944,0.234598836723036,0.210484308105876,0.239053068256224,0.292496193216082,0.0905870662785458,0.0773033404387672,0.188449022838479,0.0934868824811765,0.0782007700396691,0.285118441902529,0.104887147328298,0.206786692265219,0.20519028976174,0.0783106084296518,0.191359323514111,0.167523826364678,0.199874566320976,0.179657354498536,0.206452405748031,0.197793676377593,0.078539198796164
TRG_025,0.129062544208117,0.112693064768708,0.110843599042275,0.249594409523202,0.312953323866633,0.179388214042042,0.0942262154190542,0.175739981838402,0.145670802165892,0.114350473169566,0.186472099973595,0.165420648688328,0.211675025092726,0.0823488120147889,0.196050586513736,0.168712647583474,0.2393823624232,0.216951380916786,0.21012810208085,0.117658937142053,0.207866969643789,0.223295243874491,0.158234111374961,0.195407799488089,0.204109444340156,0.207065548845929,0.138896705387438,0.157293837867841,0.10625198577672,0.0831408609745213,0.253104835099407,0.14563986116662,0.122374926555934,0.13647829226566,0.243727748856955,0.151972952362982,0.262902673278017,0.138444786852924,0.209922453470097,0.229833464174261,0.205272677497564,0.294823329991386,0.20678928012867,0.170236358489227,0.143936713695971,0.189570035401393,0.137741372890415,0.160158166969931,0.319735100519049,0.207441656421763,0.162920558031165,0.254614166553735,0.213598243906898,0.207156722768482,0.131778282074582,0.207601489185336,0.143955914918847,0.159744272640809,0.248221700497755,0.171115980753189,0.161068769169362,0.170359797715956,0.254261139236777,0.125905746944985,0.112579531034878,0.188277924512324,0.176861321276255,0.144065944403139,0.348453488374359,0.317941920280498,0,0.199769639425636,0.339667836276021,0.291309616699124,0.137250587907975,0.123747091333389,0.227655456914003,0.10649422766266,0.240687802858716,0.118232022851308,0.209617911374076,0.262959478885596,0.133741623648924,0.257436864416458,0.337449316441324,0.0780752051597727,0.227024052753305,0.180809263718508,0.16891830777907,0.339156201116103,0.152924543309739,0.210192699740147,0.136093009344183,0.14094463162892,0.0741106145741228,0.136945176168483,0.203698928218474
TRG_033,0.130399785621176,0.253911206822747,0.201731205953611,0.0576328728907369,0.297780642542916,0.258549742541795,0.227383054366405,0.27608425670674,0.132541850293693,0.181136138924922,0.153692580131529,0.11842772646116,0.204399226549493,0.180096478033561,0.238707408474766,0.247875566756191,0.205164732748961,0.119692010942308,0.276100844475132,0.129821515843152,0.0621059313023663,0.195132149004114,0.145706763233283,0.120070540230063,0.249439961768366,0.146075734983103,0.204204557090527,0.249343310604608,0.197276618993016,0.128197890458599,0.157190124570318,0.13403385236674,0.163500762404552,0.10278047543315,0.111670824283121,0.155789347064868,0.154025431961676,0.201764294099753,0.220340867013785,0.0947150049083034,0.202865317283189,0.128268127194785,0.121012777449317,0.0536688800482068,0.15489797113842,0.098492139973139,0.137823017316935,0.153719178462662,0.126171818178218,0.271878896371756,0.122680638039155,0.179104290820547,0.0982623157391701,0.123956071220475,0.11027742062788,0.0933758009884175,0.181799742564936,0.128442522779109,0.179585451527596,0.146781511367689,0.208585046571211,0.253419679048321,0.0796530336005113,0.137506459370237,0.129503261043789,0.237410867649004,0.212700952201148,0.191836889242868,0.220341113152883,0.160196544676008,0.199769639425636,0,0.168047354639598,0.198565090911176,0.0821705133469527,0.119400137519936,0.125573763310277,0.254455413655568,0.180221042927127,0.17231312053389,0.112164305750937,0.176951796217955,0.16703080031345,0.107688268436658,0.170048315494595,0.221627173618072,0.124328695289433,0.262478440497319,0.125720178914356,0.128010058170269,0.0975718972373322,0.154925788843555,0.118394477766453,0.180408765566603,0.0909404178677242,0.152985842157771,0.206604922568933
TRG_039,0.258866005030906,0.195659680128488,0.287442563349547,0.104235636263945,0.37156229245818,0.226372550827953,0.287312965359314,0.104863039136523,0.272647135643975,0.247166794742062,0.233754386113954,0.124693974093492,0.297760202185536,0.297390409154819,0.290968668905165,0.256477090592376,0.30814707345128,0.0523756944996633,0.303083237204873,0.306921056798903,0.25564306948318,0.1162743708356,0.243440330649013,0.155238405521634,0.363827884565428,0.134382744395769,0.277204621152178,0.269253792968057,0.285510012151997,0.196279500546217,0.283743805289012,0.285584983290577,0.271459674284339,0.252581982980787,0.131469802546395,0.270081107931003,0.211523259104287,0.280640066740952,0.185466541902789,0.102599010505376,0.184987483683647,0.145236807467261,0.200410508061398,0.217003935115767,0.249278212871744,0.0683682462823271,0.249320563140527,0.268114913627109,0.0261860195629779,0.281542262333101,0.299137790858753,0.1416056629378,0.153437953922745,0.314878180060558,0.318164561143147,0.210873719365892,0.279175104030779,0.339929084397216,0.0998068705365748,0.289356972083913,0.202495879925227,0.350618657592282,0.0876145789847985,0.33741607665825,0.308694343618454,0.219255969182404,0.308324793117642,0.2782825524599,0.058530090731184,0.116119553554595,0.339667836276021,0.168047354639598,0,0.0894601679234511,0.208243904880736,0.192598937095372,0.163688082704323,0.270575727923778,0.330735827133422,0.307323388917962,0.104676799721664,0.0362167088272171,0.227781072215151,0.112278620473659,0.0390790353635825,0.308790877219287,0.119666329423951,0.148632440631182,0.212752655724195,0.0248955974649289,0.150171958558716,0.266466443647249,0.256894785866225,0.225447471523736,0.219038584272624,0.221902130982646,0.111733608558818
TRG_040,0.280273759398078,0.213476461049769,0.271055397488833,0.0949864140914759,0.34853059810004,0.263610000249509,0.268936265915394,0.103845845780093,0.262138021034388,0.202990112811293,0.214860405006716,0.206226940749278,0.273826180656409,0.201167753451112,0.328973096249931,0.272705127102061,0.245812871585949,0.123805411262683,0.182229325313382,0.228239332203537,0.228766874691463,0.0890280505380895,0.204454415746793,0.176430730081459,0.304660843804602,0.175426147790074,0.188144248227688,0.304272581120869,0.279508122447971,0.276730955767873,0.269498537960404,0.285039685058529,0.256381686301728,0.24993463799558,0.190892418804016,0.234303655010838,0.164076911987697,0.230472340437903,0.134448058024685,0.1769966014031,0.193558689131898,0.238552844428026,0.265533958426599,0.263357232211375,0.214178162003171,0.136135061355866,0.322515417805569,0.232319680685508,0.105596823451445,0.298087138036886,0.285677316336953,0.144055052699808,0.269720344654789,0.302979338441271,0.22855019715258,0.247870079429584,0.257346360728912,0.302862307224208,0.14330346831358,0.217929287575304,0.174022777447398,0.327942192221107,0.174065718168284,0.278411228711769,0.208231769324808,0.285404636839563,0.223797110063925,0.268944280700377,0.140010980137051,0.149118157077301,0.291309616699124,0.198565090911176,0.0894601679234511,0,0.166649986745934,0.258772571075748,0.278107214853321,0.216890786939499,0.301333774414457,0.19591130993524,0.136311338656325,0.0840963636038642,0.247675131879561,0.123856751764705,0.12703133626652,0.228760522681262,0.136824756032382,0.134026735851906,0.160338391032697,0.125690167008077,0.235262241725624,0.283043485273692,0.244919888125191,0.273987404705454,0.261244436188033,0.259743394297597,0.139467476396687
TRG_042,0.109349675607364,0.273628208289997,0.190628180074045,0.0729021763317507,0.247742567541039,0.183455737262693,0.173592710143596,0.237291285577848,0.130323632042691,0.166131535869852,0.225167793664947,0.157624458871529,0.162686821106489,0.189606405840917,0.236450226992637,0.246684197968823,0.184469890201091,0.150007583681467,0.25260939357865,0.0735357052414516,0.0933716159690664,0.209846188275082,0.10202557674571,0.113514260271971,0.242993471746264,0.0981930808924006,0.280718090527656,0.153927983797619,0.173183685783787,0.0768380004360069,0.202263991502203,0.138854477147559,0.131232343192293,0.0653359596618058,0.129831214536641,0.148270288752755,0.161574251130109,0.186020820308778,0.156017404171459,0.130544652820507,0.14086982704528,0.151605397182433,0.12606730788926,0.0634225339164912,0.173171127728904,0.139254259415021,0.0826422326644535,0.178358465960089,0.164279748413347,0.239888120806669,0.144588655065779,0.195652618511492,0.155150712109765,0.108253096509476,0.102571817825178,0.115886492314659,0.152292933639607,0.100966622913268,0.168853979932183,0.211072719403712,0.154570023846336,0.181124418745441,0.129855401849326,0.0958274163884455,0.14347098843286,0.14398672652597,0.215912176916754,0.216475486767844,0.241493570593106,0.134398690039278,0.137250587907975,0.0821705133469527,0.208243904880736,0.166649986745934,0,0.0843228011787588,0.12262171370722,0.22023673331698,0.136099188762346,0.256565469011658,0.118645116884618,0.209139676353443,0.155579702265611,0.0771460198449888,0.194938785244761,0.272539435755415,0.140858119472926,0.284554236802027,0.135314529114641,0.161354387483745,0.0482816176992386,0.113970667195482,0.118297196406816,0.148707738672568,0.120832378380104,0.128607930423689,0.161266793944047
TRG_043,0.135880915715471,0.251400317031146,0.167115762842642,0.128722477812446,0.3406096198698,0.246518126081958,0.240036410561708,0.29956957611453,0.0543111981897342,0.162317693379844,0.263611594361482,0.111503780686176,0.247390847191811,0.187272188089506,0.246398223730248,0.240486859911898,0.243290431660885,0.128013541294924,0.262368176953878,0.128071498667247,0.171236225148459,0.194171885268338,0.0916635706537438,0.102315756875774,0.287144338601461,0.111181656504888,0.241428892687568,0.203809864620302,0.221126731677641,0.080866009644497,0.303737272451906,0.12234756733302,0.130478765381305,0.067047408358655,0.186392444146589,0.188015884214207,0.188751034750487,0.261965040084545,0.220493124335376,0.0804422605529297,0.171014352157959,0.166604595658112,0.146648935720179,0.100551941801095,0.176150559817478,0.0817992183008012,0.0929911470455179,0.100925060707712,0.161104190051224,0.275169616381839,0.144470582905369,0.176749699025607,0.113659444014142,0.181286882945382,0.134753527475441,0.120110852493922,0.115244814717644,0.164135639798312,0.218210026132553,0.250386056396883,0.214138129272868,0.205842662267451,0.114129345930859,0.150703415251522,0.124978821923363,0.203264154271164,0.223958939275514,0.274249406829995,0.229755596407146,0.212894957025944,0.123747091333389,0.119400137519936,0.192598937095372,0.258772571075748,0.0843228011787588,0,0.120929808846762,0.273892764884062,0.200044354624279,0.223021629192423,0.167522168013548,0.156712989658421,0.225078420574375,0.197889306415801,0.180194939896987,0.24913106537073,0.0930644961184464,0.297847273198265,0.119983917051839,0.172406488246882,0.0496593909275593,0.107517195618937,0.154588243317265,0.168572483843217,0.100646736787337,0.141879047111442,0.25604383142878
TRG_053,0.197681283042376,0.290080502781643,0.233798787822488,0.130183491621115,0.279255283523601,0.233465926984253,0.345525754774815,0.277318919099587,0.140626688830209,0.14728550819799,0.302777033972157,0.171530886241808,0.195743735928884,0.278703183511157,0.26353750336735,0.218331479223475,0.255154192148262,0.133789851710518,0.316194932247021,0.15239098249991,0.174518263435588,0.162318372492897,0.0942993415882093,0.0924201545603361,0.29918966012527,0.154619169401604,0.265834616171118,0.239422331382861,0.265533734962066,0.140636860196352,0.282420041220975,0.163693423261617,0.269260065293597,0.14479108222518,0.234286640392438,0.247719155699316,0.211497323505393,0.310051806189099,0.269040829831277,0.128944937789008,0.2063774071714,0.141520295178706,0.21201790069298,0.0853075253248528,0.310770677524628,0.138890551628097,0.127384602500531,0.216815878113433,0.148430774610343,0.345354340530003,0.195359007942682,0.198326610491515,0.175684091421103,0.268033952113552,0.206454256553197,0.151076191410133,0.209249624102282,0.177651713098589,0.215808519955546,0.267457665028727,0.239594876456684,0.283263560285044,0.145033364159204,0.219324254917273,0.233253366343016,0.278256245752621,0.174451010416201,0.308823135822538,0.200828772054541,0.234598836723036,0.227655456914003,0.125573763310277,0.163688082704323,0.278107214853321,0.12262171370722,0.120929808846762,0,0.380546904235176,0.213550877098167,0.252145224044731,0.166414676521772,0.175484423663177,0.308696287510546,0.238366679629959,0.187537947331081,0.365141896403255,0.132316100134144,0.263245092552466,0.228921067965964,0.158926882791461,0.085954200770253,0.208890948192037,0.194067463489005,0.198328161620012,0.137542802740284,0.222264394862631,0.239669818020358
TRG_054,0.222616403325104,0.138291906411127,0.1829363162254,0.291367013154905,0.280231576963604,0.130155801135051,0.0524620147423037,0.108066835512031,0.247850868152965,0.226751653936378,0.127794844560239,0.2621538958021,0.28019689758973,0.0731930262647845,0.160817185275465,0.2329319665034,0.253030424765573,0.256878742206365,0.171510938690132,0.142239908540844,0.22403727231369,0.255874775444221,0.273917878260373,0.241121144729355,0.200682608167324,0.231642650014465,0.225039307515429,0.119675150976827,0.137096703029466,0.152864793456385,0.241290701232212,0.2271962046514,0.204051671414346,0.240808392824024,0.285076701596927,0.131522943332354,0.249854131483494,0.0929060007206104,0.161494540517707,0.352215230706332,0.196140459336652,0.313986199054673,0.232661736352446,0.218149903352463,0.085512634192645,0.272340514252227,0.222955845073987,0.235600691845268,0.252548959649262,0.238085674163194,0.192352301015637,0.21976467852726,0.254582633165399,0.142901168696074,0.163211283772973,0.287753746672887,0.179778459308541,0.183174672836922,0.219752986656009,0.115555507915368,0.160749316500758,0.184474263562145,0.342263345687128,0.126351702030349,0.114215399786043,0.243363862755008,0.276647659442265,0.20763732036216,0.299429804054454,0.210484308105876,0.10649422766266,0.254455413655568,0.270575727923778,0.216890786939499,0.22023673331698,0.273892764884062,0.380546904235176,0,0.244896752780187,0.185747509141457,0.211720127955734,0.181955141460291,0.162093645434923,0.249739077699202,0.270212630883403,0.145741575449597,0.318687879385175,0.160018528108154,0.191852830820453,0.317344573609515,0.272531294995762,0.271573390262277,0.16624013730349,0.279006659882087,0.160197282269522,0.210338598626249,0.118338900216125
TRG_058,0.187956085876042,0.337975769338547,0.219162155886067,0.198097055119033,0.25909051331334,0.24137140992381,0.203587168753163,0.320614703012787,0.175615135861273,0.23726731141228,0.15304753813491,0.2358511685613,0.233924090317519,0.249340222383477,0.242113144214504,0.273574764044474,0.262030844070757,0.198241439263165,0.300322431080639,0.104573132364851,0.190205752813982,0.271222167417603,0.202891436772408,0.231264353334803,0.271210853131395,0.19511893437883,0.250841151967486,0.143189451390019,0.207614895085204,0.157061354875428,0.238069455655025,0.204803785306233,0.275296086055792,0.100545789550755,0.212657677465598,0.204142400089878,0.219578631857759,0.249706368613975,0.285547747584573,0.182558890514032,0.24875289368197,0.139406768839494,0.136294396110832,0.0862997405872282,0.169439616059541,0.234527700621638,0.10738909125773,0.178837469689161,0.287805522898335,0.273547278457595,0.199614541882365,0.249677107115269,0.20245281832883,0.100797145672895,0.216110345159005,0.20101648212834,0.0600757451178789,0.128518346601035,0.238754614206421,0.142545607128008,0.233622555077886,0.245304729517388,0.198797580499102,0.11053004316971,0.120284593174682,0.342799163049635,0.276669479861423,0.215179578503201,0.369461313735894,0.239053068256224,0.240687802858716,0.180221042927127,0.330735827133422,0.301333774414457,0.136099188762346,0.200044354624279,0.213550877098167,0.244896752780187,0,0.202950370407274,0.251424379259014,0.310470158206374,0.260856304971617,0.186475566032556,0.326402162578309,0.228241233586193,0.234617570554497,0.272072067840073,0.239796437267396,0.305933546224275,0.200131678730775,0.132402908150116,0.242307958261094,0.277012952027976,0.161455202224048,0.241410937905455,0.319751862227564
TRG_060,0.12573015350369,0.2091001862756,0.159577436200358,0.267842791427782,0.345193503134949,0.262278922882198,0.228718200444263,0.155345116203463,0.22557670041109,0.22647520738665,0.106738365696588,0.166139528859784,0.195694680817075,0.106548089542986,0.187497263985775,0.259384971661951,0.293226521830166,0.152313565997838,0.278129999263817,0.173750167521141,0.245919024587924,0.195046213626553,0.260133056582688,0.243698403962195,0.225645837673231,0.252765128543136,0.0589643651829207,0.269009087757267,0.141442065497078,0.196256196881208,0.237318402602464,0.170816582778161,0.28006684780826,0.23764849252771,0.209027618017225,0.198862600240519,0.243905295580238,0.156422677435506,0.195684500806883,0.258927977039677,0.305165513157834,0.178502011906396,0.176193387013797,0.137267681592291,0.148014161544672,0.221703373580089,0.200851893447279,0.167354962184941,0.299010502232941,0.316383957290733,0.187962317973927,0.177484611280619,0.15913837732349,0.180591570248009,0.223657607909377,0.20566178386847,0.18774728575189,0.180394064291986,0.176944524349017,0.129997939891168,0.180846721067846,0.298421962483511,0.236192272311326,0.20079024011856,0.133337134422817,0.230719394818018,0.256677987255078,0.0617476831626812,0.308727296136034,0.292496193216082,0.118232022851308,0.17231312053389,0.307323388917962,0.19591130993524,0.256565469011658,0.223021629192423,0.252145224044731,0.185747509141457,0.202950370407274,0,0.182234356497769,0.260250282651945,0.122307530538213,0.267474560864311,0.247649258548865,0.046022432885521,0.243612567762216,0.20683569384711,0.254404818108666,0.258496143590174,0.246679802831902,0.223395532738255,0.148441277833004,0.091951341692312,0.154639849722649,0.118103107554529,0.250630557134131
TRG_067,0.121181197050174,0.12720900769769,0.241166345684659,0.0759562418345708,0.304657203059253,0.198518446361287,0.23281274039341,0.121516380734698,0.210194163695931,0.18895948869559,0.208849895988736,0.0821329977969709,0.175559603843113,0.23197400019476,0.176600450645492,0.190072474645943,0.263789955644987,0.0341112918769296,0.198259783287283,0.163685518877986,0.139811244398704,0.134862970069151,0.176806915674722,0.111071578248641,0.252457652812859,0.137071650548876,0.237670038031951,0.174994836410395,0.202146185925161,0.119971167072051,0.153634845892898,0.158157265944639,0.191887205172365,0.153891994206757,0.0621710118864103,0.152866371837508,0.175060974021913,0.209252350308095,0.108247881299281,0.130475674988848,0.199456287995726,0.160861840764732,0.171540597748882,0.161157856620586,0.22425476252196,0.0601217350317372,0.183436721387011,0.180877861361614,0.0734861041650584,0.25499685972901,0.190504565398539,0.109232065393089,0.128530971714465,0.233703013393285,0.172705260043853,0.179361692620045,0.221950376327198,0.193168772253186,0.0732384721402131,0.218320381372648,0.231160055876616,0.266519617989803,0.09446062453565,0.237931831991438,0.190634014949976,0.208738780421642,0.250321562497081,0.153978657463846,0.152236976132434,0.0905870662785458,0.209617911374076,0.112164305750937,0.104676799721664,0.136311338656325,0.118645116884618,0.167522168013548,0.166414676521772,0.211720127955734,0.251424379259014,0.182234356497769,0,0.0702879938451795,0.146070243908494,0.0702865215524455,0.0873320039788643,0.261807284918133,0.110150686762862,0.124401478765277,0.160717140524224,0.0870060733276539,0.173200942258938,0.206206747191417,0.152405891670594,0.110205994058981,0.120961765596929,0.161336054884729,0.0700278711686867
TRG_068,0.220120427582366,0.128851338835501,0.25499765232507,0.0929113233483519,0.362306927542823,0.182827812710996,0.203434795609889,0.0845244663328204,0.243107785428329,0.198073384987584,0.229116391588603,0.108366889450698,0.289455167396982,0.23079142133947,0.220011747185046,0.22500193433641,0.321753169165078,0.0492503406313968,0.233693024592359,0.278421792950794,0.238489539086499,0.107933532134285,0.222985639966714,0.11578592575977,0.30787892512332,0.137668802010052,0.242127670822877,0.26300371933153,0.22469294833415,0.183038979461552,0.250478436231507,0.229877206447339,0.21990618751829,0.209243403044836,0.125008075799608,0.229133526931048,0.190734863663642,0.203977458070683,0.145004296092347,0.117219393203588,0.15495284197306,0.149626539682007,0.184648517741628,0.209556144124219,0.236117202138346,0.0494448987645404,0.216905616391359,0.246984368978081,0.0361226605745731,0.238393961593627,0.295304424818538,0.0882995044007555,0.144755473466051,0.319991982954584,0.289702890843229,0.203494977444306,0.274064347630549,0.312753750621382,0.0645700615368406,0.266692942768352,0.168402807597718,0.273827189336233,0.109011809094351,0.285409023343861,0.264776828584223,0.254911071446788,0.305746036300732,0.255389149488753,0.0655462274810112,0.0773033404387672,0.262959478885596,0.176951796217955,0.0362167088272171,0.0840963636038642,0.209139676353443,0.156712989658421,0.175484423663177,0.181955141460291,0.310470158206374,0.260250282651945,0.0702879938451795,0,0.232663582536921,0.113144275253558,0.0317529270675211,0.271036431646225,0.108965877655855,0.0997508594990867,0.153467929063005,0.043889097616041,0.150512978039578,0.26240508447863,0.251107755446046,0.194064619882609,0.185899282721505,0.255863934212049,0.090348064917532
TRG_069,0.12385758384109,0.183751270480263,0.156094269068809,0.184480043822048,0.281844071312883,0.138128442232607,0.19573354333773,0.162662412724114,0.172679975002788,0.218754851943772,0.169210680934969,0.0883621893676656,0.15343893427647,0.0912772038680018,0.26799073365063,0.201184541844344,0.164712449016418,0.12647825266647,0.243653521284582,0.111236056164089,0.25861712134706,0.197981639347074,0.238703018534857,0.290743323096216,0.19826451103814,0.229273736573881,0.195088787227752,0.242774326288016,0.155611145823337,0.19995493002751,0.183084894071026,0.189342416988541,0.267141577134673,0.207189721112258,0.113365267950115,0.232386889668311,0.278070047448089,0.0539870415671956,0.118020890103789,0.198468351535315,0.202474840007059,0.283264424858514,0.20184380383512,0.198278286695942,0.117445267761377,0.141275262944662,0.195288015977073,0.177609744259337,0.219102626529331,0.301803848854219,0.170830606915668,0.173823690443769,0.232315812952274,0.207244190161036,0.166962796205472,0.139205741861505,0.196811809953443,0.15817593658472,0.13516706997487,0.15777418378977,0.106568286872429,0.178161929397286,0.147938642521069,0.180862828388486,0.134818971484307,0.224454884488243,0.263003913522109,0.0852893492635513,0.2728684491045,0.188449022838479,0.133741623648924,0.16703080031345,0.227781072215151,0.247675131879561,0.155579702265611,0.225078420574375,0.308696287510546,0.162093645434923,0.260856304971617,0.122307530538213,0.146070243908494,0.232663582536921,0,0.119758189249284,0.185938810866704,0.162858267031321,0.182332650493785,0.188588548926326,0.248242131657377,0.183420650840313,0.186017685612022,0.229861227638308,0.0909814160594684,0.167657118171621,0.113538534858725,0.0889460937760379,0.232994718427763
TRG_070,0.123990493794512,0.177414983468925,0.208971712844857,0.093302406916386,0.229964826494123,0.16112911210047,0.244852482582855,0.157154209500826,0.219351143507994,0.237849747004493,0.198061335066306,0.0714346245638788,0.137376473447211,0.227651961810153,0.239816340303889,0.218316034612609,0.184534447620092,0.0809405617007334,0.29427077907739,0.115638306512968,0.154954885602531,0.15780456908135,0.223137535387995,0.218923190557078,0.209031109413356,0.167300523335865,0.262382406741267,0.227849794373958,0.214110810607626,0.186021563672879,0.130225073122821,0.191653678317337,0.265454569386907,0.15925034693765,0.0499033879036768,0.202844166076529,0.231931425355535,0.172618572108225,0.140332973636688,0.101392740342809,0.24382005447761,0.235942218603037,0.182441070838247,0.140336147641431,0.203087559011711,0.0692325037323681,0.178255032511667,0.148436556206924,0.0736119948768655,0.273230059363769,0.183435878456092,0.159948689098765,0.194199729962029,0.157137961033753,0.19354860205933,0.126311328824272,0.235268654084252,0.145488608062731,0.0850290276188473,0.19850351045858,0.155512018948113,0.251178836371932,0.0709165075573086,0.186517980454393,0.191742330009945,0.197065691412091,0.305510489111467,0.175926854547437,0.169922932020517,0.0934868824811765,0.257436864416458,0.107688268436658,0.112278620473659,0.123856751764705,0.0771460198449888,0.197889306415801,0.238366679629959,0.249739077699202,0.186475566032556,0.267474560864311,0.0702865215524455,0.113144275253558,0.119758189249284,0,0.107182554221213,0.272051234352327,0.113180454615319,0.157842794998297,0.230259669166088,0.080675638148516,0.148853787394779,0.178155259957883,0.159476369836652,0.165501120966725,0.17201045234735,0.144342316914234,0.14366285561973
TRG_074,0.19009855839104,0.175177559199674,0.319027254118181,0.107357069001353,0.451496614877328,0.230426193662403,0.289297824966882,0.127770371862717,0.239173803582825,0.289228539753208,0.272960917065702,0.0853515533143968,0.293756540453696,0.304461739697187,0.237648264179018,0.30164993550615,0.351740955673179,0.0452703208077864,0.329206009518418,0.25087756731286,0.271536159727908,0.168668980091863,0.266384201791582,0.183985565613193,0.391625540758425,0.175236416890333,0.313720687340226,0.296230513154623,0.306854248974918,0.213656392203863,0.30230482523984,0.264249315604277,0.280678261108611,0.24804719584317,0.11228033947628,0.270937133884013,0.24157676217075,0.282653572366212,0.157715652990098,0.11806093996598,0.247007359147387,0.163428564012413,0.195918672528615,0.199889588819501,0.264530943522428,0.0571872983087198,0.228739827573491,0.238612835641677,0.0396301751033895,0.321703586717975,0.276265292762869,0.0988610905445745,0.135329120970126,0.315303734434136,0.313439109534276,0.2100555660128,0.278639370443344,0.308819850219386,0.047489207463832,0.3393848063642,0.24662667519848,0.385474571864685,0.0998826090377802,0.33609370323533,0.26114741338697,0.210421336747643,0.366082403375169,0.212730831558303,0.0360292587686808,0.0782007700396691,0.337449316441324,0.170048315494595,0.0390790353635825,0.12703133626652,0.194938785244761,0.180194939896987,0.187537947331081,0.270212630883403,0.326402162578309,0.247649258548865,0.0873320039788643,0.0317529270675211,0.185938810866704,0.107182554221213,0,0.33992011698444,0.115031719128641,0.159866900701856,0.196803517314715,0.0186679926996201,0.176574016779582,0.220689659925321,0.242527713812005,0.148458093986936,0.187043768219762,0.225290172565231,0.106350791984984
TRG_078,0.150004256953421,0.135881752275319,0.135694148236958,0.292851573908939,0.340765164183855,0.215859804312719,0.170473531339552,0.129927536596485,0.251735420246549,0.174312378926304,0.0886055610131846,0.204988759492762,0.216974406422522,0.0917725948708945,0.237840453657478,0.203751525883135,0.297487168831086,0.266560084783514,0.239812652979487,0.210456634198295,0.246439880022363,0.262548655221894,0.295104738640297,0.268829759322378,0.218575752796059,0.26535052598397,0.0725373846075685,0.236653053352541,0.103350937343226,0.174029128273178,0.215034323988025,0.19292649005428,0.249612722471904,0.237423173926373,0.212991810618724,0.224633195338066,0.24999406034466,0.139987872780856,0.233373576391238,0.314166174035909,0.269574963969354,0.289003634286831,0.231033836355225,0.206661449196116,0.157754690631624,0.262155900803236,0.252594154763783,0.187605491783545,0.269503249653725,0.235294192377107,0.222567816898002,0.293445478422466,0.254595712208349,0.201919739450159,0.197824770836898,0.277709831659252,0.212304483890195,0.231407743138619,0.240120502365473,0.109778197576302,0.18378742549196,0.293438015568808,0.291898768020208,0.219625975366315,0.142458431942216,0.26571919932405,0.234922651432618,0.093972389281022,0.328706205497503,0.285118441902529,0.0780752051597727,0.221627173618072,0.308790877219287,0.228760522681262,0.272539435755415,0.24913106537073,0.365141896403255,0.145741575449597,0.228241233586193,0.046022432885521,0.261807284918133,0.271036431646225,0.162858267031321,0.272051234352327,0.33992011698444,0,0.276277648908236,0.148941114466151,0.270576224277851,0.343389730760284,0.275732058537068,0.282606167776156,0.14395530976231,0.161199970345638,0.140388668640531,0.153179315710107,0.203900623077084
TRG_085,0.163153858121268,0.244034010805493,0.2277742805758,0.0506827975279364,0.325348568003123,0.29164431437688,0.262182054674716,0.229810303340892,0.161158884410029,0.250855944562951,0.267569419887409,0.107118821985759,0.158574841543511,0.191263245414981,0.316094018662921,0.318089770276981,0.257697453531016,0.0683623795174357,0.209280860177203,0.159048281770917,0.187493089598664,0.188042213263823,0.153621624561425,0.15017205511885,0.249345827020678,0.1094491582047,0.209179781629417,0.276952284200442,0.203570247841423,0.126474296976906,0.295460336017956,0.106096844664436,0.166761234328038,0.125876282420326,0.097435186386131,0.15878564428063,0.196772510983726,0.245670432220682,0.165643932489194,0.0771471486166758,0.192657270343297,0.158786535976308,0.163251594465897,0.134915106901062,0.245975656804293,0.0648000839028681,0.195071126603973,0.133036028637049,0.112575939718396,0.266304980407256,0.135425491927153,0.14158484774985,0.105702271949053,0.181804376887233,0.196570383267279,0.121123575304915,0.172953803466275,0.201264919755753,0.160036211255553,0.214728921577428,0.207032479473148,0.298338987009622,0.0582101317218263,0.242259014841536,0.131854513089445,0.257708808060963,0.26480542584649,0.204273974629277,0.166069951466358,0.104887147328298,0.227024052753305,0.124328695289433,0.119666329423951,0.136824756032382,0.140858119472926,0.0930644961184464,0.132316100134144,0.318687879385175,0.234617570554497,0.243612567762216,0.110150686762862,0.108965877655855,0.182332650493785,0.113180454615319,0.115031719128641,0.276277648908236,0,0.256601398856508,0.101716774196629,0.112834010586102,0.128680898430624,0.148046455426512,0.138106024962846,0.222203369299191,0.140894020439195,0.172420465474853,0.161839863110197
TRG_086,0.256059789500032,0.150654840249497,0.132531377572178,0.218808359190635,0.33850253812017,0.212540381652607,0.184960237151045,0.0732607724158756,0.265803006233878,0.17063113724178,0.117763611935038,0.222750750394614,0.235879626582829,0.169087366962424,0.248025965436817,0.158336333709015,0.320039654146457,0.172416196454908,0.224274212591562,0.247611597741581,0.285401797695716,0.161407498520534,0.291089553851076,0.230488575086343,0.239536665983308,0.286983983248533,0.227749029388401,0.231174884131727,0.202257807274397,0.291426473814142,0.189628111796555,0.275864528428769,0.335526288556997,0.349205941507817,0.195292914743208,0.239233628441567,0.227609506864001,0.165042621564127,0.215728129507918,0.242919852436661,0.18607794575287,0.297402066091521,0.297910841642144,0.337988187856248,0.144086648101215,0.183606833890141,0.32757607711184,0.224685217238988,0.104653256550752,0.260931794329981,0.26852734552307,0.207452824424128,0.31974495095832,0.231817377095562,0.286375759356495,0.280534960038479,0.211330617944473,0.329605093908253,0.149593098992139,0.133992122742766,0.178083967108818,0.254506845497246,0.223438508636918,0.280154709883741,0.154379696512929,0.276254481839293,0.288426102376182,0.153493912449637,0.187085095107241,0.206786692265219,0.180809263718508,0.262478440497319,0.148632440631182,0.134026735851906,0.284554236802027,0.297847273198265,0.263245092552466,0.160018528108154,0.272072067840073,0.20683569384711,0.124401478765277,0.0997508594990867,0.188588548926326,0.157842794998297,0.159866900701856,0.148941114466151,0.256601398856508,0,0.315270489463347,0.163827876065436,0.304738965379263,0.312310319474394,0.207972827877575,0.307203294229887,0.21417449908614,0.310650679105553,0.153706752701779
TRG_087,0.154088909729853,0.166353536941796,0.179191040153228,0.123276236385659,0.27969924501229,0.234257987245107,0.137848464089709,0.258416639633847,0.199376138704516,0.179977500624194,0.222048249359871,0.174418934907184,0.26053442643281,0.145755245627635,0.201833088364079,0.247440902844816,0.229535574470315,0.122601434185112,0.162227648377166,0.1769439057782,0.131822111923271,0.127731232391875,0.176385235237833,0.133722062855438,0.206366591926908,0.117325892894243,0.267857058002256,0.187991001691888,0.133640336588911,0.120365468576891,0.255008484338626,0.12623853603469,0.0959857651342467,0.152571928078071,0.226346992759252,0.0713166836942259,0.154470972534054,0.250165585360902,0.193552507391847,0.173312927226458,0.188495268635374,0.156161774852767,0.161458203393402,0.159543240190224,0.160442502702878,0.130208398703106,0.173447446966087,0.191533844046637,0.212390399682384,0.217836243114526,0.13418241422741,0.126320822377443,0.134133629304018,0.158582082098731,0.175306021830101,0.162841361738444,0.199914813175613,0.191460811600154,0.185305433312048,0.181685228997991,0.172691155035931,0.257531977339046,0.202957482602854,0.14516499813732,0.136587180487384,0.339571278973292,0.277553678324514,0.226761989824794,0.234269988770864,0.20519028976174,0.16891830777907,0.125720178914356,0.212752655724195,0.160338391032697,0.135314529114641,0.119983917051839,0.228921067965964,0.191852830820453,0.239796437267396,0.254404818108666,0.160717140524224,0.153467929063005,0.248242131657377,0.230259669166088,0.196803517314715,0.270576224277851,0.101716774196629,0.315270489463347,0,0.216275409045874,0.10856118129595,0.226559182136464,0.173851302603837,0.241056383505855,0.134900790126609,0.195820323387331,0.239057718831798
TRG_089,0.18780050120503,0.195058059139781,0.314388870117212,0.0836645488390219,0.399691294562181,0.238908484797975,0.320021003594478,0.139560151709554,0.225615927755983,0.273095261000474,0.251713014784484,0.0767398189684992,0.275961369706454,0.309736569454344,0.284687475095133,0.29325146979975,0.311356366584839,0.044366814151799,0.354158172331415,0.224427799581992,0.227080278552364,0.158496165464335,0.236406258178934,0.168115553952818,0.363570710116203,0.152625692343182,0.31739585806577,0.272128219276438,0.311817230731148,0.200000596962434,0.261125394888544,0.231949007054487,0.292454330477111,0.218196381301856,0.0920702908083375,0.29051576554181,0.247424783710777,0.300944799884054,0.18130028858686,0.0898034855456572,0.240737769096496,0.155993114005384,0.196636312922835,0.198535012105606,0.260013701452473,0.0441639656673152,0.215964765411287,0.211832636809155,0.0168875395924944,0.328868493577829,0.22133403155794,0.115357525790598,0.128404978567633,0.252500618054503,0.288611444071189,0.177550414589446,0.271554514477755,0.271126848957114,0.0591434493175242,0.31289046541777,0.244474298167074,0.377172988948743,0.0666953980365408,0.344643823286682,0.259461088321296,0.186890748384851,0.353258241840896,0.240014518179976,0.0360102950118916,0.0783106084296518,0.339156201116103,0.128010058170269,0.0248955974649289,0.125690167008077,0.161354387483745,0.172406488246882,0.158926882791461,0.317344573609515,0.305933546224275,0.258496143590174,0.0870060733276539,0.043889097616041,0.183420650840313,0.080675638148516,0.0186679926996201,0.343389730760284,0.112834010586102,0.163827876065436,0.216275409045874,0,0.145105307073164,0.189662476401317,0.22058374040776,0.158656610253182,0.178626126391467,0.182030410000929,0.126237705312595
TRG_092,0.10796541118397,0.22845742123142,0.178570117547561,0.115205252905245,0.289459171434799,0.219918034984484,0.227266659339514,0.276921230680376,0.094982364268032,0.142782413185427,0.277083469539613,0.135932157348092,0.165015003888863,0.188259312223139,0.292770966128018,0.236251040035995,0.191695341597613,0.109657457698761,0.241209780124228,0.0902314405382959,0.16438506765729,0.138060735582066,0.106646808921163,0.0925190329677271,0.26805543113502,0.0742235100709929,0.28596272697236,0.22642754929082,0.198521143948827,0.0657168551435925,0.277118714945341,0.154581398701587,0.157401590380136,0.0778673649153131,0.185828088779555,0.167484284780648,0.184993568998488,0.24017881727948,0.23504710415076,0.0689426658516493,0.140467736531006,0.104790113880835,0.119298469852601,0.074847655061863,0.201769417724305,0.0961342270219436,0.0811342314010307,0.132695459727194,0.132783395784055,0.218814595126387,0.142343685544977,0.162419065043978,0.0857299859408723,0.154591896439486,0.161980142470747,0.0564505830891321,0.172347050279482,0.116177325137699,0.190303989169568,0.247477814822776,0.136054743804189,0.208974695882064,0.111709439892315,0.14292171954181,0.139729473770304,0.167607099989834,0.21487798583964,0.231630389725633,0.192516029925566,0.191359323514111,0.152924543309739,0.0975718972373322,0.150171958558716,0.235262241725624,0.0482816176992386,0.0496593909275593,0.085954200770253,0.272531294995762,0.200131678730775,0.246679802831902,0.173200942258938,0.150512978039578,0.186017685612022,0.148853787394779,0.176574016779582,0.275732058537068,0.128680898430624,0.304738965379263,0.10856118129595,0.145105307073164,0,0.128548597412956,0.146552894004869,0.188163619150202,0.113356828998656,0.129874106080108,0.239136659482961
TRG_093,0.125024371604275,0.316700614000276,0.237991956117459,0.169616311796715,0.305396092347802,0.219312813026346,0.258744216888963,0.280123138788612,0.134423463294895,0.238606302467819,0.233583298326191,0.173853944878669,0.212083837518833,0.178662394175279,0.249908245273589,0.291071062816059,0.245951473387473,0.187027284659678,0.209380568976893,0.114555630244007,0.211087746533879,0.267941562301562,0.22670559413523,0.22690509705641,0.25377616275082,0.10050689222331,0.191620717572225,0.222999062643325,0.242259554090019,0.116322613945317,0.284935122371754,0.145440626873698,0.26529037951075,0.0962446844905355,0.183933259580595,0.205493552426903,0.250977132752373,0.276208490576157,0.219998617132797,0.108332905894191,0.233752474353543,0.206381978348732,0.154120484624027,0.116478764371689,0.191650302036058,0.184005495858129,0.142623595764365,0.174360641652566,0.199768312949094,0.314593446625521,0.147812617547901,0.139296817809361,0.169728047341408,0.0979587667014398,0.252972905761674,0.130605620150102,0.12006525664768,0.177123849220653,0.139041833018783,0.192798612635984,0.209355883850815,0.275988033023328,0.12489032926677,0.199453498156663,0.115707749362494,0.0992033682234723,0.258456871092355,0.243722940299759,0.205545728900995,0.167523826364678,0.210192699740147,0.154925788843555,0.266466443647249,0.283043485273692,0.113970667195482,0.107517195618937,0.208890948192037,0.271573390262277,0.132402908150116,0.223395532738255,0.206206747191417,0.26240508447863,0.229861227638308,0.178155259957883,0.220689659925321,0.282606167776156,0.148046455426512,0.312310319474394,0.226559182136464,0.189662476401317,0.128548597412956,0,0.207837825546651,0.134160039171001,0.150366871292208,0.155837037215689,0.219847646344165
TRG_094,0.167002934371733,0.206933672654922,0.122262855950461,0.107955503590611,0.33881904360708,0.209119973130855,0.190716203415916,0.184442918190462,0.115649502955736,0.214842458859075,0.137487806208518,0.144170689752462,0.160517029194569,0.12307677569235,0.199535104425094,0.222584364721812,0.241050652934675,0.152245534760459,0.240404620061777,0.119616031966768,0.178309907857489,0.225689948315735,0.112194796335975,0.197317540457721,0.276372226137157,0.154567100275331,0.158624161650666,0.202046611612346,0.142989687005824,0.137325258918709,0.220255377654567,0.166774520004681,0.181456302505732,0.172420296805659,0.126360598156432,0.16364724460079,0.22299355191255,0.0955401518760511,0.132318102955786,0.218314465311569,0.252248548803527,0.247087405288193,0.171237985092949,0.117513941869417,0.118521859285022,0.151495638003678,0.132067050855665,0.124296396210323,0.240879111016424,0.286580835669207,0.193569659555253,0.201774453384412,0.166101021921221,0.171939229162621,0.0488421502477588,0.135012755799886,0.17124093052083,0.158786908143999,0.211697583468611,0.185986421590923,0.196364735598165,0.148583469903829,0.166199782307662,0.142253499168383,0.125616699690968,0.238028587206135,0.23217831231728,0.207088810536535,0.308348599506099,0.199874566320976,0.136093009344183,0.118394477766453,0.256894785866225,0.244919888125191,0.118297196406816,0.154588243317265,0.194067463489005,0.16624013730349,0.242307958261094,0.148441277833004,0.152405891670594,0.251107755446046,0.0909814160594684,0.159476369836652,0.242527713812005,0.14395530976231,0.138106024962846,0.207972827877575,0.173851302603837,0.22058374040776,0.146552894004869,0.207837825546651,0,0.190823040318255,0.0904817446415317,0.156092173803231,0.234042550895905
TRG_097,0.0983557508630808,0.281304394777444,0.237026193767216,0.200436705986025,0.362286259964795,0.241519509540723,0.222579982971305,0.27703513707695,0.223622006008818,0.264769889329888,0.262479340002587,0.139919920745703,0.226189375243147,0.160562246035894,0.172119880002268,0.329300314131063,0.346521416687853,0.120135840766943,0.296341691009582,0.155630649410387,0.208763173341071,0.21778904994982,0.221895881744784,0.22900620393941,0.236713355650158,0.231412025667325,0.0977529663037372,0.265430114519967,0.160817541771404,0.173946635197973,0.274522054318257,0.120320102243503,0.229316010517262,0.15044358441747,0.194494602683071,0.234332071251266,0.257588096125799,0.273322161563873,0.203001593326398,0.203050849574634,0.304231671333687,0.207982427682536,0.221457326419889,0.169339283709038,0.246664825221528,0.155550502432582,0.222997998252628,0.193450480280576,0.198382638443668,0.336956571506897,0.11410536345433,0.140812488981231,0.152105024006394,0.214490316126343,0.251048364827459,0.196674613498262,0.254854543501749,0.231551362384753,0.105866045526069,0.238671495210423,0.208646494021171,0.306311854530668,0.189027169743415,0.270709541860125,0.159689132631931,0.159400022265115,0.261482039863809,0.12816733241066,0.207257312775317,0.179657354498536,0.14094463162892,0.180408765566603,0.225447471523736,0.273987404705454,0.148707738672568,0.168572483843217,0.198328161620012,0.279006659882087,0.277012952027976,0.091951341692312,0.110205994058981,0.194064619882609,0.167657118171621,0.165501120966725,0.148458093986936,0.161199970345638,0.222203369299191,0.307203294229887,0.241056383505855,0.158656610253182,0.188163619150202,0.134160039171001,0.190823040318255,0,0.170005081437513,0.133770567052955,0.167373968528127
TRG_098,0.10641073202442,0.17068493865039,0.128100392181641,0.127951659019768,0.327921861719646,0.209359529472494,0.167608172916938,0.169292256749495,0.116767382919094,0.116379788954315,0.155714244997964,0.0776977393582281,0.202136617823705,0.103961154339928,0.222274662543349,0.169654406569763,0.256673308958323,0.100147249596169,0.227764310378143,0.103837667177925,0.141058937762223,0.166860239087204,0.119076496112274,0.124566977802544,0.263247505902176,0.130147918410133,0.172646731716573,0.18003635393842,0.129991162604674,0.0874063674657716,0.214612437704226,0.15340811863687,0.155030411562664,0.100389245808584,0.146184615431404,0.166162019884183,0.203057257374021,0.165363581637882,0.208046300624658,0.126800167938631,0.231460678047442,0.190340873022818,0.165610922758353,0.0899727605933048,0.154925345569591,0.0838819040093067,0.100310919978401,0.122300087002288,0.193022050241293,0.268180683918261,0.159220761189709,0.165924210526117,0.140132029803671,0.171471564572886,0.137773016711326,0.169996809044532,0.11211043640322,0.161777575628683,0.170027595167871,0.129924337269607,0.168335198560984,0.229331587866825,0.124530523425583,0.150257170777842,0.0642330848214731,0.273853077474672,0.183556445174214,0.169720896000645,0.264471290697956,0.206452405748031,0.0741106145741228,0.0909404178677242,0.219038584272624,0.261244436188033,0.120832378380104,0.100646736787337,0.137542802740284,0.160197282269522,0.161455202224048,0.154639849722649,0.120961765596929,0.185899282721505,0.113538534858725,0.17201045234735,0.187043768219762,0.140388668640531,0.140894020439195,0.21417449908614,0.134900790126609,0.178626126391467,0.113356828998656,0.150366871292208,0.0904817446415317,0.170005081437513,0,0.165547631108643,0.252778409906285
TRG_099,0.113057027932055,0.231913832674682,0.171854134079009,0.177878430120325,0.240233932466958,0.230452643634908,0.175487002418546,0.20358717243235,0.138887524589522,0.216343880777684,0.192484934716301,0.132079261719982,0.222606682970618,0.104111400704139,0.272280507429125,0.234424103550581,0.156060849601695,0.139268985679105,0.269311331352229,0.11607489821947,0.220571723401679,0.177926155127862,0.218626662027676,0.244707955033721,0.191639477117897,0.202704271358203,0.138474538071772,0.218580200412933,0.144015819811435,0.129636236603363,0.215503771342438,0.0997177379136582,0.204434072168318,0.126097192082363,0.151226293412682,0.189460664163195,0.271279803468424,0.178175829302183,0.185713681474655,0.182931866568323,0.256241228112409,0.200617397472322,0.173846210059851,0.181896884595375,0.161920400622064,0.153590164417854,0.180052583231387,0.133125377679466,0.208281495247527,0.25508418636521,0.0788628487363375,0.168768791242134,0.198001462549705,0.141825122535836,0.191873780838122,0.131044467720133,0.173966640864726,0.170520549188256,0.157459164590873,0.159732995877011,0.106457444433739,0.213833604303616,0.148744583093037,0.17950329806303,0.114533239477534,0.19568543861726,0.20756034564232,0.153502755525798,0.25598404554307,0.197793676377593,0.136945176168483,0.152985842157771,0.221902130982646,0.259743394297597,0.128607930423689,0.141879047111442,0.222264394862631,0.210338598626249,0.241410937905455,0.118103107554529,0.161336054884729,0.255863934212049,0.0889460937760379,0.144342316914234,0.225290172565231,0.153179315710107,0.172420465474853,0.310650679105553,0.195820323387331,0.182030410000929,0.129874106080108,0.155837037215689,0.156092173803231,0.133770567052955,0.165547631108643,0,0.237706196370621
TRG_103,0.183412072146498,0.172120935142828,0.160581067862871,0.12529444776345,0.321954367730274,0.159683716930604,0.166936477848813,0.0829994598061971,0.26768482454632,0.275227885066955,0.244223133433904,0.189787554110083,0.228438837444598,0.202836733715367,0.156005104019601,0.178936099913683,0.29268452776425,0.0918095308342618,0.216316389125587,0.255352090618207,0.253058984169844,0.207351449954673,0.256261243309149,0.168426753657375,0.283867578521465,0.130709414353945,0.252018373488103,0.156283448920793,0.166276449517978,0.199032877259105,0.25575572164851,0.228697378900626,0.300145497559461,0.201123846234288,0.12663629070798,0.184122573846453,0.221932152239153,0.214037037189594,0.0875127119683879,0.183181114656322,0.215590463130641,0.189135570329784,0.213390662802523,0.237252545557853,0.210496207985536,0.14079795177575,0.294232749244393,0.233270312239479,0.102431404938863,0.270190238301235,0.300291013716896,0.125936683875963,0.186177508830698,0.295299851355638,0.238247885808729,0.224210800451544,0.214474850561256,0.272889225709452,0.108088124502858,0.24542201458386,0.19416971609163,0.273458783563189,0.14772326030719,0.26180360620394,0.223565746509817,0.134881167737558,0.312380157991786,0.23043937206707,0.140906990496456,0.078539198796164,0.203698928218474,0.206604922568933,0.111733608558818,0.139467476396687,0.161266793944047,0.25604383142878,0.239669818020358,0.118338900216125,0.319751862227564,0.250630557134131,0.0700278711686867,0.090348064917532,0.232994718427763,0.14366285561973,0.106350791984984,0.203900623077084,0.161839863110197,0.153706752701779,0.239057718831798,0.126237705312595,0.239136659482961,0.219847646344165,0.234042550895905,0.167373968528127,0.252778409906285,0.237706196370621,0
