Row,TRG_003,TRG_005,TRG_006,TRG_013,TRG_018,TRG_019,TRG_021,TRG_024,TRG_026,TRG_027,TRG_034,TRG_035,TRG_036,TRG_037,TRG_038,TRG_045,TRG_046,TRG_047,TRG_051,TRG_055,TRG_057,TRG_059,TRG_063,TRG_064,TRG_065,TRG_066,TRG_072,TRG_073,TRG_075,TRG_077,TRG_088,TRG_090,TRG_095,TRG_101,TRG_001,TRG_002,TRG_008,TRG_009,TRG_012,TRG_015,TRG_029,TRG_030,TRG_031,TRG_048,TRG_049,TRG_050,TRG_052,TRG_056,TRG_061,TRG_062,TRG_071,TRG_076,TRG_079,TRG_080,TRG_081,TRG_084,TRG_091,TRG_096,TRG_100,TRG_102,TRG_004,TRG_007,TRG_010,TRG_011,TRG_017,TRG_020,TRG_022,TRG_023,TRG_025,TRG_033,TRG_039,TRG_040,TRG_042,TRG_043,TRG_053,TRG_054,TRG_058,TRG_060,TRG_067,TRG_068,TRG_069,TRG_070,TRG_074,TRG_078,TRG_085,TRG_086,TRG_087,TRG_089,TRG_092,TRG_093,TRG_094,TRG_097,TRG_098,TRG_099,TRG_103
TRG_003,0,0.170992460683423,0.171024658757197,0.119687956853288,0.222674996732067,0.156290321171237,0.144045622319778,0.149990806561792,0.0632354464356908,0.0948740544719323,0.0818458535750736,0.175833605190296,0.111697349372772,0.0896167030531926,0.0794511740933409,0.0513346536795943,0.179458163816232,0.134328901129918,0.241623350468041,0.150343696161179,0.0919299414477082,0.161862520429117,0.116187039382171,0.107995395474743,0.199632847547674,0.134594335025769,0.157741793850372,0.13788860322665,0.122857447238541,0.0898734530821659,0.115743042617356,0.0733710824270409,0.158049375760826,0.139621276632061,0.113413921851604,0.14782163988412,0.101518913689873,0.103249589355181,0.0839576738064864,0.0660853900314965,0.137608545085752,0.125428260954256,0.0802481558207296,0.0937179374089956,0.0563822517220918,0.120966585823421,0.173488474347715,0.0884793467866571,0.135358967907182,0.142780480320709,0.161493803290198,0.237527955357184,0.18533268732029,0.172603029062302,0.100619534372296,0.148876101546458,0.156265324099869,0.0674781254868311,0.210807385319951,0.111218618872253,0.124440010695423,0.0823341094839233,0.0904452496983935,0.161788785440241,0.157668828269296,0.13046646436021,0.152234292131773,0.171488602309871,0.0945839901557651,0.149307840856789,0.110963515145378,0.125590418664067,0.151639030166423,0.153490882539535,0.124924339589801,0.0956702542958032,0.154301040453068,0.111028800154442,0.170137585469491,0.100232732011839,0.0911630628014949,0.11547504286498,0.107755025177304,0.190447924332784,0.10129841988202,0.14463832788962,0.101972055629331,0.114089547948476,0.0896506983764399,0.136683456674779,0.116121328898067,0.120200621730263,0.110027601438054,0.115930986986093,0.0796943027720912
TRG_005,0.170992460683423,0,0.20000755674946,0.198361659529032,0.146028468816214,0.130366344155057,0.132099832906384,0.23473918809357,0.131739983166605,0.248964823403997,0.20276008250842,0.216790305767977,0.163623692046161,0.102095678448167,0.199157312420739,0.160221701456628,0.278763093938022,0.206079942871614,0.264013524996952,0.195817849434183,0.281562910998441,0.0705177755251634,0.195209196931298,0.269431893183262,0.1906816538055,0.229816540019072,0.0852790812552219,0.233637847216487,0.126389126936347,0.140602127315651,0.172519238554289,0.236584315035977,0.0683939285969952,0.185676427743896,0.0921742395323885,0.210219122522127,0.169947059489163,0.148022094802979,0.286341850741696,0.179628747417755,0.238675746382011,0.291899975479461,0.264880570172133,0.243584549519577,0.214019939184875,0.24953522019915,0.153896597557717,0.297144922815167,0.32427991140868,0.286270435179967,0.242220728776398,0.284835076665587,0.13136180202935,0.218768506853016,0.2771114248381,0.282773603597911,0.12714380135739,0.168965092622482,0.108204890587189,0.162468498716666,0.229598094887093,0.122667523185619,0.152053495770475,0.175869759366763,0.178637977679304,0.179238010340949,0.209730976546838,0.233092333918926,0.277598383489225,0.277999060970462,0.322690137569561,0.267241657780112,0.263805426957623,0.110046919004508,0.193393384077419,0.121768082757297,0.244862509605685,0.248004208428967,0.0920472641701883,0.268023767390825,0.107150994922106,0.286554356622192,0.297232736689103,0.11169416743989,0.137273698215896,0.277586290459749,0.128371560678841,0.310695891455384,0.222036569485324,0.202589255995468,0.286081018033256,0.284353736479635,0.256924143440024,0.226646248972452,0.158780758189181
TRG_006,0.171024658757197,0.20000755674946,0,0.237867433887263,0.211486764885768,0.242976461582428,0.173194733207553,0.334624239794746,0.149894755075305,0.216460277659921,0.212457434785529,0.138609679138001,0.226252752740528,0.155864183319956,0.230382846756947,0.198501320546586,0.284155110856653,0.202314286378839,0.14914001702001,0.276233254969287,0.245336732459999,0.117339244812322,0.215971551256387,0.252970016620957,0.204312483531129,0.163647138250268,0.217528356941706,0.238795745806087,0.18792779475783,0.176822480604358,0.188645942215525,0.216825143617035,0.168997178800872,0.192907710825016,0.227500249464434,0.250233541912937,0.21609796183784,0.227538282894196,0.231121544103225,0.156263961269254,0.228076809049282,0.302886347923218,0.229736724899359,0.152436186405219,0.192953358918808,0.273527319467982,0.229786134755427,0.265008364325595,0.32887097148657,0.325878158271896,0.293968401745951,0.221355321130077,0.228726684821833,0.336079892091195,0.246721556146816,0.261438254091582,0.19150241579297,0.14436899274966,0.149468519925887,0.177850435039066,0.195984327041355,0.191016768595126,0.179200313488752,0.248970161912207,0.236209355768107,0.257143237578659,0.257465204303449,0.201551870373217,0.250978830120821,0.237487351901692,0.280687366912457,0.17338495570055,0.267243898949295,0.236276249509873,0.261677055499841,0.190908233144567,0.291671946466105,0.2439038525282,0.180199967380582,0.288454268758482,0.174392795915355,0.198227420229239,0.325557115443247,0.272111895163894,0.179703015271481,0.280022212345038,0.213046553903438,0.265453475630883,0.213077316537374,0.232445270891868,0.307285873204318,0.309500673215102,0.278309354998935,0.169796969102016,0.182100648225397
TRG_013,0.119687956853288,0.198361659529032,0.237867433887263,0,0.228499483268044,0.146273710310328,0.253172040290097,0.283732015015853,0.191681011688009,0.0577497703509495,0.124966688840901,0.157875675024559,0.124191133695242,0.225514030147209,0.194835480492649,0.174114784714104,0.188301433929418,0.176632108584086,0.239733014490987,0.18674586916018,0.146781111713616,0.246980487634608,0.129869482281699,0.101379959046429,0.202186714388928,0.130465543110787,0.216189051450851,0.202688654680075,0.167182881911905,0.159722389781825,0.190403441242686,0.225647213193936,0.152340054859277,0.18415718444317,0.179816981253534,0.0843640014123604,0.202532128694642,0.118210804634972,0.176403599138936,0.153420721142426,0.205581444578472,0.134490597981291,0.179520216716377,0.140225496071618,0.231066298958062,0.085898428212841,0.0526593778010405,0.196215608448361,0.200519980918507,0.174869264974876,0.256614449736803,0.259325545470986,0.203606081243284,0.214297051397116,0.203816654912122,0.189660746529722,0.209279079850856,0.196071182640653,0.219863869857159,0.252657525750011,0.196981364171054,0.183626005317785,0.189767897073863,0.210605868067954,0.158865574233665,0.184629596768174,0.17967068986134,0.240023361530834,0.257214988224613,0.100653096697943,0.200932241093702,0.226660563787437,0.17273609757441,0.154217374902753,0.0681255917859612,0.208134287918456,0.226801599529573,0.153319144072052,0.195680873733653,0.145677815137044,0.229064524477243,0.222878247791794,0.2106451022658,0.237602586567941,0.21648367086428,0.166378361561588,0.222936313507679,0.140577638502936,0.126680844746097,0.212744319888762,0.314065166787924,0.198563205668785,0.121586216402341,0.205587200566076,0.105662670513961
TRG_018,0.222674996732067,0.146028468816214,0.211486764885768,0.228499483268044,0,0.14280828191872,0.252282751659118,0.172873061498006,0.192900908307519,0.179938555250551,0.218519898643838,0.0815042022144509,0.170605669376967,0.189807032238919,0.162541303392107,0.149199166876088,0.137493786349975,0.108769251230059,0.200523481930077,0.167422717306722,0.302433845639659,0.0871960337861832,0.232272400944579,0.192256686951929,0.230157255199829,0.274799373059052,0.152626043058945,0.234994675682325,0.117418562272938,0.227574310720272,0.16001834035516,0.28748700594536,0.11658246147888,0.183101704636513,0.256290659480212,0.195454599757135,0.226696206485485,0.250007384109113,0.262388979430304,0.301205060284304,0.204272220842284,0.33183342571011,0.265404873829824,0.255370065226633,0.308564714130313,0.199316598777123,0.181974062033146,0.321913367649535,0.36437605495104,0.265947841245862,0.255834307859626,0.262282577070747,0.260778002796347,0.279982632071905,0.222651251833634,0.220364333257534,0.21356238787511,0.204112948177505,0.0816740113171299,0.296395426658669,0.306488166860921,0.214421962510856,0.252706431932394,0.185635353770879,0.216696545715401,0.221197720705645,0.254758477758773,0.18142206158952,0.28653216720388,0.237562302790333,0.260758247008909,0.312890776050599,0.245198700177852,0.183937260099468,0.214206639347131,0.235644907047636,0.287545668407317,0.157124462757502,0.151908239735989,0.266147233724109,0.256896224076369,0.272342355428313,0.303830106151015,0.210108513414898,0.17518321008931,0.254373053703668,0.163678816106953,0.258578482758366,0.230985564970208,0.247097831610586,0.347425753700942,0.328287399736349,0.22062879642485,0.162674562298523,0.30085027263002
TRG_019,0.156290321171237,0.130366344155057,0.242976461582428,0.146273710310328,0.14280828191872,0,0.191337433634702,0.149398207481988,0.185148078999889,0.131701421894668,0.146779819107969,0.188419283276158,0.100329592398826,0.185975063642125,0.136839837744246,0.175046595335517,0.194607393735267,0.0959232546110987,0.180792437941835,0.223462336970177,0.192754763986895,0.17094153094075,0.17470400885868,0.169615243331092,0.167139998799724,0.112768304424346,0.145005407606604,0.20729984590145,0.180718261378961,0.189929967529012,0.112997959482443,0.178767547630188,0.0981921462569435,0.115048580684595,0.157947024937911,0.214079938667697,0.172729222755114,0.197839718782284,0.185740313380255,0.273941072560295,0.180114244277689,0.136024605516143,0.197251471921954,0.230718709081075,0.213143706096102,0.127079533522794,0.16592851786447,0.173909032423108,0.180672361952634,0.122234136437544,0.257991661142052,0.236524936077788,0.188284961419439,0.169980297023379,0.200956299786959,0.176865802322825,0.0778919262890342,0.25907916479513,0.182692797540803,0.24449640400953,0.171312197775053,0.178183018192208,0.193239843887924,0.178152569756591,0.259004051406008,0.0947808880284485,0.146663275764218,0.282667485014754,0.151915658736662,0.170616278822785,0.144161237426197,0.269501048317379,0.128708147407212,0.152361435750584,0.144071551592545,0.196605763332163,0.145976089425959,0.16513986463522,0.135052981947592,0.184741235732344,0.247497029129884,0.18933965594817,0.125466345968587,0.200970247645714,0.225970184953845,0.19274344793926,0.169912933108328,0.196668532729501,0.21175320321713,0.107445876810149,0.182091040447056,0.179158294398937,0.176310872522534,0.219342302930669,0.217843993736325
TRG_021,0.144045622319778,0.132099832906384,0.173194733207553,0.253172040290097,0.252282751659118,0.191337433634702,0,0.209509711618849,0.0548961324437114,0.147084766463604,0.174939673945862,0.222342613757838,0.199062640090845,0.0756220913586122,0.200341698432351,0.12289739494643,0.284275559439198,0.238441905025373,0.289909919975484,0.156555389239634,0.160440601942627,0.12477560652966,0.0845663137480557,0.25435689012939,0.24868837742127,0.166241371442194,0.165120905061632,0.230542711980753,0.117330552641478,0.0601515951773077,0.183304898290629,0.167854451825412,0.216984098050391,0.273862020476853,0.067849519532432,0.168015433035809,0.17835640317128,0.176260198033919,0.167019797192226,0.157313601701109,0.284751748091429,0.27810370193776,0.257669088116135,0.179410723261112,0.125107108067553,0.286359632018962,0.271488169218019,0.247561044154723,0.323603095957401,0.298651375839183,0.153090554213795,0.298687346130568,0.171825446340301,0.299557316063647,0.236697344149954,0.155594174658399,0.19612620346145,0.152426203363204,0.208414413114505,0.103244545763862,0.192463345771657,0.115758856112497,0.167579923316261,0.247169824632072,0.096988248997557,0.245507051140439,0.324467956115858,0.13284102915347,0.248471378739057,0.141283267566308,0.249123210938631,0.189650663565045,0.280334136485022,0.122372033314224,0.275318650381919,0.158188292267476,0.310142455511412,0.264618701410086,0.129241757083895,0.20601623031372,0.145235607491013,0.191404217993188,0.303110402414352,0.218935854605584,0.136733611162241,0.175608482982341,0.133577010418191,0.173069534541308,0.0899437891138707,0.254391935944754,0.25893418856016,0.231205679063669,0.305958015947693,0.174637747376685,0.191081478704969
TRG_024,0.149990806561792,0.23473918809357,0.334624239794746,0.283732015015853,0.172873061498006,0.149398207481988,0.209509711618849,0,0.157525209953392,0.179381783378913,0.12361821669897,0.208375045809637,0.167709451507982,0.213054087280669,0.104273868462435,0.122211126819252,0.215628738800829,0.0678988876107823,0.274825277708119,0.148150916371614,0.222295017324524,0.243219200716303,0.162888256748311,0.214510357475248,0.169445193611784,0.230504196331566,0.18410162812562,0.223425692654759,0.216106139993061,0.17185483542782,0.119440394465905,0.196163531419043,0.20723918175874,0.138973446615915,0.183572579671018,0.214391860416984,0.124039202416986,0.157892818792654,0.163457087061274,0.260773288669279,0.179664160601659,0.18465716205161,0.164961252848423,0.218462378279168,0.210468549957533,0.183495203654485,0.260281477932435,0.1807300559196,0.211975915142518,0.150819446444497,0.194850066711167,0.329299424734821,0.213871072124596,0.201351641411534,0.197649327423985,0.188317392571835,0.226737029933209,0.232605449842902,0.233642751201107,0.254385580796009,0.140606915617031,0.158391388088801,0.127743143726322,0.278368182773655,0.235258400680121,0.198633386492778,0.210214974584579,0.291057845076964,0.134809368556381,0.206531922169921,0.148387499729668,0.279621828186532,0.176224468445436,0.27196447482772,0.161524718138749,0.16725988121233,0.189028975298784,0.163169481396393,0.247417686812448,0.212648850589306,0.210152514036051,0.22779251478126,0.174727028039485,0.200382032468428,0.22128935648906,0.217614744218993,0.200280671455494,0.205955454172733,0.186096589670854,0.18948738954153,0.115355885920623,0.186303333090198,0.269251816186519,0.202864896971806,0.254705308695396
TRG_026,0.0632354464356908,0.131739983166605,0.149894755075305,0.191681011688009,0.192900908307519,0.185148078999889,0.0548961324437114,0.157525209953392,0,0.106152158015772,0.134125126250027,0.174114418145471,0.151489216958971,0.0650843835020587,0.134031369285676,0.0721579984556356,0.211583001928029,0.154454997515648,0.248992187274018,0.136328754336241,0.0905291847917861,0.0996237951549409,0.0665415457069102,0.135522888434082,0.231106970863843,0.165836737959988,0.129309832835129,0.169003509241363,0.0731633461126234,0.0467394123213988,0.140713349774038,0.0779985095987769,0.184889003364622,0.199381023465317,0.0679778952988626,0.127106013435007,0.18068445360965,0.126154246842347,0.128142465522018,0.0929680693291127,0.193264710628397,0.241945284946017,0.20070376959547,0.125615026337955,0.0588932790970004,0.177995061365111,0.200726756928818,0.151481928492244,0.219078154982048,0.213791255419386,0.0896686164379036,0.269480936022157,0.162644824174381,0.236031317614876,0.184240124129148,0.155435947523899,0.232553732140172,0.0848428479412497,0.178333872697009,0.0826478603035879,0.140109369998581,0.11126320847906,0.14089872605781,0.182081430232928,0.100062888056622,0.214453612200982,0.247088795949558,0.0962426713169778,0.154916158296391,0.0885002124880202,0.146479009892651,0.13574964409267,0.185649606105657,0.129478848768722,0.16451603379596,0.12917339500355,0.214213564234557,0.176074605509216,0.148375747782718,0.121859940996714,0.119344593726278,0.125918403383857,0.210143523572191,0.202369003621358,0.0610096745322224,0.151499867157045,0.0791869288365868,0.109680189888735,0.0708833853946685,0.213470652874186,0.195086813123919,0.194429124514757,0.177818334673672,0.10544086165574,0.157417144352963
TRG_027,0.0948740544719323,0.248964823403997,0.216460277659921,0.0577497703509495,0.179938555250551,0.131701421894668,0.147084766463604,0.179381783378913,0.106152158015772,0,0.0660556114891065,0.154921070028652,0.111096743782757,0.164973829351478,0.174364786243593,0.0801941734819991,0.166360898371057,0.10444331957138,0.280406565985073,0.11287800663449,0.124893664931812,0.206988830927207,0.0848314026260883,0.0841645798513272,0.17853811032405,0.155708583869936,0.198381277149845,0.178805069904006,0.118037024446811,0.0823629310105766,0.145307415188054,0.159625430663401,0.187548937136576,0.140396646758079,0.136490223275524,0.0592460193689051,0.0941814415939709,0.156868562081644,0.0869489034675275,0.172343414868161,0.169213429808426,0.130235636897775,0.15517040354784,0.106548686445601,0.156864063204409,0.082872333029103,0.094951445611771,0.168340855597503,0.193999096147472,0.161959317022827,0.178286938871891,0.234074888739078,0.137618608260337,0.212868424799831,0.128801644890729,0.0998795068657302,0.173485451639372,0.172512422854655,0.216140263429129,0.233429686966448,0.138171839934077,0.13541799392641,0.14315334962162,0.220822616858886,0.0828091045246842,0.170141378781492,0.175176320138808,0.191709676583533,0.202697101239298,0.0615238836483902,0.180567522912032,0.200589852397325,0.148893126724926,0.161801415599599,0.0814857727444537,0.138567354374625,0.216433975173873,0.125279238547206,0.1206458550763,0.121708930433652,0.216037185379434,0.151750138586656,0.183018579479864,0.229161866286393,0.198696795715792,0.122016993827377,0.197697435366413,0.0869399876465519,0.0538950629976401,0.166988088953913,0.25626417632147,0.14285968868072,0.153351356195395,0.159053613884146,0.187876304733056
TRG_034,0.0818458535750736,0.20276008250842,0.212457434785529,0.124966688840901,0.218519898643838,0.146779819107969,0.174939673945862,0.12361821669897,0.134125126250027,0.0660556114891065,0,0.168059034583193,0.0649817979883545,0.167843651702589,0.170441877462798,0.0971127994828819,0.169652133869223,0.12583237000225,0.264950474500997,0.115342887999686,0.183882173629313,0.154136073056176,0.146511125506855,0.160545876900335,0.19628892939501,0.158461815058333,0.189607955835835,0.201890392555687,0.146822925217514,0.104212906397729,0.157825670849088,0.195005842435215,0.120105499461738,0.142058008185741,0.14120218526191,0.121173772032225,0.0652349031570711,0.160391607148085,0.123873500969619,0.169018232927162,0.184482739090042,0.101209545919645,0.0830661691247455,0.0668774546702432,0.171851839070192,0.117766918720762,0.190488435886972,0.140819351282456,0.142202846190002,0.158573792771079,0.206937627677907,0.266618590777624,0.135018714092421,0.13223094907003,0.176707437921586,0.152148903406489,0.103450107391404,0.139161795328588,0.197113080679701,0.202436740635246,0.133198593189572,0.133368645676066,0.140725743487301,0.274956311837949,0.125558313982184,0.116353755830121,0.183178263003728,0.249404392223842,0.158466553276721,0.123611208314104,0.209159488174044,0.22480406972437,0.173762248569984,0.21713640129255,0.101000712696093,0.119298567928066,0.167346153693996,0.0918569826028309,0.114233570821048,0.183851464436815,0.191054440457424,0.165872427537401,0.152824069836445,0.227108831186772,0.203276554949117,0.188679347774479,0.195984107145321,0.130096880708204,0.0947222559816474,0.105831265978158,0.184433535745546,0.179222363428639,0.168049170061288,0.136685456625088,0.135540445764039
TRG_035,0.175833605190296,0.216790305767977,0.138609679138001,0.157875675024559,0.0815042022144509,0.188419283276158,0.222342613757838,0.208375045809637,0.174114418145471,0.154921070028652,0.168059034583193,0,0.154197384601539,0.160914997657782,0.160396714228505,0.144385296871323,0.110934930043121,0.136487560848069,0.169738801501456,0.189979988131673,0.279864859406456,0.127996186295645,0.200195548171876,0.159097615561705,0.216316086381508,0.145705475018284,0.148905612396235,0.189356560607931,0.139235527038688,0.192148518534922,0.155795013350646,0.269434343106358,0.156226878544284,0.16378597649712,0.143725421976881,0.17377525182573,0.174524903326763,0.157600641024675,0.213623157289894,0.248577973870632,0.157179303498839,0.27428218640833,0.183181913946079,0.191444431664658,0.210469849406699,0.199989181661136,0.209302885202054,0.304264113272581,0.329341397672612,0.259169497427345,0.272739650535427,0.28387414065716,0.214856345951112,0.23166810304317,0.171488074098621,0.207306764923121,0.209573917091656,0.206257365315565,0.147481208965262,0.220539725779942,0.235787625483495,0.189656921487851,0.171095636975573,0.145434097497951,0.181973678161058,0.189944516419753,0.242884703979621,0.215580824260469,0.257295962975747,0.201766338703298,0.251736863591232,0.270145288881227,0.187971809980341,0.189433799822215,0.191512227538056,0.190024274923719,0.273256467946304,0.170089042742067,0.155700224668672,0.263464264557599,0.206103445833095,0.157187029813624,0.272873527918959,0.187670374515945,0.183827129935778,0.220189167855819,0.192184568688539,0.229167157097203,0.217226488679147,0.1930190542596,0.313096455231163,0.255830111384422,0.186795152209696,0.168442948688956,0.247604686018744
TRG_036,0.111697349372772,0.163623692046161,0.226252752740528,0.124191133695242,0.170605669376967,0.100329592398826,0.199062640090845,0.167709451507982,0.151489216958971,0.111096743782757,0.0649817979883545,0.154197384601539,0,0.191313286894884,0.153879222669512,0.119727134831679,0.184769039379983,0.109432339226224,0.281614265114233,0.133220619613008,0.215640913196994,0.16101570722823,0.186470020927378,0.185220008329656,0.201910908072011,0.187748791590167,0.161949038873207,0.222486391339728,0.143843345748617,0.144328224520473,0.16938774798273,0.174506811370159,0.089427617698764,0.174958223139157,0.163766656910158,0.174356683840238,0.110096505587626,0.160586928108063,0.201388488322394,0.147543605325091,0.202680211719792,0.106810319314723,0.136781250265543,0.149987999615806,0.227880158624533,0.0977059494459586,0.124667425541441,0.210535265417361,0.203011695730528,0.187206871886125,0.18398816553244,0.274128218279597,0.150608114152521,0.107612468060816,0.229087730030187,0.219967036486113,0.0968031379047224,0.199582817422688,0.162431579073398,0.230095073603102,0.217578313019616,0.159729874594155,0.171226398002748,0.274080630333358,0.157032965924735,0.0764262755392974,0.166891078749636,0.254162972884148,0.159524137840232,0.185615751881093,0.15998371913166,0.290491144236645,0.171167912476178,0.198464803862367,0.0875506750376306,0.141628685056709,0.158427923027083,0.113458147862287,0.127116897546757,0.204687802527337,0.196517824925074,0.205833864555708,0.148841568185044,0.256317292907202,0.195285325647214,0.262217142272457,0.162625249775529,0.22279152800745,0.179831568602823,0.117084636586898,0.249260964884442,0.252667092783632,0.161411172864187,0.191073435686976,0.105347579774236
TRG_037,0.0896167030531926,0.102095678448167,0.155864183319956,0.225514030147209,0.189807032238919,0.185975063642125,0.0756220913586122,0.213054087280669,0.0650843835020587,0.164973829351478,0.167843651702589,0.160914997657782,0.191313286894884,0,0.16312647896573,0.0742653395146039,0.237806736004965,0.196780848957486,0.236023343968368,0.14182589727011,0.154625050288301,0.0809337447618882,0.10486213745722,0.184727662113005,0.19725157403298,0.21419051443426,0.0531827409060966,0.169661704570519,0.0712432016215766,0.100474609511692,0.113844841170073,0.171889950197843,0.159732287257721,0.223745433205412,0.0819968532973575,0.156853995495032,0.114441626319946,0.129368881998516,0.17211210987212,0.117439780120073,0.16495599140676,0.29181450119793,0.189115141606229,0.145798942472825,0.108918325543594,0.251881569293213,0.236642399855237,0.186876450807031,0.280305214135073,0.251206262764113,0.204356903296785,0.27515105263374,0.205636640175534,0.292908318335315,0.152291124534176,0.169255753647483,0.196755994660903,0.0628390584382948,0.135097994008873,0.0653035767848174,0.142134157435519,0.093936926148713,0.0724047666553845,0.175728908413973,0.129387034881152,0.265328099181369,0.281825624732422,0.141639356296323,0.19721374396743,0.194213922594668,0.236627442728584,0.0924197390219721,0.221700350004135,0.127305634863949,0.221648373977663,0.101245734444275,0.279465129940262,0.18992269090036,0.124401006735274,0.147856211046107,0.0361177391358409,0.109383875084702,0.289566445959194,0.128639948129521,0.0868392538451905,0.148173862836468,0.0781830925549167,0.166095705901266,0.0886332179259394,0.240193167876958,0.237777580287383,0.212147777863771,0.272311221501529,0.120232359899738,0.168228384331449
TRG_038,0.0794511740933409,0.199157312420739,0.230382846756947,0.194835480492649,0.162541303392107,0.136839837744246,0.200341698432351,0.104273868462435,0.134031369285676,0.174364786243593,0.170441877462798,0.160396714228505,0.153879222669512,0.16312647896573,0,0.103811604549716,0.206713119692822,0.0839085882871698,0.208518962182979,0.199749966819184,0.186461686164096,0.168020273634305,0.135220072382294,0.182541318683591,0.261664604376843,0.203651138510933,0.159859906206783,0.138793785122465,0.193620607322657,0.181685733982336,0.118649816232423,0.141126923123614,0.162169353664389,0.141506921829479,0.132666360929234,0.104016467216504,0.180685566799219,0.0995248808930477,0.189614798286836,0.185501218753375,0.142116333135583,0.189436149596818,0.115584293417616,0.211283024968125,0.153614492718108,0.20892053029413,0.228718308820377,0.170374765829115,0.224218771107049,0.170508665160086,0.26980969117979,0.220348692300392,0.153568484875854,0.194233965211913,0.107983784788547,0.236302334943392,0.132899894828195,0.192630709434833,0.170499956107173,0.174011603378951,0.155594747019157,0.11054941859702,0.161834754590032,0.152156026844483,0.163815866714294,0.155908762943062,0.158371601407507,0.259140338745606,0.0958321473969056,0.239363220741092,0.116687256851361,0.281366244029956,0.169306313437768,0.130729250621266,0.17362780061197,0.125630681286805,0.188060836792619,0.1602281385642,0.148706737111027,0.171657847245013,0.168838789850491,0.209082821968853,0.162436174629445,0.12798097801696,0.161618117896169,0.173148656985087,0.143141882727781,0.257206880908608,0.197237361899135,0.149579355022227,0.091546810224085,0.125974908372635,0.122274845458386,0.211399378021454,0.179602766964871
TRG_045,0.0513346536795943,0.160221701456628,0.198501320546586,0.174114784714104,0.149199166876088,0.175046595335517,0.12289739494643,0.122211126819252,0.0721579984556356,0.0801941734819991,0.0971127994828819,0.144385296871323,0.119727134831679,0.0742653395146039,0.103811604549716,0,0.141679591363243,0.124228420555608,0.241633007062839,0.0730652021258774,0.135479302461443,0.138320098352195,0.128158610596521,0.108983817140276,0.225111420658897,0.174507987502584,0.143819919366933,0.131511036120423,0.0682970891956663,0.0900379398552165,0.123653607121237,0.120718240143643,0.156511014209439,0.156032418991514,0.095491724312054,0.142232172857346,0.0936608507785527,0.111180305999833,0.103262703854686,0.102815207005444,0.143661954308899,0.200429778642715,0.133412613468249,0.110617479366173,0.105283541858676,0.132382192778991,0.185787714983,0.155871561079386,0.214567580696646,0.170896717091143,0.161285059414139,0.19840806357368,0.18093291401616,0.222920585200583,0.140249552183558,0.0981382060936337,0.173428935315291,0.105755319828107,0.185196878251844,0.111317021360843,0.132453062121343,0.102032537782731,0.103918899477945,0.175346038559241,0.0886002432776366,0.216149503742258,0.206146313261796,0.180037832740926,0.174293302608007,0.147117091879854,0.170464689002079,0.167530489496899,0.208969945160903,0.116803763965833,0.14445296597189,0.0824618364435832,0.215593050669632,0.1073863957688,0.1233589748356,0.109649476308727,0.103671836487716,0.132848601926129,0.190284154734105,0.123592692176557,0.141398924785928,0.12190030154568,0.0883796055772272,0.111194641549746,0.0701532217697934,0.22841151747437,0.197924003422508,0.168687824394877,0.193910891180238,0.112788231533562,0.110939324255451
TRG_046,0.179458163816232,0.278763093938022,0.284155110856653,0.188301433929418,0.137493786349975,0.194607393735267,0.284275559439198,0.215628738800829,0.211583001928029,0.166360898371057,0.169652133869223,0.110934930043121,0.184769039379983,0.237806736004965,0.206713119692822,0.141679591363243,0,0.194321361193236,0.259066276318427,0.158780718778448,0.270492578214606,0.183595858717095,0.230998407347921,0.229942751506261,0.29600613749589,0.188261065966961,0.233475892724394,0.18490209145752,0.206165484205001,0.197206373144472,0.167323433387698,0.234375025781684,0.222612693813945,0.219549658701642,0.211492715937319,0.177773998153456,0.175255303917477,0.188327304415627,0.22171744969576,0.253806980728056,0.260674406228149,0.230342865731917,0.198834083182345,0.247528143186515,0.274098075159775,0.201817924764739,0.270478903610195,0.274511098108321,0.282973658529488,0.279770606381031,0.235554817348876,0.236000636724732,0.251771686393709,0.204371979379664,0.160211473920168,0.186596983455909,0.264934726426717,0.208154066651006,0.231380725333525,0.330810367173359,0.262035904266302,0.239313301596363,0.235168498754534,0.250600584139287,0.187383978235347,0.240445614318131,0.28495738156604,0.254689373440709,0.275447795698269,0.245633218753993,0.249936936933243,0.294948097125502,0.278877954312138,0.208359398743739,0.192797749193346,0.184816110494428,0.281544307533023,0.0859155314694503,0.239214658086373,0.250701440822238,0.286120405463789,0.272749373343166,0.273750408537317,0.208387091867109,0.211520848461119,0.262950707450998,0.218331981244379,0.224333765321998,0.224878486155954,0.27912076801746,0.287363515102964,0.209198388785653,0.238237720638057,0.19554333995519,0.195122164388829
TRG_047,0.134328901129918,0.206079942871614,0.202314286378839,0.176632108584086,0.108769251230059,0.0959232546110987,0.238441905025373,0.0678988876107823,0.154454997515648,0.10444331957138,0.12583237000225,0.136487560848069,0.109432339226224,0.196780848957486,0.0839085882871698,0.124228420555608,0.194321361193236,0,0.250641537438457,0.169930759309386,0.190082516308964,0.164065291657995,0.132845701330252,0.126663314845395,0.189756380945337,0.218640997139661,0.132546292599418,0.253209062078091,0.227146245846984,0.167774287822949,0.0961449144183181,0.179183617568237,0.120140216047551,0.118954386190125,0.152281389220529,0.165744465976402,0.117435646233008,0.171131766689335,0.155586115097043,0.233917159411309,0.169390802806104,0.150493371259579,0.155869033407319,0.215424137595297,0.201283941289605,0.131401171105518,0.134262505225272,0.190349946749159,0.21329326713565,0.13006829751888,0.234696587074875,0.296384799874647,0.200485051545107,0.204074960879601,0.15120672813878,0.190295661185406,0.152889531813514,0.225730959070019,0.136824746368284,0.249078338962328,0.146972845461223,0.17895240533672,0.128078178101562,0.245678716815083,0.214056107331284,0.146710882747891,0.144377966554032,0.227922720251158,0.149483487049812,0.159075600395506,0.120533565102034,0.208730122587378,0.111471663483197,0.249242783905238,0.1174578546684,0.165950184653924,0.186031932872445,0.136622407174755,0.223024852284476,0.188648085490712,0.184532176061498,0.158025032825605,0.155672498335534,0.184786217321557,0.233369368659545,0.184010764255035,0.190001642710816,0.196003648048439,0.167929285467577,0.160556742596764,0.146516831753113,0.179889600457329,0.189428218920698,0.227708967649882,0.238063237933205
TRG_051,0.241623350468041,0.264013524996952,0.14914001702001,0.239733014490987,0.200523481930077,0.180792437941835,0.289909919975484,0.274825277708119,0.248992187274018,0.280406565985073,0.264950474500997,0.169738801501456,0.281614265114233,0.236023343968368,0.208518962182979,0.241633007062839,0.259066276318427,0.250641537438457,0,0.281943770922095,0.346812747364811,0.230955953489832,0.222374795002295,0.265791560302192,0.200890650547435,0.203412293143671,0.248511030698204,0.191259020853211,0.235045355593696,0.263429023320536,0.120595534848348,0.234205498182325,0.214261190765013,0.198792296476778,0.207886262514016,0.196266066711805,0.230492313680882,0.228737389929004,0.265207307966245,0.279413354167683,0.181637410884374,0.365317188093867,0.225561780940037,0.228248093312517,0.278016907279014,0.31243679870924,0.29434752528875,0.31880835843423,0.359437958681882,0.311431639470529,0.247571975780073,0.209650802047043,0.236929477497965,0.324475851960077,0.203343652369717,0.265199977569088,0.262742649659225,0.206250552112479,0.225071107364533,0.308237194223134,0.225790170970894,0.213184014054116,0.216698056141616,0.182551048278649,0.259649465468792,0.299383807247698,0.242126032845391,0.301851958739946,0.342424805056748,0.329706424243868,0.239270176190117,0.259619220259379,0.289800282347488,0.245155448254621,0.289035786745369,0.242522983825504,0.334650834531788,0.257066411563446,0.211720133458639,0.333044737512537,0.216173599259559,0.262308771164521,0.360998215505372,0.245861535919685,0.252755439561541,0.274955156728935,0.269218827821163,0.309007059174457,0.257201983299386,0.309487949139829,0.290908150179739,0.265668076986675,0.187725500420658,0.213467537005556,0.23143159918783
TRG_055,0.150343696161179,0.195817849434183,0.276233254969287,0.18674586916018,0.167422717306722,0.223462336970177,0.156555389239634,0.148150916371614,0.136328754336241,0.11287800663449,0.115342887999686,0.189979988131673,0.133220619613008,0.14182589727011,0.199749966819184,0.0730652021258774,0.158780718778448,0.169930759309386,0.281943770922095,0,0.192925969044454,0.174073905813795,0.163159025665402,0.154953524687424,0.225369835558505,0.204473144910401,0.182571662522232,0.219799464204967,0.0822488865078711,0.0873222828701027,0.149756922601353,0.230124319533376,0.183119973771052,0.231242415879379,0.121354497367014,0.135040121128716,0.0854631317815225,0.171314454334133,0.123512276395548,0.161818749596652,0.204107894457301,0.259372211814159,0.229629242283493,0.156717953598368,0.194458992026229,0.157258522897464,0.214015104866964,0.243860457631166,0.284275761407738,0.20499724779549,0.144646820362797,0.287416334078078,0.22460483500779,0.208138387858372,0.151124069318289,0.0832152531684723,0.222551582606001,0.183646432505633,0.206612006803912,0.215981244912247,0.138319135505998,0.0701208534166771,0.145365077772469,0.275160094767483,0.0491270072201916,0.23181026561677,0.279988448991194,0.257446130823377,0.220280705426942,0.11670662902705,0.224797550810329,0.23312749533236,0.238290433026189,0.115638605627494,0.18040551996965,0.102004723420316,0.296345145586923,0.129003287788998,0.125635431002567,0.192384619277732,0.177242418460434,0.24537161598864,0.263461311400272,0.128277228552546,0.198298078886404,0.18724293222482,0.196055677563589,0.112601533533783,0.0770499256222327,0.265242873485434,0.180201080424409,0.124837613013676,0.266495859504196,0.140456955015023,0.16496915334868
TRG_057,0.0919299414477082,0.281562910998441,0.245336732459999,0.146781111713616,0.302433845639659,0.192754763986895,0.160440601942627,0.222295017324524,0.0905291847917861,0.124893664931812,0.183882173629313,0.279864859406456,0.215640913196994,0.154625050288301,0.186461686164096,0.135479302461443,0.270492578214606,0.190082516308964,0.346812747364811,0.192925969044454,0,0.240754277710147,0.0776495586705034,0.0968061578101446,0.319056646523473,0.137423873922829,0.233592366435455,0.192104128596521,0.147993031615374,0.102708058802061,0.216220966952491,0.0678059557071266,0.27477060425966,0.234007446000335,0.173713579648692,0.177930094330727,0.206235081105925,0.258468494215871,0.131427603088237,0.122334779689239,0.230399274132897,0.14395056320884,0.214320733233126,0.129952219903274,0.0582150581327875,0.113221769508313,0.165873434183777,0.11222373423458,0.171073227120923,0.152247452323187,0.152869625347468,0.280758011400971,0.250626910899416,0.252820761783852,0.162999211460488,0.197613096901823,0.25502060675547,0.14472847105345,0.30002192095436,0.143931401662432,0.165927918898915,0.223172403729591,0.19620927099929,0.21934209611415,0.174980005177028,0.197912572583527,0.193600282239439,0.215187655108001,0.189267630154251,0.107176568861877,0.0968810724928643,0.10630113513888,0.15314476904558,0.305961445598308,0.116925820640645,0.220317935831627,0.21060692954861,0.240406215503061,0.285628273713029,0.0625480415218876,0.186769199102056,0.142074165264998,0.150833230490846,0.331974630001318,0.116080752839858,0.130495487354231,0.163870853146671,0.104396201118972,0.0992746729729644,0.25266318132623,0.219912463842544,0.198087752187191,0.231668677488563,0.181926247351543,0.209601237682746
TRG_059,0.161862520429117,0.0705177755251634,0.117339244812322,0.246980487634608,0.0871960337861832,0.17094153094075,0.12477560652966,0.243219200716303,0.0996237951549409,0.206988830927207,0.154136073056176,0.127996186295645,0.16101570722823,0.0809337447618882,0.168020273634305,0.138320098352195,0.183595858717095,0.164065291657995,0.230955953489832,0.174073905813795,0.240754277710147,0,0.155303923712922,0.257050788865045,0.209078936602563,0.219293682879886,0.0994375592731362,0.28235957144695,0.0809251508082806,0.149089480774203,0.212652783258939,0.234250699912535,0.0690533098666682,0.167940107480481,0.140289964470867,0.171852084920537,0.202969542851001,0.210896625747818,0.254932118197707,0.173291971245685,0.222334046255137,0.290160163319154,0.219331849587699,0.152838408294194,0.191431313137699,0.239746351147773,0.185675699958478,0.269443232673009,0.336311703755735,0.29975949278541,0.240025836589334,0.317076402190417,0.16810729234744,0.258932480205365,0.294153401710273,0.27011372327724,0.163353469704485,0.115282720792169,0.0617843624425963,0.129749704292705,0.187312531748115,0.123787481919518,0.173133194199105,0.220666892451586,0.161098975304629,0.200902340406045,0.223317950097815,0.189713109634601,0.245165483309869,0.208076481210662,0.304845258554715,0.190817093510321,0.284663831422762,0.163310132866173,0.207699534028049,0.165758996376506,0.270292248315897,0.164529389503472,0.108725415036242,0.263040357448112,0.126818953994103,0.202539746507455,0.299680955699075,0.166565653022388,0.100604280154528,0.26243297723355,0.10766214229723,0.249605251101894,0.167149891547187,0.215100978817155,0.308166578391303,0.296614222476874,0.228233257534785,0.121626736560823,0.201507643200027
TRG_063,0.116187039382171,0.195209196931298,0.215971551256387,0.129869482281699,0.232272400944579,0.17470400885868,0.0845663137480557,0.162888256748311,0.0665415457069102,0.0848314026260883,0.146511125506855,0.200195548171876,0.186470020927378,0.10486213745722,0.135220072382294,0.128158610596521,0.230998407347921,0.132845701330252,0.222374795002295,0.163159025665402,0.0776495586705034,0.155303923712922,0,0.119665754249388,0.229868818526128,0.139233473604242,0.145652576046534,0.196326154052632,0.113899132895833,0.086732040210468,0.178548756482187,0.141335890187226,0.23891498385377,0.17483376338343,0.126445432031772,0.106660740428476,0.199323111361413,0.181158049063114,0.126887501805268,0.191804672727062,0.161234754258136,0.202595820180246,0.212384506600647,0.167989481871537,0.120189667840055,0.16891060366578,0.133665231748189,0.165930299042346,0.233674057495365,0.175162763226528,0.179078150523017,0.254790671350475,0.200202426177564,0.224655122267576,0.134771602909247,0.170643700756794,0.23186007021897,0.158556539445087,0.252644863111399,0.165130474321167,0.197932976784572,0.159348434565454,0.192295091155731,0.174837941606303,0.145616265331029,0.217046076469308,0.204772873610193,0.168341563219525,0.160962939201429,0.088331755415993,0.145745285502973,0.16663481970668,0.158790381101492,0.19972568025976,0.113363244062422,0.165866642476337,0.227905951924662,0.215477170575767,0.185978300965135,0.112346300952289,0.183054037034391,0.159835280747494,0.221194501476886,0.256367724985652,0.0986573088736442,0.107385168588409,0.146136219553604,0.142255690380848,0.0814977554492581,0.229287324389865,0.216580296072304,0.208501281144515,0.221266099699516,0.166049905191516,0.243612918540085
TRG_064,0.107995395474743,0.269431893183262,0.252970016620957,0.101379959046429,0.192256686951929,0.169615243331092,0.25435689012939,0.214510357475248,0.135522888434082,0.0841645798513272,0.160545876900335,0.159097615561705,0.185220008329656,0.184727662113005,0.182541318683591,0.108983817140276,0.229942751506261,0.126663314845395,0.265791560302192,0.154953524687424,0.0968061578101446,0.257050788865045,0.119665754249388,0,0.262946378352419,0.133743195036005,0.20063925361431,0.218272254417257,0.14393535728407,0.139613131919745,0.157737576770062,0.150885074992417,0.17446889072069,0.157083942205989,0.191642799467047,0.107491752176246,0.160287983641393,0.174094634493101,0.0746630643132008,0.16613731792774,0.118839231012359,0.156187803325015,0.177265293427029,0.138479990472016,0.11757368238971,0.0768089448603,0.0958582142942807,0.124484141046064,0.159872371850409,0.110426262935147,0.198301751276264,0.279387136557101,0.223487681677311,0.202623969396745,0.116311553931664,0.149712330009583,0.216835450489001,0.160370788658394,0.18698096794349,0.231174077027809,0.116475333820393,0.168223314453306,0.166769113366196,0.175906621700512,0.167941137277312,0.149578021844305,0.137238522691327,0.267641854197509,0.178010879406769,0.0928610760818503,0.137599338535882,0.148566111653783,0.0806559822707357,0.249391673595357,0.0671588686167025,0.165705447327805,0.159009757683655,0.220408093540699,0.250932841509277,0.0734922079547241,0.215877020163865,0.111483938912872,0.142300915261792,0.251312829829597,0.176943562695754,0.0975526154951004,0.221930223480919,0.0786265067499707,0.0877333033428102,0.208804555810883,0.236286189923769,0.140970170629117,0.207172196299454,0.179925380879821,0.21280127464846
TRG_065,0.199632847547674,0.1906816538055,0.204312483531129,0.202186714388928,0.230157255199829,0.167139998799724,0.24868837742127,0.169445193611784,0.231106970863843,0.17853811032405,0.19628892939501,0.216316086381508,0.201910908072011,0.19725157403298,0.261664604376843,0.225111420658897,0.29600613749589,0.189756380945337,0.200890650547435,0.225369835558505,0.319056646523473,0.209078936602563,0.229868818526128,0.262946378352419,0,0.24963801430728,0.165467896560398,0.227028588667525,0.204158153306755,0.225881085948494,0.151533195096819,0.259297705573347,0.18235668620297,0.207076884335003,0.225838752762621,0.255285720125803,0.152780896743219,0.198166759741946,0.195002585544695,0.205945593668843,0.234689945236152,0.312782784383521,0.257232320865807,0.249242062038559,0.238285984822134,0.300453815942904,0.265727148443939,0.291038740141808,0.349434083101888,0.299439317772286,0.241731155685097,0.180602249222488,0.264783319488136,0.262889572305024,0.249657111444135,0.175856286886054,0.25170621361748,0.131991559663335,0.175928602681206,0.218341124944261,0.189284334041496,0.200079086191309,0.157599201891701,0.221753613597217,0.265623672020391,0.262126258802985,0.2705183196567,0.250694939788117,0.240307365424652,0.195181235972089,0.280081183464356,0.202876749880626,0.243949238784916,0.201885006796031,0.243077016157497,0.233437226158725,0.294433699969113,0.280239679855873,0.234496095088887,0.325400562437257,0.164806632994745,0.183652302266936,0.319416145673643,0.280577115613248,0.147428558332703,0.233547162779426,0.208389720788145,0.255647675923004,0.257529544841005,0.200906307644266,0.292839509818536,0.28139682224944,0.333943792195261,0.241835411330211,0.206764264821644
TRG_066,0.134594335025769,0.229816540019072,0.163647138250268,0.130465543110787,0.274799373059052,0.112768304424346,0.166241371442194,0.230504196331566,0.165836737959988,0.155708583869936,0.158461815058333,0.145705475018284,0.187748791590167,0.21419051443426,0.203651138510933,0.174507987502584,0.188261065966961,0.218640997139661,0.203412293143671,0.204473144910401,0.137423873922829,0.219293682879886,0.139233473604242,0.133743195036005,0.24963801430728,0,0.228758054391098,0.230869694483237,0.203964419807256,0.160304250340051,0.182528604332436,0.197888603024556,0.222223036214427,0.202176305787915,0.173730376924552,0.188527099751429,0.193580891980726,0.1883611004989,0.134072487757699,0.209789886638244,0.16243156263638,0.165717771231504,0.19431234908467,0.163998893911086,0.166694144161762,0.133235034822102,0.205000248289319,0.15336714937714,0.177961317189463,0.140864818671533,0.232798036074837,0.239768873168115,0.24374250897408,0.197295829751526,0.170559385676361,0.188666060423979,0.173814118778264,0.180600727669196,0.28890021462228,0.245407880058499,0.155456560990609,0.18591495251522,0.206498717112354,0.150748387253901,0.2377460795843,0.167059158324221,0.197528205911453,0.228921591548763,0.159686746832612,0.158327347719572,0.184440930814728,0.203757277973282,0.150191082074438,0.15838178444611,0.136842767697593,0.198103332726286,0.173681619591046,0.189084154037016,0.218755765455054,0.151022544364871,0.241172499944951,0.185537194570687,0.158096391279227,0.244362697450772,0.182460517611698,0.161545023134179,0.231414902517059,0.149799226079918,0.157523020321153,0.202862673334056,0.232169039324027,0.189851777640098,0.272412316270334,0.180624894373009,0.210239548117107
TRG_072,0.157741793850372,0.0852790812552219,0.217528356941706,0.216189051450851,0.152626043058945,0.145005407606604,0.165120905061632,0.18410162812562,0.129309832835129,0.198381277149845,0.189607955835835,0.148905612396235,0.161949038873207,0.0531827409060966,0.159859906206783,0.143819919366933,0.233475892724394,0.132546292599418,0.248511030698204,0.182571662522232,0.233592366435455,0.0994375592731362,0.145652576046534,0.20063925361431,0.165467896560398,0.228758054391098,0,0.186287151069504,0.0777858069779226,0.16172053508408,0.124751359459416,0.249685464191461,0.155567955611356,0.2675473931271,0.106319437751734,0.127326081778108,0.157660795304319,0.160178534405218,0.217602584082158,0.181948420312541,0.206579463036136,0.29434499839719,0.23427179355292,0.223786716964958,0.197700288093016,0.272822310848875,0.238333712763123,0.296784514125214,0.381041916175223,0.328089337637673,0.266232242277715,0.220526973175523,0.197675406317107,0.299937679288477,0.203134360909725,0.250402168035272,0.207044542222359,0.116753347833541,0.133556777803985,0.145546174361751,0.178242270098516,0.104149378274066,0.104105055936853,0.179009528215655,0.172963157722974,0.272079601727217,0.30843531275921,0.211522115180668,0.230281849650273,0.241368142192084,0.200093997354396,0.148543690718027,0.212858326084992,0.119266986279557,0.256907679820901,0.142203716035712,0.329879733258951,0.227454809693755,0.125493811820817,0.229127766923747,0.0791227539910732,0.1738016015785,0.330411559028539,0.0965175903099049,0.111909391966652,0.237902108909181,0.114397498364061,0.244355530187492,0.161646446867598,0.23216546603848,0.234210679154899,0.22617464603576,0.232183328602848,0.195689049167274,0.206598422694541
TRG_073,0.13788860322665,0.233637847216487,0.238795745806087,0.202688654680075,0.234994675682325,0.20729984590145,0.230542711980753,0.223425692654759,0.169003509241363,0.178805069904006,0.201890392555687,0.189356560607931,0.222486391339728,0.169661704570519,0.138793785122465,0.131511036120423,0.18490209145752,0.253209062078091,0.191259020853211,0.219799464204967,0.192104128596521,0.28235957144695,0.196326154052632,0.218272254417257,0.227028588667525,0.230869694483237,0.186287151069504,0,0.178297365164564,0.192181529147832,0.180770882355393,0.150567628968027,0.298506507608162,0.201637662267516,0.152317444857021,0.179914183589807,0.2050400417574,0.183876141898523,0.193372599405619,0.193539096465122,0.187700464681877,0.310977615231394,0.255429294766551,0.279991414727529,0.189074239988,0.277636739352515,0.26531667857858,0.30272967156849,0.349098189328248,0.310572224353995,0.190082201231775,0.0804923147757366,0.280377445092496,0.305318907233512,0.190256586849428,0.224092184691454,0.273176127255413,0.231772236996945,0.321305835741028,0.167546634482498,0.262521483835155,0.183172482824778,0.202025393139161,0.194875115253735,0.251442757549687,0.286247048569453,0.287311164006564,0.280069102898532,0.282230048148209,0.265611479548013,0.17117670405437,0.275201624168822,0.203464057376159,0.223146798237338,0.23342908285146,0.191346570384815,0.339516175336358,0.255623103477551,0.199386270414131,0.218146883405561,0.20996720020011,0.215286493228146,0.329844527091944,0.2442518997136,0.149656728607182,0.266934662833879,0.135452134275695,0.262719521795076,0.229729594410463,0.255445580325278,0.301735557877358,0.258036085455018,0.198391824016329,0.287055891680841,0.210103022497185
TRG_075,0.122857447238541,0.126389126936347,0.18792779475783,0.167182881911905,0.117418562272938,0.180718261378961,0.117330552641478,0.216106139993061,0.0731633461126234,0.118037024446811,0.146822925217514,0.139235527038688,0.143843345748617,0.0712432016215766,0.193620607322657,0.0682970891956663,0.206165484205001,0.227146245846984,0.235045355593696,0.0822488865078711,0.147993031615374,0.0809251508082806,0.113899132895833,0.14393535728407,0.204158153306755,0.203964419807256,0.0777858069779226,0.178297365164564,0,0.103505025075599,0.157175503461001,0.167519993395121,0.136456405748199,0.251157029661428,0.092452741764903,0.0917097577997747,0.194429467496398,0.160541513747303,0.156313930056936,0.121182419056401,0.193805766504624,0.285867828087926,0.203862060990346,0.114143962878672,0.145933749319703,0.190326029630812,0.183173321550779,0.215523368678958,0.277188781574786,0.255683415953103,0.155462975212901,0.257878162933757,0.173437256661637,0.264143360918282,0.222062848295817,0.15592773732997,0.205046484833323,0.0883541531457935,0.0866636525284266,0.107832046038861,0.127456118275872,0.0936036275870507,0.161227326279047,0.215405020958223,0.0749429948108334,0.229044484795164,0.269324080374078,0.133679574811026,0.220900704053363,0.127162454061678,0.236596344385228,0.125882284551316,0.209092608148215,0.10725438116647,0.157037415697651,0.143828701899883,0.270571365817304,0.164842439075312,0.116388563053967,0.137269843195219,0.117630315757967,0.14533500062928,0.28826382609711,0.129377186481095,0.0832888295741888,0.162229025224012,0.0784369405798623,0.143758596184707,0.0806226392968927,0.237873620089295,0.218451697811554,0.17002641047696,0.211490335916763,0.0886107579007387,0.165311228545464
TRG_077,0.0898734530821659,0.140602127315651,0.176822480604358,0.159722389781825,0.227574310720272,0.189929967529012,0.0601515951773077,0.17185483542782,0.0467394123213988,0.0823629310105766,0.104212906397729,0.192148518534922,0.144328224520473,0.100474609511692,0.181685733982336,0.0900379398552165,0.197206373144472,0.167774287822949,0.263429023320536,0.0873222828701027,0.102708058802061,0.149089480774203,0.086732040210468,0.139613131919745,0.225881085948494,0.160304250340051,0.16172053508408,0.192181529147832,0.103505025075599,0,0.0994350272873672,0.116253781074141,0.188581722273259,0.205070852497177,0.0437689111948477,0.0971991977435094,0.111816897161963,0.0915778847288889,0.0849313809506603,0.105174217619255,0.169870140740532,0.228892537490548,0.21644376615118,0.121864028602273,0.080141436500701,0.177433225212764,0.235490901414273,0.186892792595292,0.240139352614706,0.192862091989338,0.0772187067264629,0.252143758149285,0.109431830977147,0.248340098131536,0.101218623365258,0.10701352877555,0.187018893714511,0.130470793776344,0.215995459093314,0.141831383998663,0.0852012562270347,0.0645330052929659,0.110095853980009,0.235766958040369,0.0483978909503313,0.22658599098048,0.276271147525293,0.176740519226527,0.198046552574334,0.0644268335344078,0.172958438281121,0.161452875257827,0.152773402001618,0.113123622678184,0.183765311091049,0.0733945159577906,0.274355110012783,0.187991191252125,0.111828895998231,0.168689354565617,0.142914459497013,0.165789021119396,0.230757489450637,0.175435893996209,0.126939250360454,0.169887033430676,0.167083934838588,0.0804015472839149,0.0513654952424393,0.198920982673435,0.179666884508052,0.101312707984555,0.243184444049114,0.164671256486592,0.133616491752886
TRG_088,0.115743042617356,0.172519238554289,0.188645942215525,0.190403441242686,0.16001834035516,0.112997959482443,0.183304898290629,0.119440394465905,0.140713349774038,0.145307415188054,0.157825670849088,0.155795013350646,0.16938774798273,0.113844841170073,0.118649816232423,0.123653607121237,0.167323433387698,0.0961449144183181,0.120595534848348,0.149756922601353,0.216220966952491,0.212652783258939,0.178548756482187,0.157737576770062,0.151533195096819,0.182528604332436,0.124751359459416,0.180770882355393,0.157175503461001,0.0994350272873672,0,0.139395647421419,0.19638254783221,0.178296911425437,0.128411167534881,0.176021513626786,0.0782981505236698,0.112186320249943,0.105032313249414,0.14230196773475,0.148768891512292,0.233520687943529,0.192770537842237,0.173795614565656,0.146663658559583,0.223901524237612,0.258519397687957,0.200906661802767,0.262901649138428,0.207671724635738,0.149001472206318,0.211747321318677,0.218327607744202,0.260987247600888,0.101538568747629,0.136215835141329,0.210850458072981,0.120479788838317,0.235313528763101,0.198416894254472,0.102925124069082,0.0878576655758848,0.0700745010127436,0.155661862696826,0.164783427787127,0.213316061410707,0.264232189507063,0.265666471907679,0.187056469400948,0.174252802286967,0.117966365371508,0.153729251815412,0.157071564166381,0.148972711397246,0.241997083285002,0.0848063765195199,0.272121661487196,0.201682908581065,0.163564879575029,0.211343717891762,0.0827086895904531,0.142471508073465,0.207519341725784,0.131344892594472,0.181533739690135,0.174056413954328,0.235827648733067,0.173534710028635,0.130159676119017,0.184421941099883,0.15282664015671,0.118034501795504,0.167543143157228,0.186575587718307,0.125339765613199
TRG_090,0.0733710824270409,0.236584315035977,0.216825143617035,0.225647213193936,0.28748700594536,0.178767547630188,0.167854451825412,0.196163531419043,0.0779985095987769,0.159625430663401,0.195005842435215,0.269434343106358,0.174506811370159,0.171889950197843,0.141126923123614,0.120718240143643,0.234375025781684,0.179183617568237,0.234205498182325,0.230124319533376,0.0678059557071266,0.234250699912535,0.141335890187226,0.150885074992417,0.259297705573347,0.197888603024556,0.249685464191461,0.150567628968027,0.167519993395121,0.116253781074141,0.139395647421419,0,0.274813829306841,0.25127443440024,0.13975178792852,0.179626120372601,0.181301731226344,0.172028321403134,0.13605994055465,0.0805273837357762,0.212153108525665,0.182695239805796,0.224514930386453,0.159962676284457,0.0451080249770556,0.19425990039258,0.262884943051235,0.154983392022242,0.207846758487982,0.218046588427846,0.115083087636085,0.237315285651334,0.21162467565645,0.27599790345818,0.190421380113067,0.17169183343428,0.238888296395714,0.144037183911207,0.293375719833452,0.104947908383039,0.166375370570631,0.138244464206356,0.17876482392343,0.272072057758858,0.21133155216273,0.199191254812368,0.267553521391817,0.203480280569356,0.17289335908611,0.159870800107805,0.0578279175886222,0.169832454043658,0.19861894026486,0.232083722455725,0.193708474910626,0.167213249772657,0.222059660453741,0.244236424486322,0.203735029421444,0.135275722826023,0.180028064900682,0.149363629970213,0.163663534243068,0.273759842961152,0.115358848348116,0.220883822237438,0.113982969620256,0.164629467260824,0.16867951143573,0.20261894249044,0.157138929462882,0.153027080271285,0.132077504931317,0.209910524829959,0.140255926035515
TRG_095,0.158049375760826,0.0683939285969952,0.168997178800872,0.152340054859277,0.11658246147888,0.0981921462569435,0.216984098050391,0.20723918175874,0.184889003364622,0.187548937136576,0.120105499461738,0.156226878544284,0.089427617698764,0.159732287257721,0.162169353664389,0.156511014209439,0.222612693813945,0.120140216047551,0.214261190765013,0.183119973771052,0.27477060425966,0.0690533098666682,0.23891498385377,0.17446889072069,0.18235668620297,0.222223036214427,0.155567955611356,0.298506507608162,0.136456405748199,0.188581722273259,0.19638254783221,0.274813829306841,0,0.106718408215263,0.168058866242556,0.215039096732174,0.182339491471062,0.180698062780361,0.254771402795129,0.161552372405352,0.14236228014641,0.170285674462754,0.153860477628683,0.156818040198183,0.255032414999008,0.128036156523869,0.108229656944509,0.192591557690238,0.195635820439154,0.154146935166284,0.285630522401521,0.310377640170181,0.149052121839406,0.126043382708568,0.237984923239801,0.294687426194356,0.0775955114020254,0.15539951325695,0.0607185284126149,0.203419479223831,0.197374952307527,0.155296919777212,0.182305775724464,0.189391718070616,0.200662075198753,0.0905388188128263,0.106959868969928,0.276011742031928,0.178248073900364,0.257240368182944,0.247746399875876,0.267483890366486,0.158097989736562,0.189031225344455,0.0981031171430535,0.148580447707639,0.120658852675571,0.155499559977135,0.101373518145031,0.209613865508167,0.147323949748022,0.256069422631776,0.16480704826257,0.172151178238928,0.175360881441428,0.207765818108234,0.17612866425802,0.293837102638257,0.224392424485886,0.142274344061811,0.273518773925661,0.282547549716695,0.211479708104371,0.178503646512456,0.108173090623889
TRG_101,0.139621276632061,0.185676427743896,0.192907710825016,0.18415718444317,0.183101704636513,0.115048580684595,0.273862020476853,0.138973446615915,0.199381023465317,0.140396646758079,0.142058008185741,0.16378597649712,0.174958223139157,0.223745433205412,0.141506921829479,0.156032418991514,0.219549658701642,0.118954386190125,0.198792296476778,0.231242415879379,0.234007446000335,0.167940107480481,0.17483376338343,0.157083942205989,0.207076884335003,0.202176305787915,0.2675473931271,0.201637662267516,0.251157029661428,0.205070852497177,0.178296911425437,0.25127443440024,0.106718408215263,0,0.159859975456328,0.217524554182877,0.199025398658962,0.118998582877995,0.162246827995308,0.28237624157023,0.0572603559897912,0.151762340341043,0.113922446492572,0.187609766834879,0.217444645268437,0.142508695640464,0.17708740286928,0.101102994181253,0.133830886566455,0.0918601592074083,0.219638545619125,0.211836360721716,0.193237037310862,0.123050652775453,0.116006887719748,0.174277967603029,0.115602664455098,0.192718880116353,0.165301865937291,0.310657986942381,0.169087953241383,0.209500047044247,0.208577539207218,0.141515050273972,0.274260089202443,0.113627639027485,0.0889430059159834,0.248344060738358,0.109139656236142,0.210854162875845,0.245726760750808,0.282676978874732,0.110319613521078,0.250990975136401,0.114363369795004,0.165579526905851,0.0948552981422838,0.165337838321506,0.166595331367671,0.16028582071929,0.2461434542197,0.199391701393908,0.127400110615774,0.244171018711384,0.243852866484871,0.133116179444963,0.284114545131537,0.194126570523914,0.176835968564487,0.093083973185109,0.156698824795544,0.179878076928799,0.245665312813942,0.15335873732327,0.234050548448459
TRG_001,0.113413921851604,0.0921742395323885,0.227500249464434,0.179816981253534,0.256290659480212,0.157947024937911,0.067849519532432,0.183572579671018,0.0679778952988626,0.136490223275524,0.14120218526191,0.143725421976881,0.163766656910158,0.0819968532973575,0.132666360929234,0.095491724312054,0.211492715937319,0.152281389220529,0.207886262514016,0.121354497367014,0.173713579648692,0.140289964470867,0.126445432031772,0.191642799467047,0.225838752762621,0.173730376924552,0.106319437751734,0.152317444857021,0.092452741764903,0.0437689111948477,0.128411167534881,0.13975178792852,0.168058866242556,0.159859975456328,0,0.105693904168939,0.110239056639669,0.0526930200215517,0.1119362885476,0.103845789873039,0.137967708828655,0.221428504873393,0.142346305302718,0.182129102965014,0.101775970965882,0.258255356177488,0.205577352665215,0.241102783048523,0.262732932458241,0.182225223169583,0.0976708574372536,0.235026765056245,0.0944924605124932,0.236046178352427,0.102035913179478,0.169814606299067,0.170084429052414,0.140568828377603,0.199390294055476,0.0997787646903369,0.105160866597034,0.0683486889825845,0.0941631648649266,0.259136528482305,0.0721337480025236,0.230686022604534,0.227784926193719,0.195935826281106,0.161521928095365,0.145502959883515,0.212834829976515,0.183566410585128,0.154994359829934,0.0842780107828061,0.202523442280761,0.0604167324916439,0.245896345682777,0.194734161636798,0.111836044301792,0.223386482520886,0.123118602141136,0.155170015493218,0.211019577186085,0.12829408259501,0.118778364172421,0.208564438313114,0.134952119566389,0.158917029228267,0.0917448256877044,0.225403052887943,0.16045714046508,0.125681175497607,0.25040580196832,0.215505349303124,0.128135671731897
TRG_002,0.14782163988412,0.210219122522127,0.250233541912937,0.0843640014123604,0.195454599757135,0.214079938667697,0.168015433035809,0.214391860416984,0.127106013435007,0.0592460193689051,0.121173772032225,0.17377525182573,0.174356683840238,0.156853995495032,0.104016467216504,0.142232172857346,0.177773998153456,0.165744465976402,0.196266066711805,0.135040121128716,0.177930094330727,0.171852084920537,0.106660740428476,0.107491752176246,0.255285720125803,0.188527099751429,0.127326081778108,0.179914183589807,0.0917097577997747,0.0971991977435094,0.176021513626786,0.179626120372601,0.215039096732174,0.217524554182877,0.105693904168939,0,0.163820571852676,0.126952047722299,0.113455688417352,0.206463829446556,0.170888292502244,0.200275150581825,0.188211652867934,0.15166322033017,0.193868112809166,0.180971859694589,0.144228951166111,0.227139099481811,0.262534007082036,0.214282577717984,0.183209994492166,0.203352432998178,0.108281216752988,0.232728346708734,0.12052663831594,0.175239232582487,0.214602616526233,0.174582148818341,0.219060424374677,0.241940227773134,0.104088577991461,0.101242710944132,0.161547713680317,0.212403588956529,0.076470565921212,0.199608870510887,0.23016548953704,0.223560848603046,0.144722472578025,0.0778374619197136,0.120730369740246,0.184778118566943,0.126488237113939,0.141596868168973,0.128569461694846,0.142269137533504,0.234232753674798,0.223751935967051,0.108195021941672,0.179584108173795,0.237200654763659,0.17897734722081,0.210817756269416,0.180240546242935,0.176535489386769,0.172932123197454,0.211615853633454,0.11961114851864,0.0735192493069796,0.193761179196368,0.160803255703728,0.108212558230018,0.157418768390025,0.201165307753873,0.233415118383971
TRG_008,0.101518913689873,0.169947059489163,0.21609796183784,0.202532128694642,0.226696206485485,0.172729222755114,0.17835640317128,0.124039202416986,0.18068445360965,0.0941814415939709,0.0652349031570711,0.174524903326763,0.110096505587626,0.114441626319946,0.180685566799219,0.0936608507785527,0.175255303917477,0.117435646233008,0.230492313680882,0.0854631317815225,0.206235081105925,0.202969542851001,0.199323111361413,0.160287983641393,0.152780896743219,0.193580891980726,0.157660795304319,0.2050400417574,0.194429467496398,0.111816897161963,0.0782981505236698,0.181301731226344,0.182339491471062,0.199025398658962,0.110239056639669,0.163820571852676,0,0.129922917817343,0.0740803383205314,0.117071488205573,0.2231046766183,0.175919392221259,0.188819956078219,0.154607738716165,0.104222013884314,0.175168473746234,0.261204865691817,0.18933330963062,0.227493279502547,0.181300831728514,0.190427122663745,0.259362428626334,0.174849558732457,0.171313944205468,0.109386914772146,0.0940268568858568,0.165809530977673,0.117771140669545,0.263403861907181,0.123879056349303,0.106984146135645,0.0981246171788891,0.0494677592515136,0.265872177126189,0.121783645819152,0.195722735294105,0.250893976610184,0.317554459062725,0.212142006385343,0.141089439431819,0.18472689345393,0.147382972741156,0.169343011813399,0.170970377661554,0.191748003216024,0.0612680035201549,0.246376296516446,0.142593840725633,0.132764225073597,0.223093397059557,0.0794895414315498,0.112234439157587,0.199692740944657,0.199840885352558,0.177544382596091,0.192778498943684,0.193720980753305,0.129825052161391,0.12132501792769,0.181529745822791,0.183371772645522,0.136401481035709,0.270133944088382,0.225603151269168,0.105878427612827
TRG_009,0.103249589355181,0.148022094802979,0.227538282894196,0.118210804634972,0.250007384109113,0.197839718782284,0.176260198033919,0.157892818792654,0.126154246842347,0.156868562081644,0.160391607148085,0.157600641024675,0.160586928108063,0.129368881998516,0.0995248808930477,0.111180305999833,0.188327304415627,0.171131766689335,0.228737389929004,0.171314454334133,0.258468494215871,0.210896625747818,0.181158049063114,0.174094634493101,0.198166759741946,0.1883611004989,0.160178534405218,0.183876141898523,0.160541513747303,0.0915778847288889,0.112186320249943,0.172028321403134,0.180698062780361,0.118998582877995,0.0526930200215517,0.126952047722299,0.129922917817343,0,0.113760809037903,0.137842584440973,0.0722252239020342,0.231274355612179,0.132538435743776,0.19948931562822,0.158396164102064,0.233023389249228,0.181202850851988,0.160256945382423,0.20365112597828,0.136832263740268,0.111553019144445,0.192587194361827,0.117669182430983,0.163357716455896,0.0936939285694365,0.130277602511424,0.214976688033824,0.121055242124543,0.257619666932964,0.202689736162874,0.0997292057043372,0.0788601484584532,0.0987800717080463,0.165222585519535,0.135608072028193,0.193474662203116,0.189015122118328,0.220763759613716,0.0891661793530171,0.173203363560106,0.200726357665314,0.227778627924364,0.153296890195913,0.0980758928294286,0.186866965596616,0.0632810667512592,0.164691458805923,0.167091026297366,0.133213346335001,0.180568016490923,0.108501846188588,0.174496487379271,0.16641264117405,0.163915295644696,0.185286702883368,0.175333185736934,0.158349323872565,0.162360709014861,0.151584737921616,0.171377053452665,0.121698964673634,0.0977127219048409,0.208721958601963,0.144205910188769,0.123302489729109
TRG_012,0.0839576738064864,0.286341850741696,0.231121544103225,0.176403599138936,0.262388979430304,0.185740313380255,0.167019797192226,0.163457087061274,0.128142465522018,0.0869489034675275,0.123873500969619,0.213623157289894,0.201388488322394,0.17211210987212,0.189614798286836,0.103262703854686,0.22171744969576,0.155586115097043,0.265207307966245,0.123512276395548,0.131427603088237,0.254932118197707,0.126887501805268,0.0746630643132008,0.195002585544695,0.134072487757699,0.217602584082158,0.193372599405619,0.156313930056936,0.0849313809506603,0.105032313249414,0.13605994055465,0.254771402795129,0.162246827995308,0.1119362885476,0.113455688417352,0.0740803383205314,0.113760809037903,0,0.154696719736948,0.14049915606242,0.125855940886101,0.126841884887935,0.127146115267549,0.105317256718144,0.142439749466057,0.230482094148071,0.105103610725579,0.122514038104019,0.134185813873413,0.114015575105569,0.230031077663112,0.205504518470565,0.211375813312296,0.0817607541269538,0.088468291173311,0.222807840259972,0.120248161556435,0.319570438792877,0.196749714477036,0.076227969519035,0.100757903229252,0.0866485823639923,0.228517889976216,0.128637411694938,0.174436313539414,0.168559373478462,0.247960993000589,0.136959350734775,0.0806705671871182,0.127955872568386,0.144370608544659,0.0970615182040854,0.197304301602601,0.137295439031413,0.0972287663003749,0.175435961429403,0.22537592961302,0.210297538001962,0.123113516114881,0.160246741139512,0.110459703189868,0.123707234767586,0.248908088637411,0.194172909511414,0.125179404071313,0.202665333940845,0.0555921097761649,0.0691175708456048,0.175806684438867,0.160368557227082,0.0857510803454516,0.227281397601848,0.207110255838377,0.154001448276181
TRG_015,0.0660853900314965,0.179628747417755,0.156263961269254,0.153420721142426,0.301205060284304,0.273941072560295,0.157313601701109,0.260773288669279,0.0929680693291127,0.172343414868161,0.169018232927162,0.248577973870632,0.147543605325091,0.117439780120073,0.185501218753375,0.102815207005444,0.253806980728056,0.233917159411309,0.279413354167683,0.161818749596652,0.122334779689239,0.173291971245685,0.191804672727062,0.16613731792774,0.205945593668843,0.209789886638244,0.181948420312541,0.193539096465122,0.121182419056401,0.105174217619255,0.14230196773475,0.0805273837357762,0.161552372405352,0.28237624157023,0.103845789873039,0.206463829446556,0.117071488205573,0.137842584440973,0.154696719736948,0,0.213476866079452,0.240402050847685,0.200377943712476,0.108102731210351,0.0605304827669878,0.200597778899826,0.163812603652306,0.179311082552831,0.238306847024961,0.255889424131413,0.136695929832737,0.265442407410085,0.203648311316173,0.300664914420752,0.195825550316591,0.166958876148296,0.215270270791504,0.093491958258947,0.174260584507375,0.0675754230150011,0.102331048915278,0.151234871763789,0.113003928737575,0.264328118021952,0.155553922810811,0.252303008815558,0.267025746187615,0.208540325703212,0.196401140495897,0.184852323577515,0.154038532410197,0.0987135609072108,0.205847963343617,0.217919728300245,0.174688483083508,0.139482910373635,0.263267097218671,0.221509211162547,0.21069588922518,0.181327766527665,0.102149339573457,0.126871114263837,0.206399916612043,0.268204173001883,0.1046603534537,0.220425740919738,0.151839808814855,0.166484105668711,0.121535813207045,0.280599091950156,0.218360071074708,0.170509160033735,0.174915758712292,0.159154559298766,0.0439857671342322
TRG_029,0.137608545085752,0.238675746382011,0.228076809049282,0.205581444578472,0.204272220842284,0.180114244277689,0.284751748091429,0.179664160601659,0.193264710628397,0.169213429808426,0.184482739090042,0.157179303498839,0.202680211719792,0.16495599140676,0.142116333135583,0.143661954308899,0.260674406228149,0.169390802806104,0.181637410884374,0.204107894457301,0.230399274132897,0.222334046255137,0.161234754258136,0.118839231012359,0.234689945236152,0.16243156263638,0.206579463036136,0.187700464681877,0.193805766504624,0.169870140740532,0.148768891512292,0.212153108525665,0.14236228014641,0.0572603559897912,0.137967708828655,0.170888292502244,0.2231046766183,0.0722252239020342,0.14049915606242,0.213476866079452,0,0.213361718739763,0.133089316032881,0.198863346347149,0.210514125693293,0.149991546077229,0.187223573376463,0.121516201988569,0.176365437536877,0.104391594193007,0.138976065933214,0.198616193024531,0.204737813477507,0.106521302531934,0.0993932667447197,0.177003673147501,0.156276691376965,0.149074072180697,0.179851368702257,0.268887259782742,0.150172313888917,0.194864315799339,0.205667546790554,0.0910438240886496,0.248952610249371,0.132673507642626,0.118096079001517,0.231806735454729,0.0880913011968752,0.221416521098253,0.238163927641227,0.207349714551933,0.11186515490261,0.234282547713474,0.117000857268504,0.1505934252608,0.0952966115100423,0.154612155854912,0.209252772699274,0.140625471929524,0.189861183905157,0.143711454268843,0.153520405898238,0.252195254257749,0.177881911405661,0.114468031353239,0.240885486799575,0.192932555600746,0.161121273195664,0.136411732512984,0.194787628233482,0.173127484885978,0.22777089580347,0.121855957548879,0.233732355492468
TRG_030,0.125428260954256,0.291899975479461,0.302886347923218,0.134490597981291,0.33183342571011,0.136024605516143,0.27810370193776,0.18465716205161,0.241945284946017,0.130235636897775,0.101209545919645,0.27428218640833,0.106810319314723,0.29181450119793,0.189436149596818,0.200429778642715,0.230342865731917,0.150493371259579,0.365317188093867,0.259372211814159,0.14395056320884,0.290160163319154,0.202595820180246,0.156187803325015,0.312782784383521,0.165717771231504,0.29434499839719,0.310977615231394,0.285867828087926,0.228892537490548,0.233520687943529,0.182695239805796,0.170285674462754,0.151762340341043,0.221428504873393,0.200275150581825,0.175919392221259,0.231274355612179,0.125855940886101,0.240402050847685,0.213361718739763,0,0.090971509680203,0.124069695679332,0.192072669996179,0.0715267957944311,0.178102992867608,0.082724291534502,0.0603044145436628,0.0829249243055631,0.298440846205674,0.35149130818194,0.221555585008101,0.13216627550176,0.175553446183018,0.233011023038155,0.139170545507297,0.218630342804014,0.256026687273303,0.304342116486741,0.166021932985068,0.227688225651444,0.23070898209483,0.312170710702204,0.287154755310305,0.0900761625160117,0.088473976590331,0.343667136654001,0.137474860468927,0.189420020130422,0.14347320970206,0.250949037755113,0.11857283451041,0.255237843059255,0.0698289173381285,0.251809303118724,0.115665907367674,0.159995277486922,0.260623107655898,0.12810585713215,0.312677325316104,0.198415251106411,0.0495615260162804,0.288489943453901,0.288355090204327,0.184861564864199,0.293101657148672,0.167252029570998,0.183860847133267,0.137725963520703,0.159769844774791,0.159302375853619,0.225136809072125,0.224598389224476,0.155233724474476
TRG_031,0.0802481558207296,0.264880570172133,0.229736724899359,0.179520216716377,0.265404873829824,0.197251471921954,0.257669088116135,0.164961252848423,0.20070376959547,0.15517040354784,0.0830661691247455,0.183181913946079,0.136781250265543,0.189115141606229,0.115584293417616,0.133412613468249,0.198834083182345,0.155869033407319,0.225561780940037,0.229629242283493,0.214320733233126,0.219331849587699,0.212384506600647,0.177265293427029,0.257232320865807,0.19431234908467,0.23427179355292,0.255429294766551,0.203862060990346,0.21644376615118,0.192770537842237,0.224514930386453,0.153860477628683,0.113922446492572,0.142346305302718,0.188211652867934,0.188819956078219,0.132538435743776,0.126841884887935,0.200377943712476,0.133089316032881,0.090971509680203,0,0.106404514063852,0.204095125372016,0.125151814039824,0.218493675682155,0.100146994634603,0.110969100061578,0.133626096423834,0.257604995776436,0.291532003456008,0.219343080420274,0.12504053217557,0.139395146669868,0.247188554564623,0.139488936568912,0.130750223058079,0.200321812937422,0.238735670401087,0.20307657906649,0.168034882281895,0.194590807588145,0.224378935879186,0.242885138269303,0.139133296110481,0.112441610760127,0.281415998462855,0.115586082005116,0.267202851767986,0.228543309917511,0.207509176569791,0.182529394896804,0.216016203317448,0.0982758967488574,0.151579575027324,0.126689517626632,0.079387303531501,0.226054658404915,0.157407959239383,0.170112815004673,0.208519040568411,0.114218276748852,0.246802811605001,0.221823671772224,0.187944227389412,0.208697375914351,0.220542049822269,0.178296223811013,0.147746893984124,0.14741956254904,0.198304758746812,0.205121222140422,0.161665191091589,0.141460496935241
TRG_048,0.0937179374089956,0.243584549519577,0.152436186405219,0.140225496071618,0.255370065226633,0.230718709081075,0.179410723261112,0.218462378279168,0.125615026337955,0.106548686445601,0.0668774546702432,0.191444431664658,0.149987999615806,0.145798942472825,0.211283024968125,0.110617479366173,0.247528143186515,0.215424137595297,0.228248093312517,0.156717953598368,0.129952219903274,0.152838408294194,0.167989481871537,0.138479990472016,0.249242062038559,0.163998893911086,0.223786716964958,0.279991414727529,0.114143962878672,0.121864028602273,0.173795614565656,0.159962676284457,0.156818040198183,0.187609766834879,0.182129102965014,0.15166322033017,0.154607738716165,0.19948931562822,0.127146115267549,0.108102731210351,0.198863346347149,0.124069695679332,0.106404514063852,0,0.113965734892715,0.112455298103926,0.194558580233511,0.0908384487033191,0.105802288046725,0.145904763736679,0.225234699848196,0.302801322956593,0.176678160923531,0.210770775274313,0.20839109859963,0.166374580775752,0.157938512273096,0.0726120195500038,0.155234704109536,0.153616540544608,0.0869224751870595,0.159962135162859,0.151338576217541,0.29514947225782,0.138404507654864,0.19751877898319,0.195420528238242,0.205421379052782,0.175466455746796,0.125712415503885,0.233243680977434,0.0948300795657234,0.232096212602972,0.266542774579221,0.111224540737379,0.168762486055594,0.162739001234498,0.138089567036288,0.166856335427383,0.122333982671825,0.143860803029316,0.132474318247627,0.141604068669188,0.27396043597021,0.174353383511546,0.145735075440566,0.184742930579067,0.11353340203697,0.0805034839214259,0.205822704920834,0.214533680626775,0.167487805807386,0.186366727764286,0.0937330087038467,0.125943574573883
TRG_049,0.0563822517220918,0.214019939184875,0.192953358918808,0.231066298958062,0.308564714130313,0.213143706096102,0.125107108067553,0.210468549957533,0.0588932790970004,0.156864063204409,0.171851839070192,0.210469849406699,0.227880158624533,0.108918325543594,0.153614492718108,0.105283541858676,0.274098075159775,0.201283941289605,0.278016907279014,0.194458992026229,0.0582150581327875,0.191431313137699,0.120189667840055,0.11757368238971,0.238285984822134,0.166694144161762,0.197700288093016,0.189074239988,0.145933749319703,0.080141436500701,0.146663658559583,0.0451080249770556,0.255032414999008,0.217444645268437,0.101775970965882,0.193868112809166,0.104222013884314,0.158396164102064,0.105317256718144,0.0605304827669878,0.210514125693293,0.192072669996179,0.204095125372016,0.113965734892715,0,0.186324330025356,0.273702224876706,0.0940537425520279,0.152437758102296,0.172074536693024,0.126158893411437,0.267136264079629,0.205648811840404,0.274362329233858,0.137928600846043,0.161125622421128,0.262334903352191,0.0855316976140473,0.275922115816141,0.0708987519925661,0.103388140333195,0.142203605052846,0.109277136369683,0.214658377207438,0.164682314642815,0.208667910620206,0.206368740321382,0.197201202054853,0.149221629153003,0.132124615145543,0.10927530965913,0.0916369918647418,0.124588164265203,0.246161324315132,0.180954046927665,0.146183664819114,0.197757821274716,0.25195795623576,0.242376677479767,0.0964309358383489,0.112338282860452,0.0692005779758417,0.147169753614489,0.275283308977227,0.0945890032262738,0.129664099746706,0.134841020312777,0.111278960668752,0.0962021655438442,0.232387963969951,0.148071770058074,0.136128370559515,0.170284981177415,0.157903645896541,0.132374741860029
TRG_050,0.120966585823421,0.24953522019915,0.273527319467982,0.085898428212841,0.199316598777123,0.127079533522794,0.286359632018962,0.183495203654485,0.177995061365111,0.082872333029103,0.117766918720762,0.199989181661136,0.0977059494459586,0.251881569293213,0.20892053029413,0.132382192778991,0.201817924764739,0.131401171105518,0.31243679870924,0.157258522897464,0.113221769508313,0.239746351147773,0.16891060366578,0.0768089448603,0.300453815942904,0.133235034822102,0.272822310848875,0.277636739352515,0.190326029630812,0.177433225212764,0.223901524237612,0.19425990039258,0.128036156523869,0.142508695640464,0.258255356177488,0.180971859694589,0.175168473746234,0.233023389249228,0.142439749466057,0.200597778899826,0.149991546077229,0.0715267957944311,0.125151814039824,0.112455298103926,0.186324330025356,0,0.096433554626309,0.100968190223027,0.110286123445062,0.0807255251737075,0.227431476456765,0.349334399466114,0.233799920102612,0.132047424779541,0.187478930527036,0.155408882948585,0.147980880018405,0.194408006337637,0.161943177026482,0.293023068833278,0.190844795728711,0.259503287038306,0.226522338375412,0.211064283177816,0.193904948125274,0.0969252247470207,0.097926113667767,0.261637661238489,0.16509412115533,0.119017802643202,0.168835565561016,0.200076765356236,0.127898195949797,0.282496024524023,0.041891116263059,0.260729365754429,0.115251274059125,0.144639106746805,0.199454753104203,0.0837947965561142,0.289501213468511,0.187767865652387,0.0875692701067624,0.297754055003446,0.239455016595059,0.130327458814622,0.272934338938607,0.0900865995451411,0.104409862034035,0.163130851996676,0.252528744095352,0.214227935977591,0.233221199337533,0.151708440402626,0.152642664403251
TRG_052,0.173488474347715,0.153896597557717,0.229786134755427,0.0526593778010405,0.181974062033146,0.16592851786447,0.271488169218019,0.260281477932435,0.200726756928818,0.094951445611771,0.190488435886972,0.209302885202054,0.124667425541441,0.236642399855237,0.228718308820377,0.185787714983,0.270478903610195,0.134262505225272,0.29434752528875,0.214015104866964,0.165873434183777,0.185675699958478,0.133665231748189,0.0958582142942807,0.265727148443939,0.205000248289319,0.238333712763123,0.26531667857858,0.183173321550779,0.235490901414273,0.258519397687957,0.262884943051235,0.108229656944509,0.17708740286928,0.205577352665215,0.144228951166111,0.261204865691817,0.181202850851988,0.230482094148071,0.163812603652306,0.187223573376463,0.178102992867608,0.218493675682155,0.194558580233511,0.273702224876706,0.096433554626309,0,0.21483771229585,0.23384448970706,0.161624094649336,0.287206338831257,0.307764685757286,0.235118997128753,0.197026149928932,0.237549679356036,0.238641952645753,0.213526599946948,0.237340310952797,0.162978406624601,0.231134142663692,0.292744720868645,0.239954744630706,0.263080060635235,0.253211097801196,0.215701584478463,0.180447158300046,0.161475995276499,0.256776204219027,0.256545837215645,0.126942796362585,0.23996892258023,0.27759216409174,0.171161490149537,0.196951217276091,0.0641536188052415,0.234220131150262,0.200333821535022,0.181813680464576,0.195421175717223,0.140559323691094,0.244914537963991,0.261666798453696,0.21891602523634,0.255705907915964,0.223152186046647,0.164382577447105,0.202676045040086,0.19161317260332,0.168598421608052,0.260700663411722,0.366711856185025,0.306908127494192,0.178608428146813,0.20923679633727,0.12734920053921
TRG_056,0.0884793467866571,0.297144922815167,0.265008364325595,0.196215608448361,0.321913367649535,0.173909032423108,0.247561044154723,0.1807300559196,0.151481928492244,0.168340855597503,0.140819351282456,0.304264113272581,0.210535265417361,0.186876450807031,0.170374765829115,0.155871561079386,0.274511098108321,0.190349946749159,0.31880835843423,0.243860457631166,0.11222373423458,0.269443232673009,0.165930299042346,0.124484141046064,0.291038740141808,0.15336714937714,0.296784514125214,0.30272967156849,0.215523368678958,0.186892792595292,0.200906661802767,0.154983392022242,0.192591557690238,0.101102994181253,0.241102783048523,0.227139099481811,0.18933330963062,0.160256945382423,0.105103610725579,0.179311082552831,0.121516201988569,0.082724291534502,0.100146994634603,0.0908384487033191,0.0940537425520279,0.100968190223027,0.21483771229585,0,0.0197851795803006,0.0502933666442894,0.245255028343248,0.319231159219865,0.216593570652173,0.106732713598049,0.122835942215023,0.188755849047933,0.154635611170805,0.0908805675872083,0.253314316621511,0.202708169915098,0.152200579590123,0.203417548424531,0.200317068484567,0.191878528869362,0.267924565101779,0.0990720058679343,0.0653479579117809,0.214563899966331,0.0698656119267983,0.16825886214827,0.167994874808319,0.127740476851892,0.111914809295072,0.328004182709577,0.0901221320208249,0.191750835878363,0.0494865294391523,0.161174410254557,0.268575475898583,0.057790790182854,0.180879734190633,0.107214391152162,0.0385224401383238,0.31156220343716,0.174984214796572,0.0944107020867458,0.215132721397513,0.113820551544467,0.124083276815325,0.132714406084319,0.1139553008937,0.13210183176656,0.219206920779885,0.107025274906439,0.235709525930368
TRG_061,0.135358967907182,0.32427991140868,0.32887097148657,0.200519980918507,0.36437605495104,0.180672361952634,0.323603095957401,0.211975915142518,0.219078154982048,0.193999096147472,0.142202846190002,0.329341397672612,0.203011695730528,0.280305214135073,0.224218771107049,0.214567580696646,0.282973658529488,0.21329326713565,0.359437958681882,0.284275761407738,0.171073227120923,0.336311703755735,0.233674057495365,0.159872371850409,0.349434083101888,0.177961317189463,0.381041916175223,0.349098189328248,0.277188781574786,0.240139352614706,0.262901649138428,0.207846758487982,0.195635820439154,0.133830886566455,0.262732932458241,0.262534007082036,0.227493279502547,0.20365112597828,0.122514038104019,0.238306847024961,0.176365437536877,0.0603044145436628,0.110969100061578,0.105802288046725,0.152437758102296,0.110286123445062,0.23384448970706,0.0197851795803006,0,0.056976015385759,0.269243227915336,0.356510198351056,0.223353022413696,0.101907283261418,0.177608741807671,0.220238990155448,0.161672790234645,0.140331194051297,0.279071543951443,0.288160030031647,0.171967343433781,0.242782199224501,0.259001076837042,0.27484651320511,0.31111297811342,0.09303731911596,0.0686207635653435,0.278742427620253,0.0965405733566866,0.188054187596102,0.197835472875999,0.193929452943817,0.115217974346545,0.333302564201441,0.100864470336532,0.24857062556408,0.0518291814950276,0.174527014928577,0.272121401596494,0.0992051505940542,0.262174044236839,0.170280397599718,0.0296590407510283,0.327365157453024,0.257825600636369,0.144975475141302,0.281424507465157,0.135987439893006,0.16945210371761,0.142013606102706,0.139690322147312,0.156614368437072,0.241561298718376,0.146909485891593,0.235417294603501
TRG_062,0.142780480320709,0.286270435179967,0.325878158271896,0.174869264974876,0.265947841245862,0.122234136437544,0.298651375839183,0.150819446444497,0.213791255419386,0.161959317022827,0.158573792771079,0.259169497427345,0.187206871886125,0.251206262764113,0.170508665160086,0.170896717091143,0.279770606381031,0.13006829751888,0.311431639470529,0.20499724779549,0.152247452323187,0.29975949278541,0.175162763226528,0.110426262935147,0.299439317772286,0.140864818671533,0.328089337637673,0.310572224353995,0.255683415953103,0.192862091989338,0.207671724635738,0.218046588427846,0.154146935166284,0.0918601592074083,0.182225223169583,0.214282577717984,0.181300831728514,0.136832263740268,0.134185813873413,0.255889424131413,0.104391594193007,0.0829249243055631,0.133626096423834,0.145904763736679,0.172074536693024,0.0807255251737075,0.161624094649336,0.0502933666442894,0.056976015385759,0,0.21378475513349,0.334601136442814,0.239839141015241,0.105633936402106,0.105752606707003,0.14407443352411,0.153156669398714,0.183484747938477,0.22496847611363,0.305762797200065,0.124246147560262,0.218586620316715,0.192382716212366,0.205071694208343,0.279497220968446,0.0996698439847478,0.0464428893125394,0.300893169331684,0.0856361900784068,0.166978240265846,0.157008408762379,0.217831669584844,0.0702990036448125,0.294437129265207,0.0889834016331528,0.193026967183619,0.0585627577460216,0.199907564156825,0.263429037718547,0.0808961018657103,0.243474496655103,0.19566168205328,0.0387484775557758,0.334553265636551,0.270174992742406,0.0995315850355034,0.281132066278852,0.12642512938241,0.147931492384023,0.157844153325477,0.127677012258992,0.118833583121527,0.269305223712664,0.149824856346242,0.245966735118622
TRG_071,0.161493803290198,0.242220728776398,0.293968401745951,0.256614449736803,0.255834307859626,0.257991661142052,0.153090554213795,0.194850066711167,0.0896686164379036,0.178286938871891,0.206937627677907,0.272739650535427,0.18398816553244,0.204356903296785,0.26980969117979,0.161285059414139,0.235554817348876,0.234696587074875,0.247571975780073,0.144646820362797,0.152869625347468,0.240025836589334,0.179078150523017,0.198301751276264,0.241731155685097,0.232798036074837,0.266232242277715,0.190082201231775,0.155462975212901,0.0772187067264629,0.149001472206318,0.115083087636085,0.285630522401521,0.219638545619125,0.0976708574372536,0.183209994492166,0.190427122663745,0.111553019144445,0.114015575105569,0.136695929832737,0.138976065933214,0.298440846205674,0.257604995776436,0.225234699848196,0.126158893411437,0.227431476456765,0.287206338831257,0.245255028343248,0.269243227915336,0.21378475513349,0,0.234458109823846,0.229443713210387,0.244717744296604,0.150255563164194,0.188036767776914,0.332860026671315,0.196018564238874,0.303123107942863,0.185152769517368,0.145920202543989,0.153825803032524,0.204335771339024,0.283873379757396,0.133140095575093,0.272877161520653,0.274866975218964,0.190695066478097,0.184035253799769,0.104216840563329,0.145605369644436,0.249471054635832,0.173464357438811,0.195338026122827,0.24385987240781,0.154207310755171,0.239199830137626,0.295801454015435,0.261760169315604,0.223354660188591,0.234627462462554,0.225007843179275,0.247064295653705,0.301534136182357,0.13577406809078,0.283158310792705,0.191107713773526,0.115977734027514,0.134709894951709,0.275512004883688,0.245642907048316,0.154907193436906,0.238622420276174,0.217394902366485,0.208947672228249
TRG_076,0.237527955357184,0.284835076665587,0.221355321130077,0.259325545470986,0.262282577070747,0.236524936077788,0.298687346130568,0.329299424734821,0.269480936022157,0.234074888739078,0.266618590777624,0.28387414065716,0.274128218279597,0.27515105263374,0.220348692300392,0.19840806357368,0.236000636724732,0.296384799874647,0.209650802047043,0.287416334078078,0.280758011400971,0.317076402190417,0.254790671350475,0.279387136557101,0.180602249222488,0.239768873168115,0.220526973175523,0.0804923147757366,0.257878162933757,0.252143758149285,0.211747321318677,0.237315285651334,0.310377640170181,0.211836360721716,0.235026765056245,0.203352432998178,0.259362428626334,0.192587194361827,0.230031077663112,0.265442407410085,0.198616193024531,0.35149130818194,0.291532003456008,0.302801322956593,0.267136264079629,0.349334399466114,0.307764685757286,0.319231159219865,0.356510198351056,0.334601136442814,0.234458109823846,0,0.274724716249944,0.304068492776261,0.254916114501756,0.253320834948108,0.281189313232098,0.257083837901752,0.320417083426729,0.23160367118819,0.297609319631131,0.289807949629517,0.285661238892156,0.227693122311801,0.300841672063711,0.325362131007052,0.342750641859174,0.253785153800993,0.303675637695752,0.29738620188859,0.303956917859896,0.328668763191663,0.297574438153973,0.246593472670195,0.247070881144799,0.246480185863584,0.321866476951996,0.292094023359406,0.275370149023332,0.287976753995418,0.299684815226427,0.289656348503619,0.343797232140129,0.272412221400647,0.231038980115975,0.318096631427525,0.253631203219016,0.314692678356614,0.325078378410294,0.248112088710975,0.385449265262117,0.30466873758128,0.304160136227767,0.270355922982707,0.2394337788076
TRG_079,0.18533268732029,0.13136180202935,0.228726684821833,0.203606081243284,0.260778002796347,0.188284961419439,0.171825446340301,0.213871072124596,0.162644824174381,0.137618608260337,0.135018714092421,0.214856345951112,0.150608114152521,0.205636640175534,0.153568484875854,0.18093291401616,0.251771686393709,0.200485051545107,0.236929477497965,0.22460483500779,0.250626910899416,0.16810729234744,0.200202426177564,0.223487681677311,0.264783319488136,0.24374250897408,0.197675406317107,0.280377445092496,0.173437256661637,0.109431830977147,0.218327607744202,0.21162467565645,0.149052121839406,0.193237037310862,0.0944924605124932,0.108281216752988,0.174849558732457,0.117669182430983,0.205504518470565,0.203648311316173,0.204737813477507,0.221555585008101,0.219343080420274,0.176678160923531,0.205648811840404,0.233799920102612,0.235118997128753,0.216593570652173,0.223353022413696,0.239839141015241,0.229443713210387,0.274724716249944,0,0.171071176989331,0.154321709167899,0.265816420797989,0.104785533321326,0.237067547177324,0.206331010655783,0.228716168634363,0.158594690655011,0.154699668410241,0.166399828099022,0.222087337429981,0.122922611179,0.104845359116664,0.205810051008612,0.240471645278861,0.204345108194479,0.190638423759112,0.257474841936947,0.281749486204739,0.20432185394576,0.171961798147024,0.178912465559149,0.0983072028215061,0.185671127391114,0.211817322507839,0.0930570456109078,0.231674908421456,0.214908936424674,0.249403154714219,0.216354799637122,0.190590797880022,0.240819904292102,0.244291602179139,0.225129949553167,0.253643026534041,0.186029296309259,0.0877563805345591,0.207269821515692,0.199913274496334,0.118689367836427,0.280231674198928,0.170513814356747
TRG_080,0.172603029062302,0.218768506853016,0.336079892091195,0.214297051397116,0.279982632071905,0.169980297023379,0.299557316063647,0.201351641411534,0.236031317614876,0.212868424799831,0.13223094907003,0.23166810304317,0.107612468060816,0.292908318335315,0.194233965211913,0.222920585200583,0.204371979379664,0.204074960879601,0.324475851960077,0.208138387858372,0.252820761783852,0.258932480205365,0.224655122267576,0.202623969396745,0.262889572305024,0.197295829751526,0.299937679288477,0.305318907233512,0.264143360918282,0.248340098131536,0.260987247600888,0.27599790345818,0.126043382708568,0.123050652775453,0.236046178352427,0.232728346708734,0.171313944205468,0.163357716455896,0.211375813312296,0.300664914420752,0.106521302531934,0.13216627550176,0.12504053217557,0.210770775274313,0.274362329233858,0.132047424779541,0.197026149928932,0.106732713598049,0.101907283261418,0.105633936402106,0.244717744296604,0.304068492776261,0.171071176989331,0,0.234881050813312,0.256174176919352,0.102911025769072,0.180161679518135,0.226068349448176,0.314665060574451,0.219148034244257,0.254328598892795,0.293109320440732,0.221853944514695,0.215004317976538,0.0484281683502545,0.104865368463944,0.218959510096898,0.0615873325350677,0.229916851632733,0.213738996249841,0.280923053882789,0.132244652662061,0.264994774426943,0.104137812839688,0.196015580603446,0.0380411431231699,0.0919367677686781,0.159571315746136,0.15543384151279,0.277044933475558,0.262525246380845,0.0827674655960754,0.243035286295956,0.227327199729448,0.220040867072577,0.257278615359543,0.216132318999458,0.234458964868591,0.0832713800700526,0.190372643881164,0.20986050627347,0.216021113232757,0.120809445561775,0.172044308320601
TRG_081,0.100619534372296,0.2771114248381,0.246721556146816,0.203816654912122,0.222651251833634,0.200956299786959,0.236697344149954,0.197649327423985,0.184240124129148,0.128801644890729,0.176707437921586,0.171488074098621,0.229087730030187,0.152291124534176,0.107983784788547,0.140249552183558,0.160211473920168,0.15120672813878,0.203343652369717,0.151124069318289,0.162999211460488,0.294153401710273,0.134771602909247,0.116311553931664,0.249657111444135,0.170559385676361,0.203134360909725,0.190256586849428,0.222062848295817,0.101218623365258,0.101538568747629,0.190421380113067,0.237984923239801,0.116006887719748,0.102035913179478,0.12052663831594,0.109386914772146,0.0936939285694365,0.0817607541269538,0.195825550316591,0.0993932667447197,0.175553446183018,0.139395146669868,0.20839109859963,0.137928600846043,0.187478930527036,0.237549679356036,0.122835942215023,0.177608741807671,0.105752606707003,0.150255563164194,0.254916114501756,0.154321709167899,0.234881050813312,0,0.179359020312688,0.212291062250431,0.18090894379446,0.234596303889053,0.233552482252219,0.125505060584329,0.138974503067816,0.137350663812664,0.139287021437667,0.130489707979277,0.191652420916841,0.103707362729554,0.300832668718917,0.13434019377261,0.150852740392728,0.182591734487785,0.191893570150003,0.0934333135913633,0.197227372228396,0.159030273938088,0.0778226690982639,0.196057440033283,0.232176153810927,0.221665490266023,0.130770958207069,0.146904964738506,0.144872747183997,0.153590011853952,0.201360604671668,0.22043801001793,0.094445571727146,0.253469134070474,0.143931315672038,0.140920842089865,0.215105002302224,0.143658831523826,0.0961386943346153,0.232257335652978,0.230682065233457,0.189291577928194
TRG_084,0.148876101546458,0.282773603597911,0.261438254091582,0.189660746529722,0.220364333257534,0.176865802322825,0.155594174658399,0.188317392571835,0.155435947523899,0.0998795068657302,0.152148903406489,0.207306764923121,0.219967036486113,0.169255753647483,0.236302334943392,0.0981382060936337,0.186596983455909,0.190295661185406,0.265199977569088,0.0832152531684723,0.197613096901823,0.27011372327724,0.170643700756794,0.149712330009583,0.175856286886054,0.188666060423979,0.250402168035272,0.224092184691454,0.15592773732997,0.10701352877555,0.136215835141329,0.17169183343428,0.294687426194356,0.174277967603029,0.169814606299067,0.175239232582487,0.0940268568858568,0.130277602511424,0.088468291173311,0.166958876148296,0.177003673147501,0.233011023038155,0.247188554564623,0.166374580775752,0.161125622421128,0.155408882948585,0.238641952645753,0.188755849047933,0.220238990155448,0.14407443352411,0.188036767776914,0.253320834948108,0.265816420797989,0.256174176919352,0.179359020312688,0,0.273957942324858,0.167457351480279,0.323057287244533,0.257989275097688,0.149545330398962,0.0862580202263409,0.112333033662659,0.223599245804528,0.106777460057302,0.249934347760515,0.234893225324577,0.180990430260521,0.220931526106715,0.106078694817038,0.198636042350651,0.229195115737588,0.195732535000185,0.123968258596088,0.207428339598807,0.1519983138035,0.246807345879463,0.192133467633104,0.156293922547471,0.148197690473549,0.192488996173764,0.212424288508337,0.201651203758799,0.206279219314446,0.263063875603724,0.143328188241298,0.222528194540055,0.0639509917900746,0.0735185339745518,0.248567304444591,0.201076517745556,0.105677979148633,0.211456205244324,0.139535800862524,0.140449901497672
TRG_091,0.156265324099869,0.12714380135739,0.19150241579297,0.209279079850856,0.21356238787511,0.0778919262890342,0.19612620346145,0.226737029933209,0.232553732140172,0.173485451639372,0.103450107391404,0.209573917091656,0.0968031379047224,0.196755994660903,0.132899894828195,0.173428935315291,0.264934726426717,0.152889531813514,0.262742649659225,0.222551582606001,0.25502060675547,0.163353469704485,0.23186007021897,0.216835450489001,0.25170621361748,0.173814118778264,0.207044542222359,0.273176127255413,0.205046484833323,0.187018893714511,0.210850458072981,0.238888296395714,0.0775955114020254,0.115602664455098,0.170084429052414,0.214602616526233,0.165809530977673,0.214976688033824,0.222807840259972,0.215270270791504,0.156276691376965,0.139170545507297,0.139488936568912,0.157938512273096,0.262334903352191,0.147980880018405,0.213526599946948,0.154635611170805,0.161672790234645,0.153156669398714,0.332860026671315,0.281189313232098,0.104785533321326,0.102911025769072,0.212291062250431,0.273957942324858,0,0.221778205385466,0.15061949738766,0.247941027228147,0.228734232420931,0.176576620706071,0.173672178980879,0.156786405341313,0.21095906858879,0.0473937332899145,0.101064222175235,0.298600258069316,0.105808968918018,0.290848981401205,0.206859269198038,0.29238753134031,0.148061322433005,0.198482910395668,0.150869528881453,0.133506858714085,0.0955683948102483,0.144343631595518,0.0872512036101654,0.205895383766756,0.182218818911132,0.238699539106412,0.110285300596092,0.209293057432109,0.281050802728825,0.231107517212639,0.227616345240851,0.288693968833768,0.238308712224806,0.0458608066085341,0.174517100583555,0.203928166607819,0.117354682732819,0.239248644067873,0.13038942175977
TRG_096,0.0674781254868311,0.168965092622482,0.14436899274966,0.196071182640653,0.204112948177505,0.25907916479513,0.152426203363204,0.232605449842902,0.0848428479412497,0.172512422854655,0.139161795328588,0.206257365315565,0.199582817422688,0.0628390584382948,0.192630709434833,0.105755319828107,0.208154066651006,0.225730959070019,0.206250552112479,0.183646432505633,0.14472847105345,0.115282720792169,0.158556539445087,0.160370788658394,0.131991559663335,0.180600727669196,0.116753347833541,0.231772236996945,0.0883541531457935,0.130470793776344,0.120479788838317,0.144037183911207,0.15539951325695,0.192718880116353,0.140568828377603,0.174582148818341,0.117771140669545,0.121055242124543,0.120248161556435,0.093491958258947,0.149074072180697,0.218630342804014,0.130750223058079,0.0726120195500038,0.0855316976140473,0.194408006337637,0.237340310952797,0.0908805675872083,0.140331194051297,0.183484747938477,0.196018564238874,0.257083837901752,0.237067547177324,0.180161679518135,0.18090894379446,0.167457351480279,0.221778205385466,0,0.135614311444359,0.0968390125696397,0.0944558969168318,0.12281341768326,0.08572617753739,0.201736707605441,0.180548584205721,0.222187290189423,0.228244750816675,0.107665135115587,0.129239903943791,0.1700211947625,0.215119630566361,0.056886784470156,0.188127527366408,0.202277682205198,0.171672545387196,0.141385387495784,0.159835701357726,0.137556817639953,0.178730066452426,0.109313009738182,0.0551887842793276,0.0792178130251399,0.169239119309753,0.221546292967352,0.0829205562165125,0.158386081314531,0.0914661234959446,0.122785556184657,0.0996387539766985,0.225463416991241,0.19265578885067,0.172248418879219,0.241170651485464,0.057294207191129,0.140052465996321
TRG_100,0.210807385319951,0.108204890587189,0.149468519925887,0.219863869857159,0.0816740113171299,0.182692797540803,0.208414413114505,0.233642751201107,0.178333872697009,0.216140263429129,0.197113080679701,0.147481208965262,0.162431579073398,0.135097994008873,0.170499956107173,0.185196878251844,0.231380725333525,0.136824746368284,0.225071107364533,0.206612006803912,0.30002192095436,0.0617843624425963,0.252644863111399,0.18698096794349,0.175928602681206,0.28890021462228,0.133556777803985,0.321305835741028,0.0866636525284266,0.215995459093314,0.235313528763101,0.293375719833452,0.0607185284126149,0.165301865937291,0.199390294055476,0.219060424374677,0.263403861907181,0.257619666932964,0.319570438792877,0.174260584507375,0.179851368702257,0.256026687273303,0.200321812937422,0.155234704109536,0.275922115816141,0.161943177026482,0.162978406624601,0.253314316621511,0.279071543951443,0.22496847611363,0.303123107942863,0.320417083426729,0.206331010655783,0.226068349448176,0.234596303889053,0.323057287244533,0.15061949738766,0.135614311444359,0,0.170196006449379,0.221932659210116,0.195246708520859,0.226925866958283,0.173339786324032,0.19871451142089,0.159132202539532,0.141471462903768,0.200110745752507,0.245448537754947,0.292901187321233,0.297149110514369,0.195849331072688,0.202334112692447,0.205626262830025,0.157137548932055,0.243145715135077,0.225112476257594,0.188947098668795,0.143919847301841,0.245294981482302,0.153043324613003,0.269226832988103,0.239952404221352,0.201503117227876,0.143499365530619,0.210575781534202,0.16338806582495,0.307169570083219,0.222190650810274,0.220014001420351,0.335302788364309,0.324732226635466,0.223771463288849,0.142071890535922,0.183213248402291
TRG_102,0.111218618872253,0.162468498716666,0.177850435039066,0.252657525750011,0.296395426658669,0.24449640400953,0.103244545763862,0.254385580796009,0.0826478603035879,0.233429686966448,0.202436740635246,0.220539725779942,0.230095073603102,0.0653035767848174,0.174011603378951,0.111317021360843,0.330810367173359,0.249078338962328,0.308237194223134,0.215981244912247,0.143931401662432,0.129749704292705,0.165130474321167,0.231174077027809,0.218341124944261,0.245407880058499,0.145546174361751,0.167546634482498,0.107832046038861,0.141831383998663,0.198416894254472,0.104947908383039,0.203419479223831,0.310657986942381,0.0997787646903369,0.241940227773134,0.123879056349303,0.202689736162874,0.196749714477036,0.0675754230150011,0.268887259782742,0.304342116486741,0.238735670401087,0.153616540544608,0.0708987519925661,0.293023068833278,0.231134142663692,0.202708169915098,0.288160030031647,0.305762797200065,0.185152769517368,0.23160367118819,0.228716168634363,0.314665060574451,0.233552482252219,0.257989275097688,0.247941027228147,0.0968390125696397,0.170196006449379,0,0.168513402402862,0.190147785833048,0.133647784725837,0.253211527887483,0.186232906326839,0.29351695728205,0.294412211524366,0.194298439023325,0.223285452318474,0.248688149251199,0.212653939614182,0.0999630143756779,0.249738360334718,0.231925268406082,0.22904723457528,0.179636701625887,0.301340836030681,0.260796817434706,0.220541545831262,0.171848194908331,0.0862879649726512,0.0950018725400635,0.290160399086721,0.251834039114615,0.0866263771940169,0.186349528152592,0.0869646105452153,0.231212350297925,0.149085409081665,0.265509747676563,0.231477673265912,0.254690441154324,0.244552571067226,0.179345749350311,0.139139719774917
TRG_004,0.124440010695423,0.229598094887093,0.195984327041355,0.196981364171054,0.306488166860921,0.171312197775053,0.192463345771657,0.140606915617031,0.140109369998581,0.138171839934077,0.133198593189572,0.235787625483495,0.217578313019616,0.142134157435519,0.155594747019157,0.132453062121343,0.262035904266302,0.146972845461223,0.225790170970894,0.138319135505998,0.165927918898915,0.187312531748115,0.197932976784572,0.116475333820393,0.189284334041496,0.155456560990609,0.178242270098516,0.262521483835155,0.127456118275872,0.0852012562270347,0.102925124069082,0.166375370570631,0.197374952307527,0.169087953241383,0.105160866597034,0.104088577991461,0.106984146135645,0.0997292057043372,0.076227969519035,0.102331048915278,0.150172313888917,0.166021932985068,0.20307657906649,0.0869224751870595,0.103388140333195,0.190844795728711,0.292744720868645,0.152200579590123,0.171967343433781,0.124246147560262,0.145920202543989,0.297609319631131,0.158594690655011,0.219148034244257,0.125505060584329,0.149545330398962,0.228734232420931,0.0944558969168318,0.221932659210116,0.168513402402862,0,0.0793344864034143,0.0755599209986428,0.277383701438164,0.109968182980777,0.175400117648732,0.205568007936389,0.246699415253595,0.0998179065688406,0.11681002115946,0.113593415407985,0.10100734583087,0.0940454611374335,0.199430667158238,0.186736049131282,0.10682218875299,0.1669993963451,0.26078477897464,0.170003010126784,0.174474204188682,0.149702829280482,0.0930354955413405,0.120740032499782,0.209725941082812,0.16703392440827,0.178314648677526,0.228011730280814,0.0804111817645974,0.0757244724816397,0.160183627467142,0.0883698996950626,0.0429908693365668,0.234057649024691,0.1684828938653,0.133994887520638
TRG_007,0.0823341094839233,0.122667523185619,0.191016768595126,0.183626005317785,0.214421962510856,0.178183018192208,0.115758856112497,0.158391388088801,0.11126320847906,0.13541799392641,0.133368645676066,0.189656921487851,0.159729874594155,0.093936926148713,0.11054941859702,0.102032537782731,0.239313301596363,0.17895240533672,0.213184014054116,0.0701208534166771,0.223172403729591,0.123787481919518,0.159348434565454,0.168223314453306,0.200079086191309,0.18591495251522,0.104149378274066,0.183172482824778,0.0936036275870507,0.0645330052929659,0.0878576655758848,0.138244464206356,0.155296919777212,0.209500047044247,0.0683486889825845,0.101242710944132,0.0981246171788891,0.0788601484584532,0.100757903229252,0.151234871763789,0.194864315799339,0.227688225651444,0.168034882281895,0.159962135162859,0.142203605052846,0.259503287038306,0.239954744630706,0.203417548424531,0.242782199224501,0.218586620316715,0.153825803032524,0.289807949629517,0.154699668410241,0.254328598892795,0.138974503067816,0.0862580202263409,0.176576620706071,0.12281341768326,0.195246708520859,0.190147785833048,0.0793344864034143,0,0.083058403527572,0.265279275013684,0.06661528755746,0.228403271034081,0.285899701388997,0.20732170780361,0.125871240377615,0.116786016381335,0.129230214252906,0.190814490334121,0.184613145706174,0.0558941785332628,0.242282461757206,0.0586170737441507,0.243593248158506,0.215422504849997,0.0657836476476445,0.225586605673921,0.116868255261792,0.181809255506155,0.189865599834608,0.0909025513312464,0.176175244958941,0.209046658390864,0.162952232668056,0.110490405797491,0.0839993120941159,0.192023370023051,0.0891854270938085,0.079130435981272,0.185795332199481,0.154470068842634,0.115979257518184
TRG_010,0.0904452496983935,0.152053495770475,0.179200313488752,0.189767897073863,0.252706431932394,0.193239843887924,0.167579923316261,0.127743143726322,0.14089872605781,0.14315334962162,0.140725743487301,0.171095636975573,0.171226398002748,0.0724047666553845,0.161834754590032,0.103918899477945,0.235168498754534,0.128078178101562,0.216698056141616,0.145365077772469,0.19620927099929,0.173133194199105,0.192295091155731,0.166769113366196,0.157599201891701,0.206498717112354,0.104105055936853,0.202025393139161,0.161227326279047,0.110095853980009,0.0700745010127436,0.17876482392343,0.182305775724464,0.208577539207218,0.0941631648649266,0.161547713680317,0.0494677592515136,0.0987800717080463,0.0866485823639923,0.113003928737575,0.205667546790554,0.23070898209483,0.194590807588145,0.151338576217541,0.109277136369683,0.226522338375412,0.263080060635235,0.200317068484567,0.259001076837042,0.192382716212366,0.204335771339024,0.285661238892156,0.166399828099022,0.293109320440732,0.137350663812664,0.112333033662659,0.173672178980879,0.08572617753739,0.226925866958283,0.133647784725837,0.0755599209986428,0.083058403527572,0,0.252822582452891,0.161266127297316,0.253392327019811,0.274480218926983,0.25533042961328,0.193743593647677,0.186777764647447,0.15059408779735,0.108350807562244,0.158606478878952,0.166295572647853,0.240066482715926,0.0752580799090706,0.276949529723215,0.242337286612305,0.134877591708349,0.200894362218802,0.0605604752948864,0.115711276080657,0.215336603102665,0.15637974304119,0.177005499129279,0.213608658390721,0.16368910744541,0.151870952727058,0.126827712279965,0.229239742400164,0.165819151262009,0.122173185071703,0.236726668323544,0.21236364849422,0.115870322336175
TRG_011,0.161788785440241,0.175869759366763,0.248970161912207,0.210605868067954,0.185635353770879,0.178152569756591,0.247169824632072,0.278368182773655,0.182081430232928,0.220822616858886,0.274956311837949,0.145434097497951,0.274080630333358,0.175728908413973,0.152156026844483,0.175346038559241,0.250600584139287,0.245678716815083,0.182551048278649,0.275160094767483,0.21934209611415,0.220666892451586,0.174837941606303,0.175906621700512,0.221753613597217,0.150748387253901,0.179009528215655,0.194875115253735,0.215405020958223,0.235766958040369,0.155661862696826,0.272072057758858,0.189391718070616,0.141515050273972,0.259136528482305,0.212403588956529,0.265872177126189,0.165222585519535,0.228517889976216,0.264328118021952,0.0910438240886496,0.312170710702204,0.224378935879186,0.29514947225782,0.214658377207438,0.211064283177816,0.253211097801196,0.191878528869362,0.27484651320511,0.205071694208343,0.283873379757396,0.227693122311801,0.222087337429981,0.221853944514695,0.139287021437667,0.223599245804528,0.156786405341313,0.201736707605441,0.173339786324032,0.253211527887483,0.277383701438164,0.265279275013684,0.252822582452891,0,0.259673652943385,0.196395211063643,0.182789647742753,0.214070768485849,0.1807447113173,0.282402905764611,0.286269458073634,0.233825044807196,0.207209090701797,0.212246652314166,0.211188718069518,0.22830049966145,0.206707716731042,0.217707171463182,0.173367289316806,0.162428399145368,0.217398197709631,0.170084895402413,0.245276024698218,0.165546638124031,0.181898699239817,0.130638202133163,0.251885047684273,0.236557841591726,0.196739988508633,0.187702667230834,0.27967845883079,0.247943631647867,0.232496133626337,0.195919049543883,0.273437261214215
TRG_017,0.157668828269296,0.178637977679304,0.236209355768107,0.158865574233665,0.216696545715401,0.259004051406008,0.096988248997557,0.235258400680121,0.100062888056622,0.0828091045246842,0.125558313982184,0.181973678161058,0.157032965924735,0.129387034881152,0.163815866714294,0.0886002432776366,0.187383978235347,0.214056107331284,0.259649465468792,0.0491270072201916,0.174980005177028,0.161098975304629,0.145616265331029,0.167941137277312,0.265623672020391,0.2377460795843,0.172963157722974,0.251442757549687,0.0749429948108334,0.0483978909503313,0.164783427787127,0.21133155216273,0.200662075198753,0.274260089202443,0.0721337480025236,0.076470565921212,0.121783645819152,0.135608072028193,0.128637411694938,0.155553922810811,0.248952610249371,0.287154755310305,0.242885138269303,0.138404507654864,0.164682314642815,0.193904948125274,0.215701584478463,0.267924565101779,0.31111297811342,0.279497220968446,0.133140095575093,0.300841672063711,0.122922611179,0.215004317976538,0.130489707979277,0.106777460057302,0.21095906858879,0.180548584205721,0.19871451142089,0.186232906326839,0.109968182980777,0.06661528755746,0.161266127297316,0.259673652943385,0,0.20749032154145,0.300657404986057,0.21648650599827,0.209911892371013,0.0833740354965675,0.203471799606635,0.19968062716616,0.213820309744445,0.0858977506691213,0.208598141505316,0.100700748700673,0.314797427126158,0.161285187550307,0.080613604413348,0.194915972381565,0.193165022112036,0.217327532033918,0.27132539445349,0.133170090599136,0.204020291613965,0.180246870275039,0.195547006995775,0.10324948261796,0.0522042728451758,0.219909742976642,0.153302093272042,0.0965015459286082,0.229810358422362,0.170180670707326,0.175710201558733
TRG_020,0.13046646436021,0.179238010340949,0.257143237578659,0.184629596768174,0.221197720705645,0.0947808880284485,0.245507051140439,0.198633386492778,0.214453612200982,0.170141378781492,0.116353755830121,0.189944516419753,0.0764262755392974,0.265328099181369,0.155908762943062,0.216149503742258,0.240445614318131,0.146710882747891,0.299383807247698,0.23181026561677,0.197912572583527,0.200902340406045,0.217046076469308,0.149578021844305,0.262126258802985,0.167059158324221,0.272079601727217,0.286247048569453,0.229044484795164,0.22658599098048,0.213316061410707,0.199191254812368,0.0905388188128263,0.113627639027485,0.230686022604534,0.199608870510887,0.195722735294105,0.193474662203116,0.174436313539414,0.252303008815558,0.132673507642626,0.0900761625160117,0.139133296110481,0.19751877898319,0.208667910620206,0.0969252247470207,0.180447158300046,0.0990720058679343,0.09303731911596,0.0996698439847478,0.272877161520653,0.325362131007052,0.104845359116664,0.0484281683502545,0.191652420916841,0.249934347760515,0.0473937332899145,0.222187290189423,0.159132202539532,0.29351695728205,0.175400117648732,0.228403271034081,0.253392327019811,0.196395211063643,0.20749032154145,0,0.0698175203453951,0.26816524317329,0.0731048560177893,0.199530277590517,0.137356413404875,0.300936870265569,0.0775034024820588,0.263305904530402,0.0962982768705309,0.190997614230341,0.052932379188278,0.132867407508368,0.123406293120232,0.142933106486577,0.284899614112821,0.179873458032953,0.0486219909342099,0.260738233700894,0.234625673448671,0.199185338030107,0.28753827910351,0.188125163441131,0.220370397085734,0.0444293414685996,0.167783335120393,0.157446021130405,0.110984829735907,0.177498840011799,0.15639290432935
TRG_022,0.152234292131773,0.209730976546838,0.257465204303449,0.17967068986134,0.254758477758773,0.146663275764218,0.324467956115858,0.210214974584579,0.247088795949558,0.175176320138808,0.183178263003728,0.242884703979621,0.166891078749636,0.281825624732422,0.158371601407507,0.206146313261796,0.28495738156604,0.144377966554032,0.242126032845391,0.279988448991194,0.193600282239439,0.223317950097815,0.204772873610193,0.137238522691327,0.2705183196567,0.197528205911453,0.30843531275921,0.287311164006564,0.269324080374078,0.276271147525293,0.264232189507063,0.267553521391817,0.106959868969928,0.0889430059159834,0.227784926193719,0.23016548953704,0.250893976610184,0.189015122118328,0.168559373478462,0.267025746187615,0.118096079001517,0.088473976590331,0.112441610760127,0.195420528238242,0.206368740321382,0.097926113667767,0.161475995276499,0.0653479579117809,0.0686207635653435,0.0464428893125394,0.274866975218964,0.342750641859174,0.205810051008612,0.104865368463944,0.103707362729554,0.234893225324577,0.101064222175235,0.228244750816675,0.141471462903768,0.294412211524366,0.205568007936389,0.285899701388997,0.274480218926983,0.182789647742753,0.300657404986057,0.0698175203453951,0,0.336763768037008,0.104111162180429,0.226483984370272,0.209902440653156,0.256264206103694,0.0766353793359617,0.302571434610806,0.0870011443225222,0.249123334688574,0.0707362249221989,0.170095505654744,0.190400838625254,0.0984632018514221,0.258896199171127,0.207665294814573,0.0606689506202241,0.304702882751663,0.296529715092484,0.0965643582037451,0.289768395067344,0.189379856902733,0.180238628544172,0.138170140691692,0.16928885041508,0.171593769545797,0.211091439828337,0.193286096544735,0.172346483552384
TRG_023,0.171488602309871,0.233092333918926,0.201551870373217,0.240023361530834,0.18142206158952,0.282667485014754,0.13284102915347,0.291057845076964,0.0962426713169778,0.191709676583533,0.249404392223842,0.215580824260469,0.254162972884148,0.141639356296323,0.259140338745606,0.180037832740926,0.254689373440709,0.227922720251158,0.301851958739946,0.257446130823377,0.215187655108001,0.189713109634601,0.168341563219525,0.267641854197509,0.250694939788117,0.228921591548763,0.211522115180668,0.280069102898532,0.133679574811026,0.176740519226527,0.265666471907679,0.203480280569356,0.276011742031928,0.248344060738358,0.195935826281106,0.223560848603046,0.317554459062725,0.220763759613716,0.247960993000589,0.208540325703212,0.231806735454729,0.343667136654001,0.281415998462855,0.205421379052782,0.197201202054853,0.261637661238489,0.256776204219027,0.214563899966331,0.278742427620253,0.300893169331684,0.190695066478097,0.253785153800993,0.240471645278861,0.218959510096898,0.300832668718917,0.180990430260521,0.298600258069316,0.107665135115587,0.200110745752507,0.194298439023325,0.246699415253595,0.20732170780361,0.25533042961328,0.214070768485849,0.21648650599827,0.26816524317329,0.336763768037008,0,0.208202701729847,0.17716551370057,0.298219384437137,0.191790292332307,0.320150394939306,0.176938143946138,0.261234485177968,0.312271324710842,0.247989446622994,0.214275585383859,0.225840652700765,0.180983808216582,0.202202487246776,0.204361586484453,0.285364507527687,0.269774665504027,0.130448091809477,0.231007971504071,0.132833422792996,0.178674937573364,0.153102912475482,0.225899326462093,0.313093642980017,0.278826008436268,0.279572125153619,0.0948979643453062,0.29454855449356
TRG_025,0.0945839901557651,0.277598383489225,0.250978830120821,0.257214988224613,0.28653216720388,0.151915658736662,0.248471378739057,0.134809368556381,0.154916158296391,0.202697101239298,0.158466553276721,0.257295962975747,0.159524137840232,0.19721374396743,0.0958321473969056,0.174293302608007,0.275447795698269,0.149483487049812,0.342424805056748,0.220280705426942,0.189267630154251,0.245165483309869,0.160962939201429,0.178010879406769,0.240307365424652,0.159686746832612,0.230281849650273,0.282230048148209,0.220900704053363,0.198046552574334,0.187056469400948,0.17289335908611,0.178248073900364,0.109139656236142,0.161521928095365,0.144722472578025,0.212142006385343,0.0891661793530171,0.136959350734775,0.196401140495897,0.0880913011968752,0.137474860468927,0.115586082005116,0.175466455746796,0.149221629153003,0.16509412115533,0.256545837215645,0.0698656119267983,0.0965405733566866,0.0856361900784068,0.184035253799769,0.303675637695752,0.204345108194479,0.0615873325350677,0.13434019377261,0.220931526106715,0.105808968918018,0.129239903943791,0.245448537754947,0.223285452318474,0.0998179065688406,0.125871240377615,0.193743593647677,0.1807447113173,0.209911892371013,0.0731048560177893,0.104111162180429,0.208202701729847,0,0.203982529005346,0.130446223197982,0.221805455249934,0.106015766607709,0.208483057763504,0.140151197735946,0.164046979832194,0.0507819963213474,0.115998147695236,0.234744195133305,0.141269695686427,0.19541910249411,0.174282699039235,0.0587774159886677,0.248239170681466,0.158063066930743,0.166665515176251,0.195143046122589,0.198165701044453,0.188027383898183,0.0765036895786926,0.0555427179934705,0.0818684845974765,0.160580321052715,0.120799725430906,0.238485955406253
TRG_033,0.149307840856789,0.277999060970462,0.237487351901692,0.100653096697943,0.237562302790333,0.170616278822785,0.141283267566308,0.206531922169921,0.0885002124880202,0.0615238836483902,0.123611208314104,0.201766338703298,0.185615751881093,0.194213922594668,0.239363220741092,0.147117091879854,0.245633218753993,0.159075600395506,0.329706424243868,0.11670662902705,0.107176568861877,0.208076481210662,0.088331755415993,0.0928610760818503,0.195181235972089,0.158327347719572,0.241368142192084,0.265611479548013,0.127162454061678,0.0644268335344078,0.174252802286967,0.159870800107805,0.257240368182944,0.210854162875845,0.145502959883515,0.0778374619197136,0.141089439431819,0.173203363560106,0.0806705671871182,0.184852323577515,0.221416521098253,0.189420020130422,0.267202851767986,0.125712415503885,0.132124615145543,0.119017802643202,0.126942796362585,0.16825886214827,0.188054187596102,0.166978240265846,0.104216840563329,0.29738620188859,0.190638423759112,0.229916851632733,0.150852740392728,0.106078694817038,0.290848981401205,0.1700211947625,0.292901187321233,0.248688149251199,0.11681002115946,0.116786016381335,0.186777764647447,0.282402905764611,0.0833740354965675,0.199530277590517,0.226483984370272,0.17716551370057,0.203982529005346,0,0.16521514803562,0.190260865512283,0.149642129913932,0.186571037722245,0.11730514497981,0.171165819659714,0.217471831903084,0.232863227519268,0.174999449102989,0.128731347182654,0.233348972355726,0.1901805997704,0.192732656907326,0.285825771114448,0.174890939221008,0.151881753851078,0.222293867072483,0.0458951439910432,0.0547591108770464,0.247334364533024,0.216007836839222,0.113668481081908,0.238738594056796,0.143485359654197,0.250276814919333
TRG_039,0.110963515145378,0.322690137569561,0.280687366912457,0.200932241093702,0.260758247008909,0.144161237426197,0.249123210938631,0.148387499729668,0.146479009892651,0.180567522912032,0.209159488174044,0.251736863591232,0.15998371913166,0.236627442728584,0.116687256851361,0.170464689002079,0.249936936933243,0.120533565102034,0.239270176190117,0.224797550810329,0.0968810724928643,0.304845258554715,0.145745285502973,0.137599338535882,0.280081183464356,0.184440930814728,0.200093997354396,0.17117670405437,0.236596344385228,0.172958438281121,0.117966365371508,0.0578279175886222,0.247746399875876,0.245726760750808,0.212834829976515,0.120730369740246,0.18472689345393,0.200726357665314,0.127955872568386,0.154038532410197,0.238163927641227,0.14347320970206,0.228543309917511,0.233243680977434,0.10927530965913,0.168835565561016,0.23996892258023,0.167994874808319,0.197835472875999,0.157008408762379,0.145605369644436,0.303956917859896,0.257474841936947,0.213738996249841,0.182591734487785,0.198636042350651,0.206859269198038,0.215119630566361,0.297149110514369,0.212653939614182,0.113593415407985,0.129230214252906,0.15059408779735,0.286269458073634,0.203471799606635,0.137356413404875,0.209902440653156,0.298219384437137,0.130446223197982,0.16521514803562,0,0.194699201634109,0.127643126036639,0.241639380528574,0.165628230341094,0.209314593171963,0.193050510510592,0.267406462596225,0.212598521379891,0.151568154044888,0.245196030283383,0.202394553106641,0.11666063183813,0.27546042919814,0.170527820213779,0.224821289593568,0.188146454478415,0.171782492304979,0.153767975907033,0.177435209771157,0.128019711047978,0.0937547450083516,0.134725305891173,0.259006365556644,0.202578068974724
TRG_040,0.125590418664067,0.267241657780112,0.17338495570055,0.226660563787437,0.312890776050599,0.269501048317379,0.189650663565045,0.279621828186532,0.13574964409267,0.200589852397325,0.22480406972437,0.270145288881227,0.290491144236645,0.0924197390219721,0.281366244029956,0.167530489496899,0.294948097125502,0.208730122587378,0.259619220259379,0.23312749533236,0.10630113513888,0.190817093510321,0.16663481970668,0.148566111653783,0.202876749880626,0.203757277973282,0.148543690718027,0.275201624168822,0.125882284551316,0.161452875257827,0.153729251815412,0.169832454043658,0.267483890366486,0.282676978874732,0.183566410585128,0.184778118566943,0.147382972741156,0.227778627924364,0.144370608544659,0.0987135609072108,0.207349714551933,0.250949037755113,0.207509176569791,0.0948300795657234,0.0916369918647418,0.200076765356236,0.27759216409174,0.127740476851892,0.193929452943817,0.217831669584844,0.249471054635832,0.328668763191663,0.281749486204739,0.280923053882789,0.191893570150003,0.229195115737588,0.29238753134031,0.056886784470156,0.195849331072688,0.0999630143756779,0.10100734583087,0.190814490334121,0.108350807562244,0.233825044807196,0.19968062716616,0.300936870265569,0.256264206103694,0.191790292332307,0.221805455249934,0.190260865512283,0.194699201634109,0,0.174562531495972,0.295618044376586,0.188401784715746,0.209197537583165,0.230851540255751,0.253515016692949,0.256904775880033,0.102329947282483,0.0981384199727429,0.06726268953018,0.227187801753739,0.302486581077818,0.122814811042142,0.140942788439657,0.176757971915798,0.146162763140101,0.106206303218205,0.286756630668566,0.289265914116014,0.186818264397937,0.300880073482644,0.141269387450789,0.191936719514544
TRG_042,0.151639030166423,0.263805426957623,0.267243898949295,0.17273609757441,0.245198700177852,0.128708147407212,0.280334136485022,0.176224468445436,0.185649606105657,0.148893126724926,0.173762248569984,0.187971809980341,0.171167912476178,0.221700350004135,0.169306313437768,0.208969945160903,0.278877954312138,0.111471663483197,0.289800282347488,0.238290433026189,0.15314476904558,0.284663831422762,0.158790381101492,0.0806559822707357,0.243949238784916,0.150191082074438,0.212858326084992,0.203464057376159,0.209092608148215,0.152773402001618,0.157071564166381,0.19861894026486,0.158097989736562,0.110319613521078,0.154994359829934,0.126488237113939,0.169343011813399,0.153296890195913,0.0970615182040854,0.205847963343617,0.11186515490261,0.11857283451041,0.182529394896804,0.232096212602972,0.124588164265203,0.127898195949797,0.171161490149537,0.111914809295072,0.115217974346545,0.0702990036448125,0.173464357438811,0.297574438153973,0.20432185394576,0.132244652662061,0.0934333135913633,0.195732535000185,0.148061322433005,0.188127527366408,0.202334112692447,0.249738360334718,0.0940454611374335,0.184613145706174,0.158606478878952,0.207209090701797,0.213820309744445,0.0775034024820588,0.0766353793359617,0.320150394939306,0.106015766607709,0.149642129913932,0.127643126036639,0.174562531495972,0,0.290176303425663,0.0945091918649874,0.196004509641,0.107355359533257,0.235511271261705,0.251510847541754,0.136191840153622,0.248797221971753,0.111024766478372,0.0882662792582494,0.287104721587007,0.175565843694885,0.14006579073777,0.280044761117901,0.12436121519573,0.141131224274872,0.12264603112317,0.164485772609865,0.103362895689762,0.200053250884826,0.239470281994753,0.232166705722383
TRG_043,0.153490882539535,0.110046919004508,0.236276249509873,0.154217374902753,0.183937260099468,0.152361435750584,0.122372033314224,0.27196447482772,0.129478848768722,0.161801415599599,0.21713640129255,0.189433799822215,0.198464803862367,0.127305634863949,0.130729250621266,0.116803763965833,0.208359398743739,0.249242783905238,0.245155448254621,0.115638605627494,0.305961445598308,0.163310132866173,0.19972568025976,0.249391673595357,0.201885006796031,0.15838178444611,0.119266986279557,0.223146798237338,0.10725438116647,0.113123622678184,0.148972711397246,0.232083722455725,0.189031225344455,0.250990975136401,0.0842780107828061,0.141596868168973,0.170970377661554,0.0980758928294286,0.197304301602601,0.217919728300245,0.234282547713474,0.255237843059255,0.216016203317448,0.266542774579221,0.246161324315132,0.282496024524023,0.196951217276091,0.328004182709577,0.333302564201441,0.294437129265207,0.195338026122827,0.246593472670195,0.171961798147024,0.264994774426943,0.197227372228396,0.123968258596088,0.198482910395668,0.202277682205198,0.205626262830025,0.231925268406082,0.199430667158238,0.0558941785332628,0.166295572647853,0.212246652314166,0.0858977506691213,0.263305904530402,0.302571434610806,0.176938143946138,0.208483057763504,0.186571037722245,0.241639380528574,0.295618044376586,0.290176303425663,0,0.246609411465245,0.107149516662641,0.322329821209352,0.234199456319515,0.0637608265902504,0.29849083161901,0.165987950496945,0.276959381908788,0.308274867296169,0.07465012503799,0.221819637920287,0.28139620666652,0.167562207641316,0.200768293953703,0.148734009418574,0.236556658151038,0.179381955933385,0.16509576272328,0.193922814526396,0.209074318366251,0.166214763598446
TRG_053,0.124924339589801,0.193393384077419,0.261677055499841,0.0681255917859612,0.214206639347131,0.144071551592545,0.275318650381919,0.161524718138749,0.16451603379596,0.0814857727444537,0.101000712696093,0.191512227538056,0.0875506750376306,0.221648373977663,0.17362780061197,0.14445296597189,0.192797749193346,0.1174578546684,0.289035786745369,0.18040551996965,0.116925820640645,0.207699534028049,0.113363244062422,0.0671588686167025,0.243077016157497,0.136842767697593,0.256907679820901,0.23342908285146,0.157037415697651,0.183765311091049,0.241997083285002,0.193708474910626,0.0981031171430535,0.114363369795004,0.202523442280761,0.128569461694846,0.191748003216024,0.186866965596616,0.137295439031413,0.174688483083508,0.117000857268504,0.0698289173381285,0.0982758967488574,0.111224540737379,0.180954046927665,0.041891116263059,0.0641536188052415,0.0901221320208249,0.100864470336532,0.0889834016331528,0.24385987240781,0.247070881144799,0.178912465559149,0.104137812839688,0.159030273938088,0.207428339598807,0.150869528881453,0.171672545387196,0.157137548932055,0.22904723457528,0.186736049131282,0.242282461757206,0.240066482715926,0.211188718069518,0.208598141505316,0.0962982768705309,0.0870011443225222,0.261234485177968,0.140151197735946,0.11730514497981,0.165628230341094,0.188401784715746,0.0945091918649874,0.246609411465245,0,0.20730990769308,0.0973289243676841,0.144068138518093,0.208952272147783,0.0775475797501741,0.261838598607,0.169774212064898,0.107583613860208,0.267690987727051,0.182858841797342,0.108425279641273,0.228817979239495,0.125589429780012,0.113453066492412,0.157412519114378,0.235256459020819,0.234951804952237,0.206827184519245,0.149786299547636,0.107402113563762
TRG_054,0.0956702542958032,0.121768082757297,0.190908233144567,0.208134287918456,0.235644907047636,0.196605763332163,0.158188292267476,0.16725988121233,0.12917339500355,0.138567354374625,0.119298567928066,0.190024274923719,0.141628685056709,0.101245734444275,0.125630681286805,0.0824618364435832,0.184816110494428,0.165950184653924,0.242522983825504,0.102004723420316,0.220317935831627,0.165758996376506,0.165866642476337,0.165705447327805,0.233437226158725,0.198103332726286,0.142203716035712,0.191346570384815,0.143828701899883,0.0733945159577906,0.0848063765195199,0.167213249772657,0.148580447707639,0.165579526905851,0.0604167324916439,0.142269137533504,0.0612680035201549,0.0632810667512592,0.0972287663003749,0.139482910373635,0.1505934252608,0.251809303118724,0.151579575027324,0.168762486055594,0.146183664819114,0.260729365754429,0.234220131150262,0.191750835878363,0.24857062556408,0.193026967183619,0.154207310755171,0.246480185863584,0.0983072028215061,0.196015580603446,0.0778226690982639,0.1519983138035,0.133506858714085,0.141385387495784,0.243145715135077,0.179636701625887,0.10682218875299,0.0586170737441507,0.0752580799090706,0.22830049966145,0.100700748700673,0.190997614230341,0.249123334688574,0.312271324710842,0.164046979832194,0.171165819659714,0.209314593171963,0.209197537583165,0.196004509641,0.107149516662641,0.20730990769308,0,0.247143280031683,0.187628236860881,0.0979764445383932,0.229794088244,0.0745515440799919,0.174773518824479,0.230635149043593,0.0973706885883966,0.208047279546625,0.195793161712392,0.17888115496378,0.161072044000686,0.133105331669306,0.180518556508803,0.128241288767274,0.126223444741837,0.263062796220376,0.215726082636779,0.10265894338736
TRG_058,0.154301040453068,0.244862509605685,0.291671946466105,0.226801599529573,0.287545668407317,0.145976089425959,0.310142455511412,0.189028975298784,0.214213564234557,0.216433975173873,0.167346153693996,0.273256467946304,0.158427923027083,0.279465129940262,0.188060836792619,0.215593050669632,0.281544307533023,0.186031932872445,0.334650834531788,0.296345145586923,0.21060692954861,0.270292248315897,0.227905951924662,0.159009757683655,0.294433699969113,0.173681619591046,0.329879733258951,0.339516175336358,0.270571365817304,0.274355110012783,0.272121661487196,0.222059660453741,0.120658852675571,0.0948552981422838,0.245896345682777,0.234232753674798,0.246376296516446,0.164691458805923,0.175435961429403,0.263267097218671,0.0952966115100423,0.115665907367674,0.126689517626632,0.162739001234498,0.197757821274716,0.115251274059125,0.200333821535022,0.0494865294391523,0.0518291814950276,0.0585627577460216,0.239199830137626,0.321866476951996,0.185671127391114,0.0380411431231699,0.196057440033283,0.246807345879463,0.0955683948102483,0.159835701357726,0.225112476257594,0.301340836030681,0.1669993963451,0.243593248158506,0.276949529723215,0.206707716731042,0.314797427126158,0.052932379188278,0.0707362249221989,0.247989446622994,0.0507819963213474,0.217471831903084,0.193050510510592,0.230851540255751,0.107355359533257,0.322329821209352,0.0973289243676841,0.247143280031683,0,0.143406806238095,0.200969723286688,0.116495473237708,0.284609364810811,0.182380310323392,0.0447014206235566,0.273767345853524,0.227338871177631,0.160456168887603,0.266306868140668,0.189533773602595,0.214620103654056,0.088330131978434,0.140974171736394,0.169565294991577,0.207279273537526,0.119241570963432,0.207421133482101
TRG_060,0.111028800154442,0.248004208428967,0.2439038525282,0.153319144072052,0.157124462757502,0.16513986463522,0.264618701410086,0.163169481396393,0.176074605509216,0.125279238547206,0.0918569826028309,0.170089042742067,0.113458147862287,0.18992269090036,0.1602281385642,0.1073863957688,0.0859155314694503,0.136622407174755,0.257066411563446,0.129003287788998,0.240406215503061,0.164529389503472,0.215477170575767,0.220408093540699,0.280239679855873,0.189084154037016,0.227454809693755,0.255623103477551,0.164842439075312,0.187991191252125,0.201682908581065,0.244236424486322,0.155499559977135,0.165337838321506,0.194734161636798,0.223751935967051,0.142593840725633,0.167091026297366,0.22537592961302,0.221509211162547,0.154612155854912,0.159995277486922,0.079387303531501,0.138089567036288,0.25195795623576,0.144639106746805,0.181813680464576,0.161174410254557,0.174527014928577,0.199907564156825,0.295801454015435,0.292094023359406,0.211817322507839,0.0919367677686781,0.232176153810927,0.192133467633104,0.144343631595518,0.137556817639953,0.188947098668795,0.260796817434706,0.26078477897464,0.215422504849997,0.242337286612305,0.217707171463182,0.161285187550307,0.132867407508368,0.170095505654744,0.214275585383859,0.115998147695236,0.232863227519268,0.267406462596225,0.253515016692949,0.235511271261705,0.234199456319515,0.144068138518093,0.187628236860881,0.143406806238095,0,0.179055172587195,0.200628545964428,0.214950036999248,0.262328435908091,0.170176086813743,0.206337180896779,0.179881720954211,0.234253325100483,0.17595591505739,0.23394415829891,0.18013370326717,0.16495697563834,0.22207349930738,0.269877060167359,0.204741472741108,0.100488681739982,0.154154872835415
TRG_067,0.170137585469491,0.0920472641701883,0.180199967380582,0.195680873733653,0.151908239735989,0.135052981947592,0.129241757083895,0.247417686812448,0.148375747782718,0.1206458550763,0.114233570821048,0.155700224668672,0.127116897546757,0.124401006735274,0.148706737111027,0.1233589748356,0.239214658086373,0.223024852284476,0.211720133458639,0.125635431002567,0.285628273713029,0.108725415036242,0.185978300965135,0.250932841509277,0.234496095088887,0.218755765455054,0.125493811820817,0.199386270414131,0.116388563053967,0.111828895998231,0.163564879575029,0.203735029421444,0.101373518145031,0.166595331367671,0.111836044301792,0.108195021941672,0.132764225073597,0.133213346335001,0.210297538001962,0.21069588922518,0.209252772699274,0.260623107655898,0.226054658404915,0.166856335427383,0.242376677479767,0.199454753104203,0.195421175717223,0.268575475898583,0.272121401596494,0.263429037718547,0.261760169315604,0.275370149023332,0.0930570456109078,0.159571315746136,0.221665490266023,0.156293922547471,0.0872512036101654,0.178730066452426,0.143919847301841,0.220541545831262,0.170003010126784,0.0657836476476445,0.134877591708349,0.173367289316806,0.080613604413348,0.123406293120232,0.190400838625254,0.225840652700765,0.234744195133305,0.174999449102989,0.212598521379891,0.256904775880033,0.251510847541754,0.0637608265902504,0.208952272147783,0.0979764445383932,0.200969723286688,0.179055172587195,0,0.249875555657091,0.15890075161033,0.290510831500427,0.238726041326038,0.101534182929602,0.24488276214607,0.268207680484209,0.1709345881917,0.201843738198878,0.132394628555116,0.122124108780351,0.195310980480509,0.174764309587576,0.177246801991228,0.19542315979746,0.16978657573961
TRG_068,0.100232732011839,0.268023767390825,0.288454268758482,0.145677815137044,0.266147233724109,0.184741235732344,0.20601623031372,0.212648850589306,0.121859940996714,0.121708930433652,0.183851464436815,0.263464264557599,0.204687802527337,0.147856211046107,0.171657847245013,0.109649476308727,0.250701440822238,0.188648085490712,0.333044737512537,0.192384619277732,0.0625480415218876,0.263040357448112,0.112346300952289,0.0734922079547241,0.325400562437257,0.151022544364871,0.229127766923747,0.218146883405561,0.137269843195219,0.168689354565617,0.211343717891762,0.135275722826023,0.209613865508167,0.16028582071929,0.223386482520886,0.179584108173795,0.223093397059557,0.180568016490923,0.123113516114881,0.181327766527665,0.140625471929524,0.12810585713215,0.157407959239383,0.122333982671825,0.0964309358383489,0.0837947965561142,0.140559323691094,0.057790790182854,0.0992051505940542,0.0808961018657103,0.223354660188591,0.287976753995418,0.231674908421456,0.15543384151279,0.130770958207069,0.148197690473549,0.205895383766756,0.109313009738182,0.245294981482302,0.171848194908331,0.174474204188682,0.225586605673921,0.200894362218802,0.162428399145368,0.194915972381565,0.142933106486577,0.0984632018514221,0.180983808216582,0.141269695686427,0.128731347182654,0.151568154044888,0.102329947282483,0.136191840153622,0.29849083161901,0.0775475797501741,0.229794088244,0.116495473237708,0.200628545964428,0.249875555657091,0,0.183939396935232,0.0949688921471074,0.10365418389996,0.292900135068183,0.159653528146257,0.0534335357202714,0.15008918659953,0.080692859199106,0.0845804864388079,0.20581513379949,0.214962028199512,0.19154171987561,0.228031070961939,0.118582742373648,0.246905137655106
TRG_069,0.0911630628014949,0.107150994922106,0.174392795915355,0.229064524477243,0.256896224076369,0.247497029129884,0.145235607491013,0.210152514036051,0.119344593726278,0.216037185379434,0.191054440457424,0.206103445833095,0.196517824925074,0.0361177391358409,0.168838789850491,0.103671836487716,0.286120405463789,0.184532176061498,0.216173599259559,0.177242418460434,0.186769199102056,0.126818953994103,0.183054037034391,0.215877020163865,0.164806632994745,0.241172499944951,0.0791227539910732,0.20996720020011,0.117630315757967,0.142914459497013,0.0827086895904531,0.180028064900682,0.147323949748022,0.2461434542197,0.123118602141136,0.237200654763659,0.0794895414315498,0.108501846188588,0.160246741139512,0.102149339573457,0.189861183905157,0.312677325316104,0.170112815004673,0.143860803029316,0.112338282860452,0.289501213468511,0.244914537963991,0.180879734190633,0.262174044236839,0.243474496655103,0.234627462462554,0.299684815226427,0.214908936424674,0.277044933475558,0.146904964738506,0.192488996173764,0.182218818911132,0.0551887842793276,0.153043324613003,0.0862879649726512,0.149702829280482,0.116868255261792,0.0605604752948864,0.217398197709631,0.193165022112036,0.284899614112821,0.258896199171127,0.202202487246776,0.19541910249411,0.233348972355726,0.245196030283383,0.0981384199727429,0.248797221971753,0.165987950496945,0.261838598607,0.0745515440799919,0.284609364810811,0.214950036999248,0.15890075161033,0.183939396935232,0,0.136855194154544,0.264255675990762,0.143283626733755,0.12535959091756,0.203040574352564,0.10665877808164,0.206049230005537,0.144516995787497,0.248663517246888,0.195350438173297,0.208205167579138,0.299076137303368,0.14195229726833,0.116152895294685
TRG_070,0.11547504286498,0.286554356622192,0.198227420229239,0.222878247791794,0.272342355428313,0.18933965594817,0.191404217993188,0.22779251478126,0.125918403383857,0.151750138586656,0.165872427537401,0.157187029813624,0.205833864555708,0.109383875084702,0.209082821968853,0.132848601926129,0.272749373343166,0.158025032825605,0.262308771164521,0.24537161598864,0.142074165264998,0.202539746507455,0.159835280747494,0.111483938912872,0.183652302266936,0.185537194570687,0.1738016015785,0.215286493228146,0.14533500062928,0.165789021119396,0.142471508073465,0.149363629970213,0.256069422631776,0.199391701393908,0.155170015493218,0.17897734722081,0.112234439157587,0.174496487379271,0.110459703189868,0.126871114263837,0.143711454268843,0.198415251106411,0.208519040568411,0.132474318247627,0.0692005779758417,0.187767865652387,0.261666798453696,0.107214391152162,0.170280397599718,0.19566168205328,0.225007843179275,0.289656348503619,0.249403154714219,0.262525246380845,0.144872747183997,0.212424288508337,0.238699539106412,0.0792178130251399,0.269226832988103,0.0950018725400635,0.0930354955413405,0.181809255506155,0.115711276080657,0.170084895402413,0.217327532033918,0.179873458032953,0.207665294814573,0.204361586484453,0.174282699039235,0.1901805997704,0.202394553106641,0.06726268953018,0.111024766478372,0.276959381908788,0.169774212064898,0.174773518824479,0.182380310323392,0.262328435908091,0.290510831500427,0.0949688921471074,0.136855194154544,0,0.194304472156895,0.278863339621406,0.118666685494063,0.0827738374145275,0.172875782728917,0.146255638640483,0.111636007683766,0.17568290982161,0.238874866277041,0.18792385885604,0.226178558986383,0.157745435441142,0.215684467984176
TRG_074,0.107755025177304,0.297232736689103,0.325557115443247,0.2106451022658,0.303830106151015,0.125466345968587,0.303110402414352,0.174727028039485,0.210143523572191,0.183018579479864,0.152824069836445,0.272873527918959,0.148841568185044,0.289566445959194,0.162436174629445,0.190284154734105,0.273750408537317,0.155672498335534,0.360998215505372,0.263461311400272,0.150833230490846,0.299680955699075,0.221194501476886,0.142300915261792,0.319416145673643,0.158096391279227,0.330411559028539,0.329844527091944,0.28826382609711,0.230757489450637,0.207519341725784,0.163663534243068,0.16480704826257,0.127400110615774,0.211019577186085,0.210817756269416,0.199692740944657,0.16641264117405,0.123707234767586,0.206399916612043,0.153520405898238,0.0495615260162804,0.114218276748852,0.141604068669188,0.147169753614489,0.0875692701067624,0.21891602523634,0.0385224401383238,0.0296590407510283,0.0387484775557758,0.247064295653705,0.343797232140129,0.216354799637122,0.0827674655960754,0.153590011853952,0.201651203758799,0.110285300596092,0.169239119309753,0.239952404221352,0.290160399086721,0.120740032499782,0.189865599834608,0.215336603102665,0.245276024698218,0.27132539445349,0.0486219909342099,0.0606689506202241,0.285364507527687,0.0587774159886677,0.192732656907326,0.11666063183813,0.227187801753739,0.0882662792582494,0.308274867296169,0.107583613860208,0.230635149043593,0.0447014206235566,0.170176086813743,0.238726041326038,0.10365418389996,0.264255675990762,0.194304472156895,0,0.335088494208339,0.249414347874079,0.165085053794586,0.268018088376539,0.146264443590951,0.185134330885092,0.0982886083576439,0.0947969047976313,0.0955535609856634,0.170993701794068,0.15860121399422,0.228592336776452
TRG_078,0.190447924332784,0.11169416743989,0.272111895163894,0.237602586567941,0.210108513414898,0.200970247645714,0.218935854605584,0.200382032468428,0.202369003621358,0.229161866286393,0.227108831186772,0.187670374515945,0.256317292907202,0.128639948129521,0.12798097801696,0.123592692176557,0.208387091867109,0.184786217321557,0.245861535919685,0.128277228552546,0.331974630001318,0.166565653022388,0.256367724985652,0.251312829829597,0.280577115613248,0.244362697450772,0.0965175903099049,0.2442518997136,0.129377186481095,0.175435893996209,0.131344892594472,0.273759842961152,0.172151178238928,0.244171018711384,0.12829408259501,0.180240546242935,0.199840885352558,0.163915295644696,0.248908088637411,0.268204173001883,0.252195254257749,0.288489943453901,0.246802811605001,0.27396043597021,0.275283308977227,0.297754055003446,0.255705907915964,0.31156220343716,0.327365157453024,0.334553265636551,0.301534136182357,0.272412221400647,0.190590797880022,0.243035286295956,0.201360604671668,0.206279219314446,0.209293057432109,0.221546292967352,0.201503117227876,0.251834039114615,0.209725941082812,0.0909025513312464,0.15637974304119,0.165546638124031,0.133170090599136,0.260738233700894,0.304702882751663,0.269774665504027,0.248239170681466,0.285825771114448,0.27546042919814,0.302486581077818,0.287104721587007,0.07465012503799,0.267690987727051,0.0973706885883966,0.273767345853524,0.206337180896779,0.101534182929602,0.292900135068183,0.143283626733755,0.278863339621406,0.335088494208339,0,0.259826770676911,0.281516320529698,0.206310893833887,0.261940732939211,0.193080732339808,0.251890594875744,0.167800472384794,0.20834387542721,0.240663594266452,0.244557132992454,0.22561892398766
TRG_085,0.10129841988202,0.137273698215896,0.179703015271481,0.21648367086428,0.17518321008931,0.225970184953845,0.136733611162241,0.22128935648906,0.0610096745322224,0.198696795715792,0.203276554949117,0.183827129935778,0.195285325647214,0.0868392538451905,0.161618117896169,0.141398924785928,0.211520848461119,0.233369368659545,0.252755439561541,0.198298078886404,0.116080752839858,0.100604280154528,0.0986573088736442,0.176943562695754,0.147428558332703,0.182460517611698,0.111909391966652,0.149656728607182,0.0832888295741888,0.126939250360454,0.181533739690135,0.115358848348116,0.175360881441428,0.243852866484871,0.118778364172421,0.176535489386769,0.177544382596091,0.185286702883368,0.194172909511414,0.1046603534537,0.177881911405661,0.288355090204327,0.221823671772224,0.174353383511546,0.0945890032262738,0.239455016595059,0.223152186046647,0.174984214796572,0.257825600636369,0.270174992742406,0.13577406809078,0.231038980115975,0.240819904292102,0.227327199729448,0.22043801001793,0.263063875603724,0.281050802728825,0.0829205562165125,0.143499365530619,0.0866263771940169,0.16703392440827,0.176175244958941,0.177005499129279,0.181898699239817,0.204020291613965,0.234625673448671,0.296529715092484,0.130448091809477,0.158063066930743,0.174890939221008,0.170527820213779,0.122814811042142,0.175565843694885,0.221819637920287,0.182858841797342,0.208047279546625,0.227338871177631,0.179881720954211,0.24488276214607,0.159653528146257,0.12535959091756,0.118666685494063,0.249414347874079,0.259826770676911,0,0.19954527343892,0.0940438982727994,0.197184153587675,0.144223894805704,0.24766799511103,0.238820611234316,0.249165312833872,0.224841367396081,0.117923079508386,0.192824721015404
TRG_086,0.14463832788962,0.277586290459749,0.280022212345038,0.166378361561588,0.254373053703668,0.19274344793926,0.175608482982341,0.217614744218993,0.151499867157045,0.122016993827377,0.188679347774479,0.220189167855819,0.262217142272457,0.148173862836468,0.173148656985087,0.12190030154568,0.262950707450998,0.184010764255035,0.274955156728935,0.18724293222482,0.130495487354231,0.26243297723355,0.107385168588409,0.0975526154951004,0.233547162779426,0.161545023134179,0.237902108909181,0.266934662833879,0.162229025224012,0.169887033430676,0.174056413954328,0.220883822237438,0.207765818108234,0.133116179444963,0.208564438313114,0.172932123197454,0.192778498943684,0.175333185736934,0.125179404071313,0.220425740919738,0.114468031353239,0.184861564864199,0.187944227389412,0.145735075440566,0.129664099746706,0.130327458814622,0.164382577447105,0.0944107020867458,0.144975475141302,0.0995315850355034,0.283158310792705,0.318096631427525,0.244291602179139,0.220040867072577,0.094445571727146,0.143328188241298,0.231107517212639,0.158386081314531,0.210575781534202,0.186349528152592,0.178314648677526,0.209046658390864,0.213608658390721,0.130638202133163,0.180246870275039,0.199185338030107,0.0965643582037451,0.231007971504071,0.166665515176251,0.151881753851078,0.224821289593568,0.140942788439657,0.14006579073777,0.28139620666652,0.108425279641273,0.195793161712392,0.160456168887603,0.234253325100483,0.268207680484209,0.0534335357202714,0.203040574352564,0.0827738374145275,0.165085053794586,0.281516320529698,0.19954527343892,0,0.232859631363501,0.124246490761527,0.0706235606140105,0.245387627572267,0.236610382569551,0.207999510339044,0.236038683272706,0.150320769072789,0.241998748945136
TRG_087,0.101972055629331,0.128371560678841,0.213046553903438,0.222936313507679,0.163678816106953,0.169912933108328,0.133577010418191,0.200280671455494,0.0791869288365868,0.197697435366413,0.195984107145321,0.192184568688539,0.162625249775529,0.0781830925549167,0.143141882727781,0.0883796055772272,0.218331981244379,0.190001642710816,0.269218827821163,0.196055677563589,0.163870853146671,0.10766214229723,0.146136219553604,0.221930223480919,0.208389720788145,0.231414902517059,0.114397498364061,0.135452134275695,0.0784369405798623,0.167083934838588,0.235827648733067,0.113982969620256,0.17612866425802,0.284114545131537,0.134952119566389,0.211615853633454,0.193720980753305,0.158349323872565,0.202665333940845,0.151839808814855,0.240885486799575,0.293101657148672,0.208697375914351,0.184742930579067,0.134841020312777,0.272934338938607,0.202676045040086,0.215132721397513,0.281424507465157,0.281132066278852,0.191107713773526,0.253631203219016,0.225129949553167,0.257278615359543,0.253469134070474,0.222528194540055,0.227616345240851,0.0914661234959446,0.16338806582495,0.0869646105452153,0.228011730280814,0.162952232668056,0.16368910744541,0.251885047684273,0.195547006995775,0.28753827910351,0.289768395067344,0.132833422792996,0.195143046122589,0.222293867072483,0.188146454478415,0.176757971915798,0.280044761117901,0.167562207641316,0.228817979239495,0.17888115496378,0.266306868140668,0.17595591505739,0.1709345881917,0.15008918659953,0.10665877808164,0.172875782728917,0.268018088376539,0.206310893833887,0.0940438982727994,0.232859631363501,0,0.207561959841473,0.174826018320817,0.263428183521234,0.226787770146271,0.262049861855006,0.22584183796225,0.135284619273153,0.189797778897267
TRG_089,0.114089547948476,0.310695891455384,0.265453475630883,0.140577638502936,0.258578482758366,0.196668532729501,0.173069534541308,0.205955454172733,0.109680189888735,0.0869399876465519,0.130096880708204,0.229167157097203,0.22279152800745,0.166095705901266,0.257206880908608,0.111194641549746,0.224333765321998,0.196003648048439,0.309007059174457,0.112601533533783,0.104396201118972,0.249605251101894,0.142255690380848,0.0786265067499707,0.255647675923004,0.149799226079918,0.244355530187492,0.262719521795076,0.143758596184707,0.0804015472839149,0.173534710028635,0.164629467260824,0.293837102638257,0.194126570523914,0.158917029228267,0.11961114851864,0.129825052161391,0.162360709014861,0.0555921097761649,0.166484105668711,0.192932555600746,0.167252029570998,0.220542049822269,0.11353340203697,0.111278960668752,0.0900865995451411,0.19161317260332,0.113820551544467,0.135987439893006,0.12642512938241,0.115977734027514,0.314692678356614,0.253643026534041,0.216132318999458,0.143931315672038,0.0639509917900746,0.288693968833768,0.122785556184657,0.307169570083219,0.231212350297925,0.0804111817645974,0.110490405797491,0.151870952727058,0.236557841591726,0.10324948261796,0.188125163441131,0.189379856902733,0.178674937573364,0.198165701044453,0.0458951439910432,0.171782492304979,0.146162763140101,0.12436121519573,0.200768293953703,0.125589429780012,0.161072044000686,0.189533773602595,0.23394415829891,0.201843738198878,0.080692859199106,0.206049230005537,0.146255638640483,0.146264443590951,0.261940732939211,0.197184153587675,0.124246490761527,0.207561959841473,0,0.0413319529421282,0.23165959848143,0.191404117655966,0.0715953726049198,0.25319269923277,0.128459144917219,0.221140943749274
TRG_092,0.0896506983764399,0.222036569485324,0.213077316537374,0.126680844746097,0.230985564970208,0.21175320321713,0.0899437891138707,0.186096589670854,0.0708833853946685,0.0538950629976401,0.0947222559816474,0.217226488679147,0.179831568602823,0.0886332179259394,0.197237361899135,0.0701532217697934,0.224878486155954,0.167929285467577,0.257201983299386,0.0770499256222327,0.0992746729729644,0.167149891547187,0.0814977554492581,0.0877333033428102,0.257529544841005,0.157523020321153,0.161646446867598,0.229729594410463,0.0806226392968927,0.0513654952424393,0.130159676119017,0.16867951143573,0.224392424485886,0.176835968564487,0.0917448256877044,0.0735192493069796,0.12132501792769,0.151584737921616,0.0691175708456048,0.121535813207045,0.161121273195664,0.183860847133267,0.178296223811013,0.0805034839214259,0.0962021655438442,0.104409862034035,0.168598421608052,0.124083276815325,0.16945210371761,0.147931492384023,0.134709894951709,0.325078378410294,0.186029296309259,0.234458964868591,0.140920842089865,0.0735185339745518,0.238308712224806,0.0996387539766985,0.222190650810274,0.149085409081665,0.0757244724816397,0.0839993120941159,0.126827712279965,0.196739988508633,0.0522042728451758,0.220370397085734,0.180238628544172,0.153102912475482,0.188027383898183,0.0547591108770464,0.153767975907033,0.106206303218205,0.141131224274872,0.148734009418574,0.113453066492412,0.133105331669306,0.214620103654056,0.18013370326717,0.132394628555116,0.0845804864388079,0.144516995787497,0.111636007683766,0.185134330885092,0.193080732339808,0.144223894805704,0.0706235606140105,0.174826018320817,0.0413319529421282,0,0.249309803868993,0.192976879745687,0.0908878006991983,0.230045240568077,0.103356379803857,0.176063898964014
TRG_093,0.136683456674779,0.202589255995468,0.232445270891868,0.212744319888762,0.247097831610586,0.107445876810149,0.254391935944754,0.18948738954153,0.213470652874186,0.166988088953913,0.105831265978158,0.1930190542596,0.117084636586898,0.240193167876958,0.149579355022227,0.22841151747437,0.27912076801746,0.160556742596764,0.309487949139829,0.265242873485434,0.25266318132623,0.215100978817155,0.229287324389865,0.208804555810883,0.200906307644266,0.202862673334056,0.23216546603848,0.255445580325278,0.237873620089295,0.198920982673435,0.184421941099883,0.20261894249044,0.142274344061811,0.093083973185109,0.225403052887943,0.193761179196368,0.181529745822791,0.171377053452665,0.175806684438867,0.280599091950156,0.136411732512984,0.137725963520703,0.147746893984124,0.205822704920834,0.232387963969951,0.163130851996676,0.260700663411722,0.132714406084319,0.142013606102706,0.157844153325477,0.275512004883688,0.248112088710975,0.0877563805345591,0.0832713800700526,0.215105002302224,0.248567304444591,0.0458608066085341,0.225463416991241,0.220014001420351,0.265509747676563,0.160183627467142,0.192023370023051,0.229239742400164,0.187702667230834,0.219909742976642,0.0444293414685996,0.138170140691692,0.225899326462093,0.0765036895786926,0.247334364533024,0.177435209771157,0.286756630668566,0.12264603112317,0.236556658151038,0.157412519114378,0.180518556508803,0.088330131978434,0.16495697563834,0.122124108780351,0.20581513379949,0.248663517246888,0.17568290982161,0.0982886083576439,0.251890594875744,0.24766799511103,0.245387627572267,0.263428183521234,0.23165959848143,0.249309803868993,0,0.140393867754963,0.147840893283448,0.119255642182639,0.214252111334784,0.216155401470595
TRG_094,0.116121328898067,0.286081018033256,0.307285873204318,0.314065166787924,0.347425753700942,0.182091040447056,0.25893418856016,0.115355885920623,0.195086813123919,0.25626417632147,0.184433535745546,0.313096455231163,0.249260964884442,0.237777580287383,0.091546810224085,0.197924003422508,0.287363515102964,0.146516831753113,0.290908150179739,0.180201080424409,0.219912463842544,0.308166578391303,0.216580296072304,0.236286189923769,0.292839509818536,0.232169039324027,0.234210679154899,0.301735557877358,0.218451697811554,0.179666884508052,0.15282664015671,0.157138929462882,0.273518773925661,0.156698824795544,0.16045714046508,0.160803255703728,0.183371772645522,0.121698964673634,0.160368557227082,0.218360071074708,0.194787628233482,0.159769844774791,0.14741956254904,0.214533680626775,0.148071770058074,0.252528744095352,0.366711856185025,0.1139553008937,0.139690322147312,0.127677012258992,0.245642907048316,0.385449265262117,0.207269821515692,0.190372643881164,0.143658831523826,0.201076517745556,0.174517100583555,0.19265578885067,0.335302788364309,0.231477673265912,0.0883698996950626,0.0891854270938085,0.165819151262009,0.27967845883079,0.153302093272042,0.167783335120393,0.16928885041508,0.313093642980017,0.0555427179934705,0.216007836839222,0.128019711047978,0.289265914116014,0.164485772609865,0.179381955933385,0.235256459020819,0.128241288767274,0.140974171736394,0.22207349930738,0.195310980480509,0.214962028199512,0.195350438173297,0.238874866277041,0.0947969047976313,0.167800472384794,0.238820611234316,0.236610382569551,0.226787770146271,0.191404117655966,0.192976879745687,0.140393867754963,0,0.0565416465571116,0.195760571287525,0.230613794144968,0.217943483026936
TRG_097,0.120200621730263,0.284353736479635,0.309500673215102,0.198563205668785,0.328287399736349,0.179158294398937,0.231205679063669,0.186303333090198,0.194429124514757,0.14285968868072,0.179222363428639,0.255830111384422,0.252667092783632,0.212147777863771,0.125974908372635,0.168687824394877,0.209198388785653,0.179889600457329,0.265668076986675,0.124837613013676,0.198087752187191,0.296614222476874,0.208501281144515,0.140970170629117,0.28139682224944,0.189851777640098,0.22617464603576,0.258036085455018,0.17002641047696,0.101312707984555,0.118034501795504,0.153027080271285,0.282547549716695,0.179878076928799,0.125681175497607,0.108212558230018,0.136401481035709,0.0977127219048409,0.0857510803454516,0.170509160033735,0.173127484885978,0.159302375853619,0.198304758746812,0.167487805807386,0.136128370559515,0.214227935977591,0.306908127494192,0.13210183176656,0.156614368437072,0.118833583121527,0.154907193436906,0.30466873758128,0.199913274496334,0.20986050627347,0.0961386943346153,0.105677979148633,0.203928166607819,0.172248418879219,0.324732226635466,0.254690441154324,0.0429908693365668,0.079130435981272,0.122173185071703,0.247943631647867,0.0965015459286082,0.157446021130405,0.171593769545797,0.278826008436268,0.0818684845974765,0.113668481081908,0.0937547450083516,0.186818264397937,0.103362895689762,0.16509576272328,0.234951804952237,0.126223444741837,0.169565294991577,0.269877060167359,0.174764309587576,0.19154171987561,0.208205167579138,0.18792385885604,0.0955535609856634,0.20834387542721,0.249165312833872,0.207999510339044,0.262049861855006,0.0715953726049198,0.0908878006991983,0.147840893283448,0.0565416465571116,0,0.183464500737517,0.225890372483471,0.181463058320911
TRG_098,0.110027601438054,0.256924143440024,0.278309354998935,0.121586216402341,0.22062879642485,0.176310872522534,0.305958015947693,0.269251816186519,0.177818334673672,0.153351356195395,0.168049170061288,0.186795152209696,0.161411172864187,0.272311221501529,0.122274845458386,0.193910891180238,0.238237720638057,0.189428218920698,0.187725500420658,0.266495859504196,0.231668677488563,0.228233257534785,0.221266099699516,0.207172196299454,0.333943792195261,0.272412316270334,0.232183328602848,0.198391824016329,0.211490335916763,0.243184444049114,0.167543143157228,0.132077504931317,0.211479708104371,0.245665312813942,0.25040580196832,0.157418768390025,0.270133944088382,0.208721958601963,0.227281397601848,0.174915758712292,0.22777089580347,0.225136809072125,0.205121222140422,0.186366727764286,0.170284981177415,0.233221199337533,0.178608428146813,0.219206920779885,0.241561298718376,0.269305223712664,0.238622420276174,0.304160136227767,0.118689367836427,0.216021113232757,0.232257335652978,0.211456205244324,0.117354682732819,0.241170651485464,0.223771463288849,0.244552571067226,0.234057649024691,0.185795332199481,0.236726668323544,0.232496133626337,0.229810358422362,0.110984829735907,0.211091439828337,0.279572125153619,0.160580321052715,0.238738594056796,0.134725305891173,0.300880073482644,0.200053250884826,0.193922814526396,0.206827184519245,0.263062796220376,0.207279273537526,0.204741472741108,0.177246801991228,0.228031070961939,0.299076137303368,0.226178558986383,0.170993701794068,0.240663594266452,0.224841367396081,0.236038683272706,0.22584183796225,0.25319269923277,0.230045240568077,0.119255642182639,0.195760571287525,0.183464500737517,0,0.277227088514496,0.195299068488099
TRG_099,0.115930986986093,0.226646248972452,0.169796969102016,0.205587200566076,0.162674562298523,0.219342302930669,0.174637747376685,0.202864896971806,0.10544086165574,0.159053613884146,0.136685456625088,0.168442948688956,0.191073435686976,0.120232359899738,0.211399378021454,0.112788231533562,0.19554333995519,0.227708967649882,0.213467537005556,0.140456955015023,0.181926247351543,0.121626736560823,0.166049905191516,0.179925380879821,0.241835411330211,0.180624894373009,0.195689049167274,0.287055891680841,0.0886107579007387,0.164671256486592,0.186575587718307,0.209910524829959,0.178503646512456,0.15335873732327,0.215505349303124,0.201165307753873,0.225603151269168,0.144205910188769,0.207110255838377,0.159154559298766,0.121855957548879,0.224598389224476,0.161665191091589,0.0937330087038467,0.157903645896541,0.151708440402626,0.20923679633727,0.107025274906439,0.146909485891593,0.149824856346242,0.217394902366485,0.270355922982707,0.280231674198928,0.120809445561775,0.230682065233457,0.139535800862524,0.239248644067873,0.057294207191129,0.142071890535922,0.179345749350311,0.1684828938653,0.154470068842634,0.21236364849422,0.195919049543883,0.170180670707326,0.177498840011799,0.193286096544735,0.0948979643453062,0.120799725430906,0.143485359654197,0.259006365556644,0.141269387450789,0.239470281994753,0.209074318366251,0.149786299547636,0.215726082636779,0.119241570963432,0.100488681739982,0.19542315979746,0.118582742373648,0.14195229726833,0.157745435441142,0.15860121399422,0.244557132992454,0.117923079508386,0.150320769072789,0.135284619273153,0.128459144917219,0.103356379803857,0.214252111334784,0.230613794144968,0.225890372483471,0.277227088514496,0,0.215225467013036
TRG_103,0.0796943027720912,0.158780758189181,0.182100648225397,0.105662670513961,0.30085027263002,0.217843993736325,0.191081478704969,0.254705308695396,0.157417144352963,0.187876304733056,0.135540445764039,0.247604686018744,0.105347579774236,0.168228384331449,0.179602766964871,0.110939324255451,0.195122164388829,0.238063237933205,0.23143159918783,0.16496915334868,0.209601237682746,0.201507643200027,0.243612918540085,0.21280127464846,0.206764264821644,0.210239548117107,0.206598422694541,0.210103022497185,0.165311228545464,0.133616491752886,0.125339765613199,0.140255926035515,0.108173090623889,0.234050548448459,0.128135671731897,0.233415118383971,0.105878427612827,0.123302489729109,0.154001448276181,0.0439857671342322,0.233732355492468,0.155233724474476,0.141460496935241,0.125943574573883,0.132374741860029,0.152642664403251,0.12734920053921,0.235709525930368,0.235417294603501,0.245966735118622,0.208947672228249,0.2394337788076,0.170513814356747,0.172044308320601,0.189291577928194,0.140449901497672,0.13038942175977,0.140052465996321,0.183213248402291,0.139139719774917,0.133994887520638,0.115979257518184,0.115870322336175,0.273437261214215,0.175710201558733,0.15639290432935,0.172346483552384,0.29454855449356,0.238485955406253,0.250276814919333,0.202578068974724,0.191936719514544,0.232166705722383,0.166214763598446,0.107402113563762,0.10265894338736,0.207421133482101,0.154154872835415,0.16978657573961,0.246905137655106,0.116152895294685,0.215684467984176,0.228592336776452,0.22561892398766,0.192824721015404,0.241998748945136,0.189797778897267,0.221140943749274,0.176063898964014,0.216155401470595,0.217943483026936,0.181463058320911,0.195299068488099,0.215225467013036,0
