Row,TRG_003,TRG_005,TRG_006,TRG_013,TRG_018,TRG_019,TRG_021,TRG_024,TRG_026,TRG_027,TRG_032,TRG_034,TRG_035,TRG_036,TRG_037,TRG_038,TRG_041,TRG_045,TRG_046,TRG_047,TRG_051,TRG_055,TRG_057,TRG_059,TRG_063,TRG_064,TRG_065,TRG_066,TRG_072,TRG_073,TRG_075,TRG_077,TRG_083,TRG_088,TRG_090,TRG_095,TRG_101,TRG_001,TRG_002,TRG_008,TRG_009,TRG_012,TRG_015,TRG_028,TRG_029,TRG_030,TRG_031,TRG_044,TRG_048,TRG_049,TRG_050,TRG_052,TRG_056,TRG_061,TRG_062,TRG_071,TRG_076,TRG_079,TRG_080,TRG_081,TRG_082,TRG_084,TRG_091,TRG_096,TRG_100,TRG_102,TRG_004,TRG_007,TRG_010,TRG_011,TRG_014,TRG_016,TRG_017,TRG_020,TRG_022,TRG_023,TRG_025,TRG_033,TRG_039,TRG_040,TRG_042,TRG_043,TRG_053,TRG_054,TRG_058,TRG_060,TRG_067,TRG_068,TRG_069,TRG_070,TRG_074,TRG_078,TRG_085,TRG_086,TRG_087,TRG_089,TRG_092,TRG_093,TRG_094,TRG_097,TRG_098,TRG_099,TRG_103
TRG_003,0,0.249943937092086,0.183946805295603,0.197430514202373,0.242011157747252,0.259218436469664,0.126026849293305,0.259764922615845,0.185812236064917,0.164604484616614,0.144441537885669,0.0976917867736301,0.188221155591457,0.103109830637505,0.231258612595292,0.16641950968122,0.156127420166226,0.173482475899877,0.237563343626423,0.182225600665608,0.175264075360365,0.238536635724084,0.214367798936828,0.170013893269245,0.274968417776987,0.205740637723978,0.198914238093012,0.285415255670351,0.15727218479864,0.151876538829953,0.170735098455468,0.243873101237462,0.18777668460993,0.219177092516256,0.141277989382692,0.28569559280162,0.191238579385869,0.136518956033062,0.218194722197754,0.235211486244742,0.13494248607467,0.142974863259911,0.244987491957704,0.21189446418524,0.126623094527451,0.144591500660436,0.170152044948313,0.182515667736231,0.20997876150241,0.176416454444117,0.141403683772058,0.113852016783079,0.0464209054868929,0.13691046535353,0.240514527332804,0.283652448578022,0.159994764899631,0.0689615433084226,0.222214702829924,0.167222445402814,0.137886608286348,0.12290678361624,0.202677429806842,0.209036392549698,0.217944922101362,0.224987923878169,0.168007923914988,0.162953854288716,0.165896023104386,0.213770658270395,0.186309023764287,0.2149027804143,0.198073636735334,0.217932009239059,0.259663356309876,0.14995285635308,0.208596754827308,0.164084525729373,0.271407728795909,0.189427690614013,0.174060912896635,0.18617701463581,0.196485003672068,0.158008668854158,0.170546265100472,0.0625003371068503,0.170045136419922,0.109904013054065,0.140679457284661,0.190220300743565,0.125225496906104,0.258981602905235,0.241147991809937,0.139959795609041,0.0920510082132333,0.159552108490623,0.0963726579923568,0.162143040227494,0.18370773994996,0.195567134440414,0.262892053838488,0.156146093362848,0.258984222084732
TRG_005,0.249943937092086,0,0.176247812460208,0.160153756116112,0.160359293364478,0.130669882715799,0.172224439733375,0.185615169433971,0.234287335089465,0.187185832850326,0.153289519977336,0.25555925174535,0.301910817350814,0.344416740627111,0.129553638688475,0.257366327124768,0.22753427478718,0.159836775250234,0.109406268663288,0.201842505827394,0.103917245925312,0.155282014998056,0.407482275361491,0.287615774116088,0.143814522006152,0.0902128414689924,0.321716990330001,0.230354859267851,0.244299208119308,0.215559728063328,0.18373177308275,0.174335769246895,0.327318486286412,0.100737243465626,0.211114376635151,0.137013450709396,0.184502394391746,0.26223651386902,0.119219460937559,0.195737103211063,0.253887487362591,0.111186527666353,0.225975634321865,0.183341560758571,0.274397706836214,0.142409319631978,0.171941234023349,0.171725088748712,0.0826839393790563,0.204389365202691,0.196380341141388,0.205299428193901,0.184699534812142,0.1624468194936,0.134209999139952,0.263727308121052,0.29633234426437,0.296635736063908,0.214569850158509,0.274866235490917,0.274792089475523,0.208467812282718,0.235657857559028,0.117961939111087,0.177099998654304,0.262825524208066,0.276686518561665,0.299262719332235,0.112887659674779,0.130753970277576,0.202530615189441,0.227176476285044,0.284276319378722,0.217920959272053,0.167811942897007,0.428531556514375,0.183791973922199,0.246986153710544,0.113128897717919,0.22647435349874,0.143836908380961,0.27908520577728,0.274537014585787,0.186529052357933,0.248287088461041,0.270331097212108,0.146143750053478,0.159546816770896,0.267135498290145,0.18211492503833,0.271374667329218,0.136698677717044,0.230050134058722,0.257713747699728,0.20852449474234,0.240519389247656,0.152123054307492,0.260958204678163,0.119174226983069,0.23722224530997,0.188514621781445,0.288183525746157,0.270290964927031
TRG_006,0.183946805295603,0.176247812460208,0,0.207927664599834,0.244300183563297,0.317396671818378,0.0818520708031,0.291503702673913,0.0972659888175901,0.194936563011488,0.136097746155981,0.180716583516845,0.242272401635212,0.220003612806042,0.145828427738227,0.245052578978988,0.302326687763199,0.284428990212014,0.21465175970884,0.0700132071542852,0.206916473100457,0.105618865630577,0.298789232397209,0.185452638032159,0.179544243901949,0.165241886065874,0.217766412053095,0.235705236902453,0.178988640452567,0.252843125171374,0.181926833137301,0.23583208108313,0.362085173931811,0.173012259590531,0.128262082685133,0.276765516611386,0.288672112669566,0.216754706091633,0.193168583938618,0.145876685569974,0.230464440213957,0.226814952764309,0.114099253204737,0.140862092536971,0.312991133122544,0.180058944766346,0.263184432033714,0.256555015158986,0.148524478321439,0.281776588983264,0.208482459961658,0.278682672413993,0.209272480389252,0.164065994928888,0.227098872766806,0.189723368334516,0.249497274456445,0.150057107639328,0.302954322313842,0.262848202810334,0.194680715874188,0.153017409404445,0.235667248188485,0.217899884457564,0.256125404781875,0.181484525222477,0.237533580125386,0.106359747162448,0.0574503497544244,0.233846181168084,0.257536670489566,0.250094571872047,0.276651170643668,0.191195048404056,0.310818048145819,0.373683851840836,0.313406258603942,0.295718762586632,0.318606820756444,0.166869605696951,0.176617797929172,0.256975113787218,0.234478692709918,0.250624242789419,0.296039552573246,0.210024621770728,0.200341823030194,0.192032551012564,0.199230064559902,0.310449027211999,0.267827697500744,0.278552947755196,0.300198686114439,0.252200963628485,0.269706515152209,0.244621965551369,0.0970516144996033,0.292774360794755,0.204373498518041,0.240591778241634,0.234270115884717,0.276177562608538,0.20613108219598
TRG_013,0.197430514202373,0.160153756116112,0.207927664599834,0,0.24239508863916,0.135381207249706,0.14787003768337,0.147389144655059,0.201131525986826,0.148721498295474,0.0797840186158597,0.227206751063972,0.209543161119178,0.205501082187861,0.0849136581361797,0.189070547600579,0.202066863382551,0.19210361142296,0.188144798015616,0.198653019334175,0.175178920176084,0.195559285240876,0.294591979801005,0.324164704367787,0.127549223019559,0.201958061755291,0.288399249436987,0.203507306942693,0.240438934226403,0.211918757756717,0.14423080795582,0.203377230881455,0.2808334960921,0.155196612892035,0.174212494611449,0.185169219135274,0.151689390704358,0.184279817937985,0.212331044863171,0.233852826225588,0.203628336807685,0.213240199913056,0.277705596751642,0.198451024416818,0.284729891140374,0.113088990592499,0.203511265019356,0.191094818885084,0.145770207929923,0.0950754734935438,0.207052711421405,0.251373296710171,0.176587892399878,0.0694426353197538,0.0927196320472047,0.28040582884272,0.224486936976268,0.229765613400075,0.106920239752342,0.157668935749709,0.225368494745042,0.141186595534301,0.184978983824362,0.177412566068676,0.214037236247153,0.243625210106788,0.158256850743092,0.267378229039875,0.147262007130454,0.170256447011234,0.229170806537717,0.28008382969565,0.294529035996672,0.156395080948173,0.118511007079363,0.299443503812633,0.137630485212482,0.110553492266876,0.212586375133524,0.120048418995655,0.177812602442482,0.266294383646036,0.225505274206741,0.0513961987811756,0.254484818518826,0.214855254119771,0.19875948076478,0.092087276613731,0.164717928376978,0.255821432360708,0.222420798213409,0.201819120535633,0.3278912419559,0.174887998761298,0.160119786951351,0.144551969865702,0.0857396960804766,0.164588378232995,0.198841879012966,0.192339718763725,0.196161693627315,0.238118860692109,0.206373430878931
TRG_018,0.242011157747252,0.160359293364478,0.244300183563297,0.24239508863916,0,0.145335038768134,0.163343171562878,0.173290712260476,0.156348331190707,0.126509141014019,0.205577353302373,0.194874702521103,0.202094982436053,0.262142949773715,0.191434803030589,0.191224246693232,0.0832493319591383,0.143591846346256,0.227131468020984,0.154410797851811,0.195852327914065,0.160204289618989,0.24382765043197,0.185284954588314,0.296024223479029,0.0817147981615797,0.225113631468561,0.271719188520371,0.164350933602203,0.193279225883615,0.118389685359773,0.215896465593006,0.210727998665317,0.148443408646445,0.166865700583711,0.0823482738704406,0.189358687541033,0.207037633433748,0.229153477518235,0.138430535986364,0.238904860117813,0.159622511645813,0.096085375113098,0.237726027782937,0.179266399913582,0.257477040902625,0.180451445378118,0.181788589213403,0.189639696807479,0.264110557679877,0.166272237750744,0.1763749757504,0.170612178807171,0.232023954209585,0.235613941567348,0.128647437182164,0.25576133596301,0.202875326735893,0.275980543415108,0.302072025677396,0.203499438938358,0.209343311069508,0.218814004193509,0.143402313630343,0.0869553426469131,0.247279377221583,0.253481585384044,0.273444077856081,0.206451838268823,0.187986091195538,0.222784938981693,0.134274649611059,0.262686701760068,0.224194456498294,0.217319561296243,0.365315380386472,0.273589532523866,0.23756864822736,0.248029368405925,0.189059316571195,0.255986942402679,0.290721720762947,0.253071312477735,0.24756325133125,0.195851473098002,0.187641426221168,0.172003453726165,0.254348534050677,0.166542859082168,0.110383191896389,0.171915016808423,0.234783526727622,0.283052238315061,0.213701874178087,0.30341410891278,0.279258316681879,0.216814623989553,0.244972649633945,0.169039370986809,0.273354322183074,0.256479253496635,0.234886243174574,0.218671527182248
TRG_019,0.259218436469664,0.130669882715799,0.317396671818378,0.135381207249706,0.145335038768134,0,0.192878046789419,0.0775013066481026,0.267942219567668,0.212704775499159,0.209523671567939,0.161572974255512,0.226456503916303,0.23532009917689,0.130886767278443,0.19036409389503,0.22589427570454,0.156031173572771,0.209612336903846,0.191569050779416,0.24321082458129,0.269138145306809,0.333743700407629,0.320351044627205,0.193516791486863,0.122725805235556,0.281276644014647,0.218081068743761,0.222616024486589,0.222644731794485,0.16040906336784,0.214094934730554,0.188260411110499,0.104458154671947,0.173203384070315,0.0828002597549368,0.0990840471537698,0.168443848407708,0.206272710672495,0.264844931500966,0.142674320594756,0.173100996543011,0.208525714278967,0.260370716241982,0.310071348902937,0.186648824494759,0.106854652150897,0.239259981304134,0.116294158173185,0.190428973682312,0.19550876805342,0.211911779524634,0.256638698381415,0.170892009697928,0.167568026151436,0.326310375986435,0.338732046511898,0.239083235243782,0.242096374416634,0.198921644443735,0.262203602185955,0.144401806352675,0.252666129826004,0.154003469586015,0.148598044572683,0.2441375197641,0.204813750144196,0.228017876854165,0.221221974114076,0.169937128800829,0.229201340090317,0.206383403133824,0.265543261581763,0.231063991722319,0.117560446430366,0.247017626850598,0.16124038435153,0.25579875264534,0.210545025993845,0.229081278597521,0.255406291012112,0.278155181692862,0.270832506457855,0.133734777142808,0.229668207289575,0.250793646266201,0.197134391413256,0.226401229098332,0.262882099145063,0.229812956454287,0.223347774513809,0.11999971409593,0.343955349558984,0.213707483464716,0.278038089725103,0.241530248160707,0.183605165758138,0.206732134784432,0.172502215486118,0.271190654782071,0.281783336803684,0.299341714823399,0.250414161894371
TRG_021,0.126026849293305,0.172224439733375,0.0818520708031,0.14787003768337,0.163343171562878,0.192878046789419,0,0.222831208954334,0.0922138809518228,0.132958116758151,0.143275811215878,0.16939407735022,0.226194059183779,0.125236952465755,0.140631291623913,0.214101086782737,0.237760445796498,0.201458901795589,0.210573522318764,0.0830567795181758,0.187684699338171,0.14485281691997,0.163514200416574,0.149632106177625,0.223743511262207,0.170546995650953,0.170948341120015,0.235210805431088,0.0970905668428729,0.201062091847799,0.0848211191662691,0.146143658349765,0.266966783201244,0.160746270458376,0.138237047363489,0.191067147675027,0.198354096640075,0.179056107160844,0.165187830336347,0.0865385812978977,0.133296657597897,0.170602565261008,0.130937689925191,0.0895292359146721,0.15644389155957,0.158840066048454,0.198195536723547,0.225143587737084,0.0911278105230741,0.217349041578339,0.200928103671364,0.21450005156381,0.198184209850324,0.133958907249696,0.202187501103772,0.196039553057601,0.169932788691203,0.129403224543192,0.229718280415927,0.219948042080917,0.213669060216404,0.181377155615137,0.0924602988200225,0.212251562137906,0.187779290315223,0.200587172622218,0.230932230393465,0.131239973225422,0.0956404904270123,0.193886235898604,0.21425944037451,0.267331570812345,0.228483415131629,0.198032809100804,0.270299559674875,0.292936877585652,0.265788179546802,0.178371984083434,0.274936459087411,0.139810384417741,0.218412211451319,0.151879117289066,0.215544516322927,0.191581690551032,0.226861202519175,0.188662067952502,0.178531671364786,0.186699156357497,0.176316431973425,0.256332062301495,0.206180796202963,0.211782529121506,0.274891115427343,0.161421357480769,0.167869565536615,0.173406608854995,0.0658307945361208,0.228180235433765,0.150254805878828,0.162167283459775,0.241701307877377,0.21719058042589,0.214169552788581
TRG_024,0.259764922615845,0.185615169433971,0.291503702673913,0.147389144655059,0.173290712260476,0.0775013066481026,0.222831208954334,0,0.206972420767236,0.194638361467544,0.170253426090958,0.201836355936803,0.236637705006081,0.278389895594516,0.0983931579729026,0.254582748454897,0.253266905265096,0.269221249403703,0.265897689786002,0.207064712884037,0.327231935567848,0.267633486447105,0.379419457628004,0.362828633492161,0.273099478637823,0.158375583785005,0.33476565641382,0.29749001297465,0.312462474459286,0.239086697083738,0.11682462042818,0.237129709309171,0.369055521192442,0.155862360485842,0.219549716751681,0.123600249056281,0.157116168594287,0.0982708373554796,0.209960426979852,0.277533765038581,0.2229775750546,0.183647736910945,0.210623826832571,0.263405254557156,0.363145757388836,0.199189726467187,0.159076178734381,0.257326625358542,0.1334591436552,0.266072012732974,0.185692618248263,0.187924058778083,0.284444927071337,0.182862552528685,0.201471159243107,0.333991993934513,0.35397515252499,0.252216801660152,0.274199284126385,0.170940193310175,0.27607399137153,0.152910795550385,0.205798363206787,0.159467025878949,0.193926067687818,0.313076980599134,0.225918895859669,0.303178476990683,0.19503106351193,0.19767467186294,0.282961473206556,0.19634855478436,0.343228610146055,0.214446136228264,0.115077089457195,0.308004335890893,0.297470645197067,0.297168237582361,0.364297421677158,0.282885940760818,0.21521305547221,0.366928336354667,0.307304586633118,0.1421938066593,0.213529693979497,0.256026381701214,0.234460777755263,0.278451879536768,0.268260002493112,0.299239211721292,0.258684365852742,0.187104936323193,0.391209821481358,0.257680016281675,0.34417688823928,0.26102984046176,0.153876351084124,0.283926301700673,0.173309997712875,0.33209231811496,0.316185974243209,0.354423412725595,0.290161224132768
TRG_026,0.185812236064917,0.234287335089465,0.0972659888175901,0.201131525986826,0.156348331190707,0.267942219567668,0.0922138809518228,0.206972420767236,0,0.209658032126569,0.165813421044219,0.211662160370905,0.174317538933169,0.201313075564355,0.0864831451052875,0.242904295056762,0.221568002822081,0.272862064301522,0.230843406329411,0.103972267668906,0.276944194279517,0.106096502850547,0.298811803715377,0.219157639559541,0.216347999525007,0.166197429313499,0.150665077364489,0.218269620299491,0.201249314969132,0.163540167272999,0.0764077685373765,0.1984486887007,0.214498076545195,0.169176167657115,0.170103089913937,0.246671823125962,0.248772465070757,0.132723473003459,0.26992384875037,0.105316706842016,0.276548086797085,0.200775553786163,0.168970360425704,0.106559116810166,0.24808866373741,0.236417083168366,0.208976372437236,0.151063924578296,0.0962665694964894,0.266144109730795,0.217205480070944,0.136684764401959,0.224528102110093,0.172138216382408,0.275768730969934,0.138038254048311,0.145828660336529,0.178702346117217,0.276796850032339,0.24084922318878,0.13270001875192,0.197396529497872,0.152327783637657,0.137018890452104,0.250403531269699,0.192589120127352,0.177753231198931,0.113907427869854,0.0911717550291448,0.170003923728116,0.278824033211845,0.292710822640534,0.318640657368565,0.172289560217583,0.261577047433905,0.237003540474438,0.312281347372677,0.241995121346578,0.35682045271704,0.175613798173463,0.240849467717375,0.299923905527089,0.16012331042545,0.219785466098231,0.181918135361595,0.228982879717687,0.138445489779324,0.308288716308839,0.221975449277022,0.229214965105483,0.2753682743162,0.223559008897171,0.3420369621695,0.245933837399746,0.292498823551194,0.211417277981083,0.115953290806741,0.277791584691302,0.114613176544611,0.150484170162591,0.243756952705389,0.143009561512858,0.15143732096905
TRG_027,0.164604484616614,0.187185832850326,0.194936563011488,0.148721498295474,0.126509141014019,0.212704775499159,0.132958116758151,0.194638361467544,0.209658032126569,0,0.125814741969056,0.201026554079831,0.18055610289398,0.200418915769094,0.154357840412965,0.154768275670835,0.161603057655807,0.141011922384221,0.189562148844122,0.144513386075123,0.189479203809531,0.175372166100903,0.29023621627505,0.141882507993542,0.301910444252481,0.155772308388096,0.233359948283752,0.225793166917109,0.113981368027844,0.122123369363961,0.136145182889095,0.145896273888135,0.278057892989088,0.165747451338434,0.162558800511115,0.190329966349912,0.222647258713894,0.200927887869973,0.135999317553628,0.143428828785363,0.217791304823224,0.133163481816068,0.113300374855232,0.198895105442998,0.16161242861345,0.194320056690646,0.126058017397599,0.179770266330069,0.158679746775998,0.213001108586634,0.142255696761607,0.201015882096234,0.219451093322814,0.160365343760387,0.169483633360646,0.183577487579273,0.172072397964273,0.220373039543281,0.264552453994872,0.225330150315669,0.224837474568989,0.209397427297248,0.23269367468306,0.162767326331583,0.10095321821004,0.233019774419441,0.178760700906734,0.25930848496154,0.115507212178498,0.144272623851444,0.103151699816799,0.180389195891641,0.189255260260859,0.238136152164911,0.228348809825722,0.27034918115115,0.237752116987346,0.225948678425601,0.293568234418738,0.0952004361678654,0.232162494835014,0.232891757246542,0.241818917948974,0.163673836637564,0.172799520769305,0.198826406456103,0.198282999341397,0.201889306829901,0.212714618140621,0.172656358922299,0.192053099998655,0.185936295598579,0.213379255450485,0.213727886995697,0.185319431876557,0.227118752201959,0.101028290707674,0.117324171959237,0.134200110747368,0.177907258726201,0.290515520219849,0.218004222038027,0.210780476979674
TRG_032,0.144441537885669,0.153289519977336,0.136097746155981,0.0797840186158597,0.205577353302373,0.209523671567939,0.143275811215878,0.170253426090958,0.165813421044219,0.125814741969056,0,0.214725998617095,0.269106982192028,0.163007060382734,0.0902859000172858,0.187257282162372,0.249496034422949,0.253498260475064,0.217557543209347,0.16228478096551,0.192891738441107,0.146686158929375,0.323140897252923,0.310424934337722,0.213025105864277,0.160588752429952,0.244799605858436,0.209099953178965,0.210536400628065,0.251752448958126,0.153401269909092,0.249138689628947,0.326325488311816,0.151613723409064,0.122589138255187,0.225637035790088,0.212989305453791,0.166086708275404,0.240656555234924,0.160858790918967,0.273039723386069,0.231553775228932,0.256021239542479,0.248164032623844,0.272555306610879,0.160340465113433,0.217759591697452,0.191616912985309,0.141738693876461,0.197171790935927,0.228775718209061,0.243114630835161,0.177565078553779,0.122905255483397,0.14647431007128,0.240895808096046,0.224865481122777,0.182754953350886,0.215445932938828,0.21310333549257,0.226846171249259,0.200885252593751,0.193741707143311,0.156687084341746,0.215651194456255,0.217360449012616,0.26402414420508,0.227696871495395,0.0784917701031526,0.171665928687841,0.208257282446867,0.311043710577669,0.322366101044737,0.19109423787079,0.183209593750188,0.325900405603842,0.209561670685255,0.210500199486484,0.283611160241319,0.123945711580473,0.225923714995584,0.278950506087143,0.253882208499638,0.131289328135781,0.266394731673866,0.195199478508834,0.234399222285601,0.111775849229792,0.212697262203176,0.270884721196771,0.238088851439088,0.229040797810909,0.336613819689723,0.272202999493035,0.189271836153804,0.21156108849841,0.0956428189494742,0.178606526712505,0.188488987847343,0.21228852836251,0.273381573461612,0.201238026358363,0.276640922206817
TRG_034,0.0976917867736301,0.25555925174535,0.180716583516845,0.227206751063972,0.194874702521103,0.161572974255512,0.16939407735022,0.201836355936803,0.211662160370905,0.201026554079831,0.214725998617095,0,0.133628223194725,0.190192870222161,0.217912631598258,0.144448210727109,0.148348201182539,0.224120222148211,0.241524259289393,0.0732734586619741,0.182404099296923,0.181846884462887,0.261533297575469,0.230207986272048,0.276454516875724,0.185670131313437,0.255098285702982,0.19391272859849,0.153373337096767,0.189154119178102,0.126548214837942,0.215110584771293,0.208932372584377,0.218181839476833,0.144132841182185,0.226742618952985,0.14464178286639,0.0851603148270211,0.165998491226833,0.249336356839431,0.103543085516388,0.180455238664181,0.146791947135437,0.223533903813347,0.190115081467681,0.150827655034477,0.188805930262313,0.239260748373361,0.198624089355939,0.220139636666029,0.137103284343772,0.15694272323829,0.0927820777476575,0.186313091817979,0.253829852493296,0.266505577749248,0.157704899858578,0.119048705351507,0.301677170859509,0.158956298635154,0.167432757184362,0.134078320557432,0.217863549083949,0.190047760551706,0.223514083440377,0.242329289330192,0.18046181195474,0.178119238118674,0.20787974894192,0.229460859038376,0.257279017620041,0.137425815607103,0.15309151843223,0.15522162919838,0.257873064002895,0.160538339890123,0.270428450973382,0.249668799419493,0.348985155904779,0.194342633139244,0.119325552853489,0.176803815580049,0.305862516372602,0.204376495064971,0.129338685461743,0.0983618711829934,0.229164954602534,0.144191924407699,0.140586293272747,0.173618501692284,0.137756666760554,0.208108012950229,0.236424470890417,0.206656813797588,0.222761921742854,0.272990018793994,0.129223863775029,0.232962676679579,0.165984332304489,0.243814377986245,0.289316487001982,0.236047599764668,0.201128208325171
TRG_035,0.188221155591457,0.301910817350814,0.242272401635212,0.209543161119178,0.202094982436053,0.226456503916303,0.226194059183779,0.236637705006081,0.174317538933169,0.18055610289398,0.269106982192028,0.133628223194725,0,0.185899793356372,0.156388436732386,0.258517966450132,0.124108260207596,0.183937570641076,0.226499632477837,0.143417418588137,0.25462499969466,0.187484824345758,0.304737557467155,0.265438723568386,0.272512789962972,0.210083481428364,0.185132657596773,0.145357782098725,0.154736310366654,0.174621398242614,0.187940181011197,0.226217812640969,0.213937424591673,0.225418687389704,0.21569792833912,0.264093543608271,0.227755861086804,0.19438925542473,0.202941486386556,0.211821465934213,0.200062205290809,0.117707478125884,0.222089373855971,0.211384779582943,0.235097536257344,0.197915091171193,0.131418821920449,0.179927944205957,0.201588287700413,0.151223363541071,0.202147731208849,0.192381417893543,0.187138769402531,0.161364856089929,0.248460264711485,0.221067516672276,0.244755677833771,0.165756593930905,0.24896377340467,0.274128642480534,0.154221678840643,0.209690408522383,0.26004417430391,0.128453290083471,0.195889065274551,0.267497032556055,0.215664197948409,0.203934713332191,0.209211842067982,0.231440234013902,0.158414015563311,0.249598140734598,0.0605486152775806,0.173836218234329,0.279275012901193,0.219325433820597,0.191750967901875,0.175638162265552,0.328588866853997,0.146029344413109,0.209340676945326,0.28643469772752,0.2898331386828,0.162094618311701,0.235121820998935,0.109339897069279,0.184102468188935,0.214970318849331,0.107181577655081,0.138316518177081,0.102707314766599,0.198301026584339,0.205441140309068,0.223563807865093,0.192795442687492,0.198582240880701,0.144728827630061,0.155161438008219,0.185498065228139,0.25585452911823,0.311273556137166,0.234726390314745,0.161331072785513
TRG_036,0.103109830637505,0.344416740627111,0.220003612806042,0.205501082187861,0.262142949773715,0.23532009917689,0.125236952465755,0.278389895594516,0.201313075564355,0.200418915769094,0.163007060382734,0.190192870222161,0.185899793356372,0,0.214395043625876,0.154030583089463,0.161164914276073,0.188160610547987,0.27105937759365,0.214788741671804,0.292894480556827,0.272849801970305,0.211110274605161,0.293806483210213,0.27089104856837,0.244326717595508,0.124867077800554,0.272262216112081,0.133945564313151,0.144054296981297,0.162170540430668,0.266367041372726,0.257176899534806,0.246983862776978,0.208028457773935,0.214760860102044,0.251738323413068,0.196620534136123,0.238500455017501,0.224946259983824,0.208482989209843,0.180265870105812,0.264076842192077,0.214484257642879,0.130504401616188,0.217527060686265,0.175417606774002,0.245552303988371,0.240501330445138,0.203146573380914,0.142715649186811,0.115118255620863,0.156402883993655,0.177866610966484,0.284298062875298,0.281815360906424,0.130026247897275,0.103094291440838,0.226658827636892,0.194907795535339,0.217263395327107,0.193803553348332,0.183137075128638,0.190681240904921,0.208357435579015,0.204976189051924,0.151971065445533,0.139367962323342,0.19206329745136,0.217502348745153,0.214796729621984,0.249417580161713,0.1618464530231,0.186308340052269,0.211890719412433,0.266133580087646,0.228356757587764,0.142819115152792,0.293009759648167,0.167812314902344,0.227127771835316,0.188742744426771,0.233959321393148,0.182719259106828,0.187604319379623,0.106533776833536,0.163548309714875,0.181644820701468,0.156929435666849,0.171682135871215,0.123447878861775,0.310559698554945,0.228493710293222,0.246051783020266,0.106938519356281,0.180604848937266,0.106825305432006,0.210274883313901,0.191153638646537,0.136896579039237,0.24605658455264,0.131737127248949,0.249703495185331
TRG_037,0.231258612595292,0.129553638688475,0.145828427738227,0.0849136581361797,0.191434803030589,0.130886767278443,0.140631291623913,0.0983931579729026,0.0864831451052875,0.154357840412965,0.0902859000172858,0.217912631598258,0.156388436732386,0.214395043625876,0,0.20171693605234,0.207558920960138,0.251136050573774,0.167334935004551,0.14177902749473,0.221866207277771,0.122931354267158,0.358386048307605,0.325911336511382,0.211978952206555,0.137307728473326,0.230033952913647,0.196873461899889,0.219534646094471,0.138963494461122,0.0903448421197325,0.222400439720829,0.320658019591457,0.110697286178286,0.216090578398267,0.156287707197916,0.180273737295489,0.14203200996944,0.217354943169767,0.172153292751831,0.254184299110448,0.190073539328547,0.233249830437871,0.176790204651288,0.266710463567015,0.130539792916048,0.182713831083524,0.112339692396846,0.0796612651631948,0.158137947667569,0.2170373382011,0.14974105639016,0.255081476253817,0.0824258815406825,0.148924192001745,0.179857487633403,0.183940873360205,0.222159133612966,0.158520535473371,0.171030348902383,0.208419555675157,0.180042620176084,0.185011130931057,0.0708123608272656,0.148815367587439,0.225261525758678,0.201796679304267,0.175578300190601,0.0620693318661756,0.089594178350327,0.196418302979348,0.206593568098829,0.301210372336817,0.210879851979981,0.127665123920535,0.303142607236077,0.203711351616014,0.182018567435968,0.29479768560865,0.134946028885962,0.20433447475977,0.362123903358238,0.209246410242149,0.0823225233684465,0.186396246158033,0.23080512475229,0.147283610710323,0.176813693416526,0.162013089260919,0.239999382603046,0.213486254735518,0.183825241190957,0.300460239048936,0.288900963621127,0.25060811688799,0.142248843742529,0.0758844240539057,0.24530788451669,0.100929958666603,0.170075645370748,0.301373664324316,0.16036307968057,0.17441675455641
TRG_038,0.16641950968122,0.257366327124768,0.245052578978988,0.189070547600579,0.191224246693232,0.19036409389503,0.214101086782737,0.254582748454897,0.242904295056762,0.154768275670835,0.187257282162372,0.144448210727109,0.258517966450132,0.154030583089463,0.20171693605234,0,0.231410331708203,0.219113514610255,0.253302206460078,0.168271548692484,0.275476226162195,0.242543842210875,0.302610452732472,0.240416980762311,0.313313570040343,0.19619095035057,0.201943860646353,0.280958148786127,0.203634357844367,0.173141531041757,0.123280002393197,0.27496532659647,0.28093821440655,0.136257865213934,0.177570499023901,0.187199898081206,0.197189196522368,0.15891251520542,0.1933560329138,0.264942548539476,0.190939071621544,0.260468120451362,0.153190877489706,0.221774279010812,0.197702291506439,0.279943047855277,0.200723766544478,0.171093635947164,0.187138196908362,0.229357927856707,0.181096338932496,0.202003464440646,0.199556220303357,0.175293748149758,0.215049115367016,0.273069292014711,0.111425308670884,0.19003715094244,0.22838343388558,0.205761005966237,0.18446985196168,0.224685776932045,0.190305097027228,0.219206912053282,0.145009164084183,0.186217977674856,0.182531576985236,0.253165868266923,0.193319379319856,0.138643957265321,0.173792104331046,0.20777048508058,0.228904291121026,0.209242416660542,0.220234998730395,0.21843771123155,0.194278198519466,0.205315989911362,0.256323507595714,0.212962147911554,0.241315403155481,0.169514286569233,0.226838178718148,0.203026094275344,0.134137858985403,0.164056960673206,0.198815669761862,0.271917194607672,0.258125149353984,0.122473625551844,0.229881721674491,0.251454619334341,0.251133981288957,0.21907237055818,0.21804973484549,0.194767259393496,0.198252973531608,0.1922885677923,0.157836261335261,0.13522493803648,0.304357046082618,0.156651839291986,0.295225063814658
TRG_041,0.156127420166226,0.22753427478718,0.302326687763199,0.202066863382551,0.0832493319591383,0.22589427570454,0.237760445796498,0.253266905265096,0.221568002822081,0.161603057655807,0.249496034422949,0.148348201182539,0.124108260207596,0.161164914276073,0.207558920960138,0.231410331708203,0,0.131975541466858,0.167715906619267,0.172209109957105,0.192386129178079,0.194460429513157,0.242567604311785,0.243105132917561,0.267546054983123,0.11778528999556,0.208113366583989,0.253379465733177,0.225056704265899,0.141243184578529,0.156170210559765,0.178190975713053,0.190006134669932,0.213681365911479,0.167126871579526,0.177268024588203,0.211257874745671,0.207432850295184,0.139117628865775,0.189755362882392,0.165652053511758,0.157690301103972,0.158488175964046,0.205875578965111,0.165918113232848,0.179708145204193,0.157020852168513,0.164969963438882,0.181120902007219,0.1492939573452,0.162682206065702,0.155066505449374,0.124215267835254,0.124140131659359,0.252063100943933,0.133073983114292,0.225133641608454,0.141516635220421,0.145987912928727,0.178299817424234,0.147521182859395,0.235768577207052,0.278400125035463,0.0966605052305051,0.0908549878883216,0.249588083956976,0.211011315490688,0.196212818900356,0.222804850378533,0.188925431117113,0.21128448830264,0.159889196052661,0.183213131574089,0.169798037053087,0.269632511491676,0.305604971985763,0.202302407170633,0.0888773235933171,0.256478841347338,0.235142960233708,0.210889315094838,0.26819443691932,0.179553723810226,0.168841964655228,0.240703739800835,0.10688051339552,0.131886164162336,0.175697441391289,0.0645890237399445,0.131732540320972,0.0629611855106263,0.146078340151855,0.142315231072821,0.126690820612926,0.189517608678889,0.15045795943424,0.151361304942608,0.220034784401852,0.16068555258854,0.256198234831417,0.222470475559943,0.204120895332322,0.183814874007252
TRG_045,0.173482475899877,0.159836775250234,0.284428990212014,0.19210361142296,0.143591846346256,0.156031173572771,0.201458901795589,0.269221249403703,0.272862064301522,0.141011922384221,0.253498260475064,0.224120222148211,0.183937570641076,0.188160610547987,0.251136050573774,0.219113514610255,0.131975541466858,0,0.144394029984263,0.242362046744925,0.213534877847153,0.173741118836106,0.244517662434684,0.210241528022596,0.15773996489933,0.116708763357755,0.216714207638798,0.171557793682849,0.148667118174596,0.198749133069292,0.171542396467045,0.188018557121407,0.141722133143207,0.152202028570006,0.205352752340604,0.222590376240502,0.195427951403499,0.222646945530192,0.118791928576865,0.253734389779493,0.167030022190413,0.118441160231389,0.179317936214002,0.230480857412682,0.0945258061120038,0.213688707869606,0.129246493639527,0.278333957609113,0.160681521022216,0.186992744871712,0.135958438734391,0.203779146431109,0.171718106118776,0.188767710238232,0.21127139053331,0.220688698084598,0.241062953956245,0.176801576821601,0.192045065730661,0.217078007057562,0.231603535796736,0.164053484834075,0.253718670833877,0.173633431141042,0.158804831185536,0.187273314054634,0.19674227776713,0.248024063727141,0.218607045715966,0.22943558466175,0.197875218527141,0.204365485272372,0.18864456670144,0.188355551433026,0.311846350691052,0.250099159298315,0.203679319709445,0.173293815462912,0.145799104191957,0.237459037140111,0.201140194580009,0.210347602517104,0.23555135129917,0.239711135010936,0.263848153718984,0.218929714851676,0.188977016914748,0.191141084137606,0.178326134219222,0.154188416110565,0.198591729225456,0.143203583119642,0.153267861959199,0.144098807877631,0.166348779540347,0.241818481569494,0.208153378025217,0.213061450776377,0.204995471755414,0.258810678813894,0.164576060892268,0.266759767876461,0.186297036008379
TRG_046,0.237563343626423,0.109406268663288,0.21465175970884,0.188144798015616,0.227131468020984,0.209612336903846,0.210573522318764,0.265897689786002,0.230843406329411,0.189562148844122,0.217557543209347,0.241524259289393,0.226499632477837,0.27105937759365,0.167334935004551,0.253302206460078,0.167715906619267,0.144394029984263,0,0.202372216564303,0.143309167009496,0.103466725566186,0.374328532901173,0.312959399857494,0.193229118604114,0.151488964107592,0.312141495349464,0.222964045398655,0.25130922653593,0.181839689784322,0.23100293641961,0.176978207761035,0.291450478294161,0.151064908825365,0.199075962245029,0.271205442637391,0.164435292131138,0.306128203915672,0.144648714299706,0.180179710868404,0.184103583308231,0.16937220980864,0.182611668893883,0.127980976768482,0.214136678029333,0.105812267769812,0.136614885214482,0.165223973912299,0.0930978538289414,0.0951933499967854,0.169799798404403,0.240771844070775,0.138458741789039,0.135817480773624,0.18165433687116,0.123062917545369,0.307076386683822,0.247078877124014,0.118307994512555,0.209737522612076,0.131353160794579,0.210176074126284,0.323775100108519,0.0930660782832264,0.163794110288272,0.249742195904882,0.230644535978611,0.247632049434181,0.14722979433453,0.138004906794769,0.199747186918907,0.196423056917854,0.333239419750363,0.277771596221413,0.224462220472323,0.299615366877621,0.134789040476715,0.148053554731916,0.122010613531298,0.263211769891432,0.133260140920048,0.268209437061104,0.128550131956367,0.126909336333274,0.321752451323811,0.174582934758828,0.189795705841144,0.131012422651954,0.156974885475587,0.211220286048166,0.153817391909977,0.166476812176997,0.26913453558686,0.164346419943742,0.14905225549003,0.155355060872743,0.193981552686828,0.249442632526882,0.138213040516249,0.189889477185093,0.274766688836296,0.213313059955093,0.184719138505102
TRG_047,0.182225600665608,0.201842505827394,0.0700132071542852,0.198653019334175,0.154410797851811,0.191569050779416,0.0830567795181758,0.207064712884037,0.103972267668906,0.144513386075123,0.16228478096551,0.0732734586619741,0.143417418588137,0.214788741671804,0.14177902749473,0.168271548692484,0.172209109957105,0.242362046744925,0.202372216564303,0,0.162571877719337,0.125431254066875,0.253494780397434,0.18128412095808,0.218530003035468,0.145216870565951,0.257601065332731,0.204802131866888,0.133925448561822,0.213816323539421,0.149177244815566,0.177413482671535,0.243851217875368,0.199239002001885,0.122160586813221,0.205453590003281,0.223039102621362,0.150496952505939,0.187851468718481,0.138824511900677,0.21127430591339,0.181043281090924,0.0846735127825401,0.110951391513988,0.301267933727595,0.163202051539938,0.201522275471354,0.21321779922006,0.136004304331042,0.245799322182304,0.165912457026232,0.193435969098944,0.178930473109586,0.178550925901576,0.225885446395878,0.172182499790159,0.246599576549337,0.171597136646235,0.30091488069455,0.255113791877892,0.146475579447254,0.151708524255805,0.173291999151392,0.158243307314534,0.205535673115792,0.23760098989311,0.243784859547871,0.113262617192975,0.0988450455117859,0.221512402020624,0.249494596020223,0.170029002018193,0.245668044829462,0.119232192068962,0.306991412982205,0.237467266427471,0.298119859738146,0.243085799955651,0.344670063772187,0.157317559368535,0.144295521382695,0.258728097085947,0.254913362411271,0.195558261976586,0.166856001389834,0.184243265760423,0.163379750724136,0.19610906981769,0.194323171399908,0.17225304144824,0.208206146421034,0.174672446405874,0.304166075557054,0.201853212466362,0.259281813792309,0.273821336131091,0.0828157064426643,0.279214928641207,0.1664214062886,0.241379248817532,0.213767019329988,0.256244660624725,0.162485990557567
TRG_051,0.175264075360365,0.103917245925312,0.206916473100457,0.175178920176084,0.195852327914065,0.24321082458129,0.187684699338171,0.327231935567848,0.276944194279517,0.189479203809531,0.192891738441107,0.182404099296923,0.25462499969466,0.292894480556827,0.221866207277771,0.275476226162195,0.192386129178079,0.213534877847153,0.143309167009496,0.162571877719337,0,0.190682562653162,0.272807074281738,0.254102278492358,0.158722115398874,0.140743972050651,0.260940165486596,0.200678168974234,0.230521489213734,0.240356641909231,0.232172578454082,0.171392233196002,0.356752923569718,0.181747051429761,0.12289995035183,0.204295179986803,0.174954154865253,0.254334883641194,0.20236657026502,0.2057666814188,0.188739342392944,0.179283554958318,0.261960030990262,0.172795706914095,0.243944551824821,0.0702942954690773,0.205615765740672,0.159602648668928,0.15191497445132,0.152488845350107,0.226697226049399,0.226973222099755,0.133785344246808,0.107426212820825,0.118903977216708,0.265515442837548,0.26585233336227,0.224515538093288,0.143119137389101,0.246297526116457,0.198150924501637,0.168847033932416,0.243754359796806,0.149413220256896,0.198673771018858,0.355018154170022,0.243086848742353,0.196580964355577,0.184127326607004,0.172720809857611,0.205175362712529,0.261206238163295,0.311910424008103,0.195021981939327,0.203830067815047,0.377927471097522,0.169014871506402,0.174707348014638,0.152177119746503,0.226755934752633,0.167669917918782,0.167994904900534,0.305073069823141,0.186704569867423,0.275254231942455,0.181795764057475,0.136218410139417,0.11496947675215,0.170049227764375,0.162925670025788,0.186307085963897,0.237595940175972,0.285657732891746,0.147316901613879,0.155032839861698,0.148260470433254,0.132353813631938,0.262589740374765,0.186334207009467,0.222570568049614,0.204400002501297,0.246030619835771,0.212863454501044
TRG_055,0.238536635724084,0.155282014998056,0.105618865630577,0.195559285240876,0.160204289618989,0.269138145306809,0.14485281691997,0.267633486447105,0.106096502850547,0.175372166100903,0.146686158929375,0.181846884462887,0.187484824345758,0.272849801970305,0.122931354267158,0.242543842210875,0.194460429513157,0.173741118836106,0.103466725566186,0.125431254066875,0.190682562653162,0,0.272092944020587,0.235118320241207,0.188735559991943,0.168922706413256,0.201342125785395,0.180673016172629,0.166508218273783,0.155822178068132,0.142792881508426,0.172745618044442,0.331882955048803,0.184361759102248,0.210981444044086,0.243153520221128,0.223543766211128,0.229999575985127,0.166727284825706,0.0815016766923712,0.253839209494008,0.145323504365448,0.113266992252893,0.16651687580184,0.264842935448332,0.145063396404685,0.188872522038996,0.182049433154956,0.131096717275644,0.178589691684287,0.112030187185528,0.240304833477885,0.17580018456464,0.15466389651635,0.219169606915436,0.0848469321938898,0.21211012148572,0.224179421051839,0.179434364075261,0.245833330501525,0.118100664948127,0.176656679629905,0.265932347855568,0.100936169624809,0.167579741840656,0.137358574862911,0.168892638891133,0.216687483651692,0.0746657389499643,0.171901307826992,0.233663753401498,0.139679232411968,0.311235332705152,0.204587120161894,0.275978281854416,0.373163251185288,0.262905260081203,0.202468559060869,0.24742070761317,0.120218412224642,0.108986463646853,0.311149526577972,0.165989001971092,0.149756474767569,0.281989467450877,0.216660668045342,0.215834449615031,0.202687871358535,0.182334139490335,0.219441176060507,0.227277101777201,0.164895718670789,0.289921688709403,0.211313968064695,0.238116840707302,0.218091853717312,0.164568606350783,0.304345003203181,0.134041725550323,0.198798300825254,0.272094410969776,0.149112659373293,0.10193405595719
TRG_057,0.214367798936828,0.407482275361491,0.298789232397209,0.294591979801005,0.24382765043197,0.333743700407629,0.163514200416574,0.379419457628004,0.298811803715377,0.29023621627505,0.323140897252923,0.261533297575469,0.304737557467155,0.211110274605161,0.358386048307605,0.302610452732472,0.242567604311785,0.244517662434684,0.374328532901173,0.253494780397434,0.272807074281738,0.272092944020587,0,0.227650147675612,0.246334828956745,0.251624983942798,0.200109918361269,0.268984928156236,0.19116623107501,0.242483864772701,0.285440925726664,0.336049930873732,0.274640644830698,0.284951849862237,0.171067935646492,0.327407246029808,0.18283534113025,0.313986256800533,0.309616887276018,0.261086956381363,0.201638764815824,0.287399918507389,0.294371371591902,0.199169049114285,0.195120174874289,0.30390066964876,0.27719447779504,0.344551511993919,0.243929429845442,0.354218412741463,0.260156181810733,0.258717196855747,0.282950663720226,0.299088455834292,0.396280464399663,0.334617643187681,0.203586696737844,0.212370695728651,0.375415259822154,0.328004546540523,0.313778052148398,0.219517790338398,0.165769780687756,0.310903399874939,0.33455506992936,0.320925925468394,0.269960644070544,0.275945905120202,0.323726616383176,0.347461102082286,0.274465679224509,0.377461205259177,0.30907703772493,0.177011540138015,0.311800675388214,0.319363761534436,0.34650647929065,0.237175960786712,0.319091400178446,0.155033310424957,0.356879923196888,0.115280204701683,0.306445717861689,0.354215342219492,0.303859037078438,0.248996387311923,0.229817920228577,0.3358786875897,0.275672485867081,0.319856929150988,0.210538150793644,0.302029716572888,0.310617719691566,0.266035859058257,0.226697353852931,0.280868233785339,0.261644057067482,0.314844722659724,0.345683417722176,0.258858210472539,0.247764849422918,0.190925103009087,0.253904830815035
TRG_059,0.170013893269245,0.287615774116088,0.185452638032159,0.324164704367787,0.185284954588314,0.320351044627205,0.149632106177625,0.362828633492161,0.219157639559541,0.141882507993542,0.310424934337722,0.230207986272048,0.265438723568386,0.293806483210213,0.325911336511382,0.240416980762311,0.243105132917561,0.210241528022596,0.312959399857494,0.18128412095808,0.254102278492358,0.235118320241207,0.227650147675612,0,0.252435582952526,0.194992222568301,0.246094173998334,0.286563798572393,0.138894774008982,0.252630185998309,0.197888847439497,0.201810869433959,0.30429589979573,0.271698377618761,0.206820077187265,0.228187915999733,0.220025870373578,0.326377624137476,0.175840598854922,0.248555928560118,0.166650566248063,0.227758943003098,0.0899666863972266,0.209580268895201,0.275193017515479,0.285249845082154,0.287367284497421,0.295542111975773,0.222096299848547,0.309447351850018,0.201683012903478,0.264511282685009,0.261981253984275,0.265270933870115,0.344081086803842,0.273490121214929,0.190922812462653,0.196879545827909,0.341500119632567,0.300994808371583,0.26705148966585,0.247193474751477,0.248269443776526,0.329375078526366,0.174726507115517,0.175661657796103,0.199813217927897,0.208970218296443,0.240155739774105,0.283499521134902,0.170042415586139,0.243614103005742,0.222480349259762,0.223014478342515,0.386539045494747,0.285986525597139,0.312309150376793,0.254190672337566,0.317285889474237,0.26465403803502,0.303015676959287,0.206785874914557,0.25111966609489,0.300069263650816,0.228184276819674,0.216910369789819,0.237369633517777,0.296905036641468,0.255056122113103,0.216645451701691,0.201986326124667,0.252933025344125,0.180071991223413,0.205672431331903,0.286717348693383,0.284653858230485,0.198670693650427,0.191147881538382,0.238871595485974,0.213450034739463,0.252079374901744,0.220234306874747,0.30571883393517
TRG_063,0.274968417776987,0.143814522006152,0.179544243901949,0.127549223019559,0.296024223479029,0.193516791486863,0.223743511262207,0.273099478637823,0.216347999525007,0.301910444252481,0.213025105864277,0.276454516875724,0.272512789962972,0.27089104856837,0.211978952206555,0.313313570040343,0.267546054983123,0.15773996489933,0.193229118604114,0.218530003035468,0.158722115398874,0.188735559991943,0.246334828956745,0.252435582952526,0,0.150982662664731,0.347998423375648,0.168374336374236,0.285243147062591,0.191112656083392,0.226398826710505,0.161067207886694,0.229447380438283,0.114644710892347,0.191326593471845,0.23743591425668,0.235107803393677,0.238503119510331,0.168205280732445,0.297721870828015,0.232842091006662,0.158920216524162,0.224140161342663,0.149256109403233,0.323825095025225,0.153576710972711,0.176416260545423,0.285691579226084,0.140095256514561,0.164434895190813,0.166062446816325,0.216347077074902,0.242075155758627,0.193283793615127,0.162633814489079,0.320696103081657,0.33191494800294,0.253663211977884,0.21205230816599,0.220616400866012,0.297184498741364,0.175135265206479,0.258123109747721,0.199784526096731,0.259374276819863,0.21641433634313,0.260478306348278,0.18821149378417,0.175295844999226,0.197833271321572,0.24591874073959,0.312658378301546,0.365566716556153,0.098612158727322,0.260086030426778,0.362393091924313,0.174663891011955,0.191416812508563,0.146212382355245,0.247696641139918,0.158446489744267,0.139114220866125,0.227268930116939,0.221797274066316,0.257039470881833,0.265282595857139,0.145231048835617,0.146062825435167,0.267767199208818,0.260152353154394,0.293525117792389,0.201749622676835,0.310513212249058,0.189928658359654,0.213383167995649,0.232925347109465,0.184753185765779,0.246367055757262,0.194742134903775,0.268962176406835,0.112068278128289,0.288827655130764,0.231637409199703
TRG_064,0.205740637723978,0.0902128414689924,0.165241886065874,0.201958061755291,0.0817147981615797,0.122725805235556,0.170546995650953,0.158375583785005,0.166197429313499,0.155772308388096,0.160588752429952,0.185670131313437,0.210083481428364,0.244326717595508,0.137307728473326,0.19619095035057,0.11778528999556,0.116708763357755,0.151488964107592,0.145216870565951,0.140743972050651,0.168922706413256,0.251624983942798,0.194992222568301,0.150982662664731,0,0.214601316712924,0.219939307961814,0.219107665285309,0.170494885746284,0.141039475690893,0.192707812211856,0.240691982345897,0.0622201237078824,0.106204919427766,0.0937169194366589,0.120686554409091,0.208487249522949,0.14747462772945,0.218109163856928,0.1738351793923,0.100466368592485,0.119487179393525,0.138333107236902,0.186902043717213,0.159286993677111,0.105400202383269,0.15928507884226,0.0656957387493486,0.203837531349839,0.184782550352945,0.114435028522432,0.14284210869649,0.166442084176718,0.157383707999915,0.212004589204934,0.262017865782091,0.211259254631793,0.213918373937336,0.261137293763898,0.198570009989314,0.171512924096959,0.189145692676564,0.107131258371357,0.0925352739040014,0.251076896425802,0.252395593632577,0.242593102888305,0.132017330225329,0.136384686785731,0.175599735390543,0.218658636034787,0.266735541735482,0.161105377826554,0.159441685185077,0.366844937855368,0.192403623707803,0.168206226750115,0.18210767659343,0.259534026892391,0.223719693006741,0.236243729435207,0.19842640935558,0.225718313520745,0.184991512601286,0.187268473699316,0.072444040113374,0.169787501980666,0.194263533907447,0.128365255285698,0.181430237538701,0.162037845175906,0.226973168153699,0.158593555737252,0.207848105073449,0.237925601701128,0.138709923995683,0.237838395777686,0.119950444585703,0.20204642019549,0.120677005372559,0.25614988031961,0.259050024567296
TRG_065,0.198914238093012,0.321716990330001,0.217766412053095,0.288399249436987,0.225113631468561,0.281276644014647,0.170948341120015,0.33476565641382,0.150665077364489,0.233359948283752,0.244799605858436,0.255098285702982,0.185132657596773,0.124867077800554,0.230033952913647,0.201943860646353,0.208113366583989,0.216714207638798,0.312141495349464,0.257601065332731,0.260940165486596,0.201342125785395,0.200109918361269,0.246094173998334,0.347998423375648,0.214601316712924,0,0.294513471744889,0.215868656399786,0.219011890960204,0.200248079106739,0.28853087901778,0.196723947152664,0.244169327127306,0.181718529405058,0.313857574670717,0.209712231910736,0.253748631775963,0.247245060397209,0.199486524369546,0.157499739729142,0.217282186511739,0.257422570874658,0.239316399806347,0.122291502027497,0.305540677234093,0.20800383118948,0.311221119191527,0.266687321115965,0.290665579149427,0.241498346691373,0.254773237128815,0.233879195725369,0.229466502425251,0.293392072243249,0.199923033161462,0.119199517128854,0.0950189941164722,0.305665162929632,0.299415260673232,0.256046057554957,0.2053238974209,0.291749131605972,0.24972708184397,0.257474898717952,0.211665892746287,0.174649432859396,0.157911131745316,0.177953377330121,0.275907269072321,0.279556599123049,0.35890588817346,0.208171646280022,0.254226974241224,0.313599463169369,0.28826962753976,0.296594056879605,0.2389227212562,0.273963850193437,0.172146231305256,0.350330492370696,0.181543530944088,0.182858487781844,0.284601639268883,0.296764207143211,0.178115224400071,0.316738366264914,0.28798371449338,0.189737991374142,0.270692885371518,0.20310218411471,0.270013536928833,0.218741106805473,0.230609917033989,0.239990895375558,0.22157994936075,0.210540864852589,0.274668238695631,0.273950329678215,0.208230150036777,0.32144449234892,0.169172806660014,0.225080900378604
TRG_066,0.285415255670351,0.230354859267851,0.235705236902453,0.203507306942693,0.271719188520371,0.218081068743761,0.235210805431088,0.29749001297465,0.218269620299491,0.225793166917109,0.209099953178965,0.19391272859849,0.145357782098725,0.272262216112081,0.196873461899889,0.280958148786127,0.253379465733177,0.171557793682849,0.222964045398655,0.204802131866888,0.200678168974234,0.180673016172629,0.268984928156236,0.286563798572393,0.168374336374236,0.219939307961814,0.294513471744889,0,0.283380426292288,0.254398916020709,0.214697107638319,0.145538489897087,0.236009761657545,0.190180741575856,0.25600873258939,0.293095646535225,0.153786568185034,0.257397048569222,0.184785575251383,0.287298362835903,0.135711968738882,0.244136528904088,0.259007582406214,0.178255033116379,0.246911055930776,0.187159136840025,0.16402224997424,0.199369259349788,0.189015553549745,0.196005904329382,0.187439310865156,0.231180116490786,0.252460515580924,0.20020827686867,0.186982089656864,0.318801292273522,0.312351663646554,0.23429017952498,0.260023622581351,0.179226788028733,0.211871765391874,0.185707593780084,0.274272027674468,0.185589327030256,0.245042954761158,0.162968410109902,0.174484159413239,0.19378772933264,0.22163058546666,0.252234678629455,0.26854998154797,0.324762584418489,0.224025531490159,0.251920688603691,0.239012863756241,0.248401068155072,0.185306384893536,0.218119754303456,0.226877297948043,0.236202291317988,0.216823409256371,0.214301046700434,0.285983722262907,0.245293605098024,0.300615361200586,0.230027427228729,0.176940957305226,0.223608825735861,0.214498981536015,0.267295054256937,0.242732394180772,0.179117728251089,0.339054676835986,0.106030216889523,0.28241142398629,0.269441343441375,0.185255985164576,0.223699047333588,0.26564037852497,0.267730342439372,0.237383090627306,0.251081946218122,0.171757297863609
TRG_072,0.15727218479864,0.244299208119308,0.178988640452567,0.240438934226403,0.164350933602203,0.222616024486589,0.0970905668428729,0.312462474459286,0.201249314969132,0.113981368027844,0.210536400628065,0.153373337096767,0.154736310366654,0.133945564313151,0.219534646094471,0.203634357844367,0.225056704265899,0.148667118174596,0.25130922653593,0.133925448561822,0.230521489213734,0.166508218273783,0.19116623107501,0.138894774008982,0.285243147062591,0.219107665285309,0.215868656399786,0.283380426292288,0,0.193789686739462,0.142789426891117,0.250644948547967,0.244034822873635,0.263149847933891,0.193159050603917,0.26247847288034,0.244660342002827,0.214918814587066,0.231378923151739,0.140619499935032,0.193214756016357,0.183747592948742,0.137438460888793,0.217527820939863,0.209502776959405,0.249007327996278,0.244835739339063,0.293344326031569,0.197585986026307,0.264785451294533,0.260546285995563,0.194958437457294,0.254563273750259,0.233326653836387,0.33207869524146,0.178816270006131,0.169708410422211,0.173015977225744,0.356633800217494,0.259530017039575,0.271617041767747,0.199817816314487,0.160746674983042,0.241455691718996,0.189832382512756,0.215947649399218,0.218121857404423,0.214090470944894,0.147023876405991,0.236156550356011,0.145450273134112,0.242701354241423,0.131844422129045,0.1977486382927,0.308629335935181,0.222388939526088,0.289701398664806,0.238259554568435,0.310289141158524,0.104562268122444,0.301149374099564,0.208012047611388,0.294700032083214,0.235094766627314,0.2245804520568,0.173274362897857,0.223052708204891,0.249934979732041,0.227490411799032,0.186525480511035,0.1719568071463,0.252377155982571,0.232255456668435,0.282589309649843,0.210360246302945,0.264324014112938,0.133881799202049,0.196218511439503,0.201065254225836,0.201633790306481,0.259891510562871,0.214895436955977,0.173052556195984
TRG_073,0.151876538829953,0.215559728063328,0.252843125171374,0.211918757756717,0.193279225883615,0.222644731794485,0.201062091847799,0.239086697083738,0.163540167272999,0.122123369363961,0.251752448958126,0.189154119178102,0.174621398242614,0.144054296981297,0.138963494461122,0.173141531041757,0.141243184578529,0.198749133069292,0.181839689784322,0.213816323539421,0.240356641909231,0.155822178068132,0.242483864772701,0.252630185998309,0.191112656083392,0.170494885746284,0.219011890960204,0.254398916020709,0.193789686739462,0,0.151013328305745,0.223453503104245,0.247090806258971,0.135005564244343,0.232260654165692,0.197177703328158,0.21163717348221,0.196779549268322,0.201720295250064,0.160579724576208,0.22202807916702,0.179815032194467,0.174014786103043,0.163865530163454,0.15122441796846,0.192769046794884,0.183615709184633,0.123585184635354,0.141300129674924,0.167553165953529,0.165330068911336,0.0987821847593051,0.177070991160459,0.168683912896546,0.205705423448407,0.147468918199213,0.102368278492056,0.139777924502631,0.17988820164091,0.181788978874485,0.209370707226705,0.197775359425351,0.283716327654849,0.10138600387864,0.105854522443125,0.207175511150375,0.138926316505947,0.219596281289783,0.140883372485256,0.0508595567983825,0.0911589246360122,0.209800291245175,0.190983923229579,0.178912891320879,0.194172765398166,0.206656788668671,0.232588842977257,0.134972132202506,0.264226687981626,0.18046580114989,0.263023072753248,0.272316723985166,0.129460474240818,0.181720392082549,0.0843822805472105,0.146457063547628,0.119693382822324,0.274478618342377,0.222616899449494,0.116099528556261,0.132416237759195,0.238413834585504,0.250251923849923,0.206583812856572,0.210135953193225,0.161880906428114,0.166730494870407,0.206788485619923,0.0723358940779367,0.157458477342108,0.209713391401273,0.153637598627091,0.200237365741405
TRG_075,0.170735098455468,0.18373177308275,0.181926833137301,0.14423080795582,0.118389685359773,0.16040906336784,0.0848211191662691,0.11682462042818,0.0764077685373765,0.136145182889095,0.153401269909092,0.126548214837942,0.187940181011197,0.162170540430668,0.0903448421197325,0.123280002393197,0.156170210559765,0.171542396467045,0.23100293641961,0.149177244815566,0.232172578454082,0.142792881508426,0.285440925726664,0.197888847439497,0.226398826710505,0.141039475690893,0.200248079106739,0.214697107638319,0.142789426891117,0.151013328305745,0,0.124623322965543,0.241140524696433,0.167234455187692,0.0985379630752048,0.174398503411677,0.171557328222813,0.0528152107313932,0.166892123712332,0.130394684303485,0.210462911479186,0.12676654963757,0.178822814801968,0.145172599207037,0.207743542784445,0.210743894684937,0.133725744061533,0.180944548434747,0.0767718567326611,0.250332691276531,0.149368350238571,0.139305466236164,0.17009087334163,0.150993830423222,0.206307767828776,0.197457285035545,0.179706898536792,0.14327040168165,0.24356234122418,0.14451289428899,0.237068638461533,0.109842816201262,0.0970224101256081,0.132883970219726,0.184802660423442,0.162324631992787,0.168505495679452,0.188381331045224,0.122359029886426,0.16715452534532,0.221815683384028,0.184787142883386,0.256956006281378,0.157272795694596,0.177200708678715,0.285471325855607,0.276714499909058,0.209315498172462,0.294202768689874,0.148217406888838,0.212588668859815,0.199235308704032,0.211902146258737,0.147541173034977,0.171878773217275,0.155271178005524,0.156939788839499,0.212620603718948,0.230086064263796,0.230025053866412,0.199523196883208,0.147374297608406,0.268126173401095,0.194587227618584,0.246314706047613,0.207686150624205,0.081687628527273,0.247043968704651,0.10331051020876,0.158537794169125,0.239860400928882,0.192515785250875,0.217900043911633
TRG_077,0.243873101237462,0.174335769246895,0.23583208108313,0.203377230881455,0.215896465593006,0.214094934730554,0.146143658349765,0.237129709309171,0.1984486887007,0.145896273888135,0.249138689628947,0.215110584771293,0.226217812640969,0.266367041372726,0.222400439720829,0.27496532659647,0.178190975713053,0.188018557121407,0.176978207761035,0.177413482671535,0.171392233196002,0.172745618044442,0.336049930873732,0.201810869433959,0.161067207886694,0.192707812211856,0.28853087901778,0.145538489897087,0.250644948547967,0.223453503104245,0.124623322965543,0,0.271316528413646,0.155775768916333,0.142825866941987,0.190152833850783,0.204634982131581,0.224324793198497,0.116980978824898,0.199865800305972,0.188333539017694,0.0942125989256627,0.194039945999921,0.152288495360713,0.232901342268431,0.161762962644255,0.114050326513255,0.220739864740485,0.11644505572744,0.232459416216753,0.11107069455733,0.22675389935581,0.254612885141561,0.163208224878899,0.134164025876456,0.244178794042249,0.269635475536027,0.237658725578933,0.216259860487682,0.170674157047139,0.177711323420803,0.147020979390446,0.25616281565394,0.236141765196055,0.160425075342414,0.195855196024519,0.145927182812422,0.202093955933997,0.21948110619131,0.250767672126461,0.18821631096044,0.262046911045801,0.280456944692959,0.238934253286608,0.221704690343011,0.320105765689863,0.259160023564483,0.212978565234404,0.192044931361846,0.280615617860163,0.19882582983511,0.287517574014452,0.207093066780029,0.214246387941058,0.270161886356401,0.218671377306658,0.186934962071909,0.242318460652032,0.211248669659473,0.241866827160347,0.198947893206776,0.109048493768494,0.257589076130699,0.0929306254636151,0.221392244554404,0.248292313925594,0.165915902420685,0.231628216608466,0.203386901332136,0.255999024720292,0.258692584295041,0.248534977183729,0.25774354259111
TRG_083,0.18777668460993,0.327318486286412,0.362085173931811,0.2808334960921,0.210727998665317,0.188260411110499,0.266966783201244,0.369055521192442,0.214498076545195,0.278057892989088,0.326325488311816,0.208932372584377,0.213937424591673,0.257176899534806,0.320658019591457,0.28093821440655,0.190006134669932,0.141722133143207,0.291450478294161,0.243851217875368,0.356752923569718,0.331882955048803,0.274640644830698,0.30429589979573,0.229447380438283,0.240691982345897,0.196723947152664,0.236009761657545,0.244034822873635,0.247090806258971,0.241140524696433,0.271316528413646,0,0.190932203538575,0.242512736028954,0.330045989088284,0.206063529699978,0.201358898123822,0.250569384750908,0.243887658277497,0.178840512105749,0.23486756062745,0.335130161197732,0.270673299101847,0.207711794417975,0.310231126455683,0.192399873446108,0.264672325354625,0.236658710777525,0.253242563453629,0.266177268187071,0.187167439970747,0.221977181692429,0.311363666516255,0.303084502092574,0.309637070238829,0.26543959086045,0.202485650912054,0.356557370366323,0.295202586554527,0.218615342268953,0.267542662193574,0.287734987115473,0.261756699074418,0.29792008508665,0.335016447891417,0.245588452208087,0.321085127998799,0.371056852729316,0.341166724825147,0.335642833462623,0.332213483087253,0.263071688474855,0.192424388352033,0.385751802505032,0.141536531634207,0.201276795564369,0.248094683884597,0.258665882396675,0.278430330134153,0.326631978264024,0.244658051156267,0.369553639189947,0.341000785411624,0.24382492785158,0.232909985641241,0.249758157522241,0.279680621732936,0.261031875494443,0.201580502340949,0.271720695524947,0.196294084688703,0.276292690965128,0.195692918660741,0.287331813172465,0.318354257584569,0.322452169169998,0.236624820453998,0.248406406680047,0.331459220265645,0.250976061697441,0.264685486180479,0.304947582372433
TRG_088,0.219177092516256,0.100737243465626,0.173012259590531,0.155196612892035,0.148443408646445,0.104458154671947,0.160746270458376,0.155862360485842,0.169176167657115,0.165747451338434,0.151613723409064,0.218181839476833,0.225418687389704,0.246983862776978,0.110697286178286,0.136257865213934,0.213681365911479,0.152202028570006,0.151064908825365,0.199239002001885,0.181747051429761,0.184361759102248,0.284951849862237,0.271698377618761,0.114644710892347,0.0622201237078824,0.244169327127306,0.190180741575856,0.263149847933891,0.135005564244343,0.167234455187692,0.155775768916333,0.190932203538575,0,0.167300813447838,0.113736974689917,0.122319517409471,0.215845407618136,0.191002925543507,0.233594033149962,0.145257002848355,0.148392526378587,0.172154041573327,0.13941585299114,0.248298275392243,0.127275448027384,0.121744197617943,0.146952538245074,0.0670832282515734,0.174757349850922,0.217995094895579,0.117114926621379,0.214223184804065,0.116708377978044,0.0974884127183177,0.263485440759303,0.209041622376453,0.241658896582092,0.195214095300065,0.220821639042184,0.231879801007243,0.196533788916236,0.257334458815992,0.132803730367827,0.111842014791266,0.242396287056165,0.210591060865728,0.232706642910703,0.122192763762294,0.0879032453067152,0.168758257485749,0.272638004641268,0.311549056880798,0.202940192876379,0.13898214615747,0.28164344762683,0.144408793665827,0.221081167426125,0.136162709833341,0.265088712613157,0.225573905457571,0.244670310405733,0.175308629135265,0.177127288114135,0.147985323793986,0.246561510997179,0.0924462730120714,0.185357696203678,0.223222405719966,0.151562312551708,0.243138015848473,0.173903624828092,0.316817468289756,0.211177217065692,0.253191980420997,0.164983040953129,0.138534188702455,0.188810770271583,0.121279885515967,0.191909662528773,0.186006135496644,0.242014472770276,0.249994172794805
TRG_090,0.141277989382692,0.211114376635151,0.128262082685133,0.174212494611449,0.166865700583711,0.173203384070315,0.138237047363489,0.219549716751681,0.170103089913937,0.162558800511115,0.122589138255187,0.144132841182185,0.21569792833912,0.208028457773935,0.216090578398267,0.177570499023901,0.167126871579526,0.205352752340604,0.199075962245029,0.122160586813221,0.12289995035183,0.210981444044086,0.171067935646492,0.206820077187265,0.191326593471845,0.106204919427766,0.181718529405058,0.25600873258939,0.193159050603917,0.232260654165692,0.0985379630752048,0.142825866941987,0.242512736028954,0.167300813447838,0,0.138295725886805,0.137936045920828,0.123664028858456,0.2304261276334,0.230473348497211,0.174901221516822,0.170166010135049,0.219957555588937,0.165285874445853,0.236733017292188,0.1209946294241,0.159379210682496,0.256920795910946,0.159646051359852,0.217647167505458,0.201468325282375,0.195984545112642,0.142984812777554,0.153344881689092,0.148955473249138,0.249299656206771,0.249403638641709,0.168785046580586,0.25831845083212,0.227028976356631,0.191514986458341,0.100315094042889,0.224892372349117,0.200881618652978,0.193373442242314,0.255760444871623,0.235685260605898,0.215918066563225,0.150009674971782,0.217648655811397,0.174952322222209,0.328143835493128,0.294773049669407,0.136855627459028,0.186352723033875,0.29801447998776,0.210431022416201,0.20026499819894,0.259473160445262,0.214151464071233,0.246887906405805,0.18042776272745,0.24766497753895,0.213514936238034,0.264347491106471,0.169874020429474,0.137391042656231,0.124172092534673,0.193892350028792,0.215746140657111,0.174229130098905,0.267160235348683,0.284587832183064,0.16037682470455,0.181679773433237,0.23215741562713,0.134793559668985,0.18533832028828,0.23851304168641,0.1930668079753,0.146876222403925,0.267456417722318,0.285995214945438
TRG_095,0.28569559280162,0.137013450709396,0.276765516611386,0.185169219135274,0.0823482738704406,0.0828002597549368,0.191067147675027,0.123600249056281,0.246671823125962,0.190329966349912,0.225637035790088,0.226742618952985,0.264093543608271,0.214760860102044,0.156287707197916,0.187199898081206,0.177268024588203,0.222590376240502,0.271205442637391,0.205453590003281,0.204295179986803,0.243153520221128,0.327407246029808,0.228187915999733,0.23743591425668,0.0937169194366589,0.313857574670717,0.293095646535225,0.26247847288034,0.197177703328158,0.174398503411677,0.190152833850783,0.330045989088284,0.113736974689917,0.138295725886805,0,0.113852717978235,0.20580295203688,0.192509027222937,0.235182738950093,0.174943044089034,0.195964487582417,0.127262123158778,0.268137459847201,0.336827475385871,0.165543079713689,0.1949025772375,0.173157990349166,0.164965233894777,0.223763204302301,0.122998646369648,0.135277660832357,0.274341255302727,0.150740007805715,0.157307210978683,0.268936263150743,0.290895253050306,0.252469642678759,0.20651683168892,0.165970819724337,0.263564954171665,0.208689895151546,0.275568041842719,0.154277363111104,0.0943240595608472,0.261639321582309,0.181077604659244,0.282801641599398,0.217000601474006,0.136913388460684,0.19585072160951,0.143563562019987,0.310789157832168,0.231299805957997,0.0926275136770952,0.354603568991704,0.203999084388845,0.250282562324357,0.233721836609651,0.310957603102891,0.223937057783458,0.31199424917759,0.257441707866898,0.149637952115966,0.145066979882869,0.263203066115317,0.125740579864254,0.240373335927478,0.265003332136155,0.155195453099877,0.236144935561744,0.270382366540347,0.327079351770234,0.201709597697085,0.321985358085601,0.212268339923941,0.176749773057143,0.24469298518514,0.164599913708352,0.267189305513534,0.227508791877014,0.266151046494229,0.30053284009584
TRG_101,0.191238579385869,0.184502394391746,0.288672112669566,0.151689390704358,0.189358687541033,0.0990840471537698,0.198354096640075,0.157116168594287,0.248772465070757,0.222647258713894,0.212989305453791,0.14464178286639,0.227755861086804,0.251738323413068,0.180273737295489,0.197189196522368,0.211257874745671,0.195427951403499,0.164435292131138,0.223039102621362,0.174954154865253,0.223543766211128,0.18283534113025,0.220025870373578,0.235107803393677,0.120686554409091,0.209712231910736,0.153786568185034,0.244660342002827,0.21163717348221,0.171557328222813,0.204634982131581,0.206063529699978,0.122319517409471,0.137936045920828,0.113852717978235,0,0.170552598579793,0.201458369374286,0.279551824137872,0.0702295003155166,0.21313755210138,0.173304857064065,0.135417864705786,0.220938878107424,0.131468257817779,0.185087159654325,0.215687924472215,0.109530941232814,0.151581982126148,0.152261338004919,0.161941522537381,0.218686444769003,0.140757973479515,0.170424613432029,0.26323187179448,0.247422373358219,0.179173988655168,0.175952374941561,0.123102818880024,0.187966295273708,0.140228149786216,0.1462095820404,0.196607745016529,0.150616221736673,0.178103184512238,0.188911227057499,0.233510657088044,0.252272745974983,0.153317998685941,0.186162834989069,0.230741118039714,0.224559002457846,0.20735406847224,0.107621914614048,0.25650400937384,0.141794138517028,0.128582222161181,0.218736607139407,0.221784088818053,0.23241311018067,0.227433196682583,0.170321578327554,0.148004253521881,0.181136631279266,0.23440455101896,0.137172963594601,0.189054803546425,0.218086645211781,0.204610741595862,0.174938447084199,0.189634936488999,0.306508257117445,0.114236541821201,0.175472527808821,0.151638761597196,0.161789217142067,0.183655700839753,0.194260680382202,0.209313320332565,0.234699128817101,0.26845466006233,0.210146104874455
TRG_001,0.136518956033062,0.26223651386902,0.216754706091633,0.184279817937985,0.207037633433748,0.168443848407708,0.179056107160844,0.0982708373554796,0.132723473003459,0.200927887869973,0.166086708275404,0.0851603148270211,0.19438925542473,0.196620534136123,0.14203200996944,0.15891251520542,0.207432850295184,0.222646945530192,0.306128203915672,0.150496952505939,0.254334883641194,0.229999575985127,0.313986256800533,0.326377624137476,0.238503119510331,0.208487249522949,0.253748631775963,0.257397048569222,0.214918814587066,0.196779549268322,0.0528152107313932,0.224324793198497,0.201358898123822,0.215845407618136,0.123664028858456,0.20580295203688,0.170552598579793,0,0.18508581032609,0.209369629754904,0.193879645275685,0.136546275812878,0.204828334114889,0.19956789516746,0.273721145408077,0.237768755390905,0.14673229897888,0.203727513636435,0.131189312936699,0.285110176560757,0.116506863682909,0.123490038350865,0.135890650529207,0.208081086204706,0.22572555244573,0.309189077365004,0.211916247044127,0.139234484773297,0.275406449801725,0.105191717468382,0.282442978716878,0.116153094303812,0.130718476863492,0.173103360798462,0.24091397754365,0.23365047759313,0.183329092231753,0.259575359180262,0.224014178328985,0.194179119101312,0.273086770936516,0.172407806164667,0.239655407970616,0.12153059824489,0.1516961245586,0.186917521705962,0.292656812352195,0.25001485018572,0.313652013039944,0.183836714827099,0.130100444189686,0.239725655463741,0.270317883319713,0.172366199330434,0.136530262178211,0.138701218087649,0.185294886851113,0.160817790290735,0.239588320511929,0.243236900224325,0.22508491348147,0.224984729751761,0.312231414213588,0.241416495337599,0.214427220279864,0.240030159077646,0.153671090722771,0.226638826738494,0.12661419755216,0.212952366425207,0.259413390042951,0.241330366689074,0.253323809014764
TRG_002,0.218194722197754,0.119219460937559,0.193168583938618,0.212331044863171,0.229153477518235,0.206272710672495,0.165187830336347,0.209960426979852,0.26992384875037,0.135999317553628,0.240656555234924,0.165998491226833,0.202941486386556,0.238500455017501,0.217354943169767,0.1933560329138,0.139117628865775,0.118791928576865,0.144648714299706,0.187851468718481,0.20236657026502,0.166727284825706,0.309616887276018,0.175840598854922,0.168205280732445,0.14747462772945,0.247245060397209,0.184785575251383,0.231378923151739,0.201720295250064,0.166892123712332,0.116980978824898,0.250569384750908,0.191002925543507,0.2304261276334,0.192509027222937,0.201458369374286,0.18508581032609,0,0.248901349442867,0.145814748102641,0.0888061402787459,0.112167277228903,0.199495969499074,0.15382456513176,0.21337272571849,0.149107293337362,0.26335690230382,0.146121066699407,0.216475675279848,0.0831280854075162,0.252467463493672,0.154679762445322,0.14864217954948,0.240057905959571,0.270226271274242,0.201185441363886,0.182251805891279,0.190270581214615,0.0837049025441768,0.186431307821732,0.166389378002633,0.254632710740162,0.238180889695175,0.123390560906166,0.184284331251255,0.130589382465262,0.216549230471882,0.207175074366531,0.235272193776416,0.198100720941997,0.129209627294483,0.201399641049098,0.203911058006943,0.244097080623404,0.298276939672134,0.251604324196418,0.154074364093961,0.176235985289214,0.244240933451239,0.112602701141723,0.18184793320827,0.2756908833118,0.172498953124923,0.20397777725803,0.211056893415142,0.254426274902801,0.170630445166131,0.148462364307055,0.237801634663425,0.167355196656688,0.0998522899219493,0.0684078570561534,0.118135874625833,0.208480157144861,0.170252803178925,0.151966736968629,0.23682170106982,0.262430935263922,0.266544628979168,0.259363312946695,0.222875357317455,0.223949108605477
TRG_008,0.235211486244742,0.195737103211063,0.145876685569974,0.233852826225588,0.138430535986364,0.264844931500966,0.0865385812978977,0.277533765038581,0.105316706842016,0.143428828785363,0.160858790918967,0.249336356839431,0.211821465934213,0.224946259983824,0.172153292751831,0.264942548539476,0.189755362882392,0.253734389779493,0.180179710868404,0.138824511900677,0.2057666814188,0.0815016766923712,0.261086956381363,0.248555928560118,0.297721870828015,0.218109163856928,0.199486524369546,0.287298362835903,0.140619499935032,0.160579724576208,0.130394684303485,0.199865800305972,0.243887658277497,0.233594033149962,0.230473348497211,0.235182738950093,0.279551824137872,0.209369629754904,0.248901349442867,0,0.279742549395052,0.16447145609635,0.15833677294857,0.138782064302842,0.218730039412947,0.237096814695172,0.200016659084545,0.164779373910577,0.139598893926037,0.294575787419562,0.19334212870374,0.193441870140328,0.261670246071235,0.240494484720093,0.268209557430608,0.106896751382744,0.135979184406584,0.255166025334433,0.288034103983149,0.280824394700641,0.136987369671669,0.257163714943785,0.167594595815994,0.151581271818951,0.183698074715767,0.241830635240841,0.206851921719287,0.251923601343469,0.102493993775965,0.164768438796673,0.239094618924727,0.217133352729771,0.230689611470183,0.247623272724749,0.28944511478985,0.286893700382005,0.315279146031613,0.267480370900103,0.335509422442102,0.132023811106993,0.202849737339122,0.325710453125134,0.183655053065258,0.26135160770098,0.192153535205032,0.214130757784939,0.210182056795069,0.315103662117571,0.296747346539995,0.182189160816223,0.204074826337555,0.255272036736745,0.306287373930857,0.225595977180181,0.262009213683322,0.278459130687422,0.171254847384058,0.202135287190865,0.0976705001622555,0.161476117660265,0.267247753205257,0.14606754884569,0.229797500606198
TRG_009,0.13494248607467,0.253887487362591,0.230464440213957,0.203628336807685,0.238904860117813,0.142674320594756,0.133296657597897,0.2229775750546,0.276548086797085,0.217791304823224,0.273039723386069,0.103543085516388,0.200062205290809,0.208482989209843,0.254184299110448,0.190939071621544,0.165652053511758,0.167030022190413,0.184103583308231,0.21127430591339,0.188739342392944,0.253839209494008,0.201638764815824,0.166650566248063,0.232842091006662,0.1738351793923,0.157499739729142,0.135711968738882,0.193214756016357,0.22202807916702,0.210462911479186,0.188333539017694,0.178840512105749,0.145257002848355,0.174901221516822,0.174943044089034,0.0702295003155166,0.193879645275685,0.145814748102641,0.279742549395052,0,0.202619651167451,0.171784461299581,0.198887011423704,0.141009795204206,0.155278344256083,0.162740720355361,0.235204383720255,0.185725511590587,0.136029016127699,0.178680968278459,0.247297549267266,0.141666851072864,0.141396891017156,0.211380629696274,0.269684725280801,0.181825781325867,0.123311335337752,0.190534740257526,0.160679161741149,0.130715970009109,0.186708157759992,0.246341023521208,0.20539856996306,0.172554028334999,0.216917860423083,0.165025756628301,0.205154962619955,0.27400539660668,0.231612369354994,0.167805937013922,0.273410785012444,0.175576448857148,0.24456129825591,0.228209596443806,0.188022985251893,0.118638353944267,0.13077656547372,0.235147850834927,0.265503801746555,0.255180342090278,0.158621021779738,0.226398399774677,0.173162060059617,0.207501915432075,0.144536937532326,0.179079493709722,0.184404282782186,0.151686871779813,0.205238068938699,0.1237313285683,0.20411457739958,0.218379104327048,0.0622386291711409,0.175274232038721,0.139956325161555,0.167809734145443,0.133932427633284,0.274344611921079,0.232363295857391,0.275683984467626,0.21094071103881,0.267443116765116
TRG_012,0.142974863259911,0.111186527666353,0.226814952764309,0.213240199913056,0.159622511645813,0.173100996543011,0.170602565261008,0.183647736910945,0.200775553786163,0.133163481816068,0.231553775228932,0.180455238664181,0.117707478125884,0.180265870105812,0.190073539328547,0.260468120451362,0.157690301103972,0.118441160231389,0.16937220980864,0.181043281090924,0.179283554958318,0.145323504365448,0.287399918507389,0.227758943003098,0.158920216524162,0.100466368592485,0.217282186511739,0.244136528904088,0.183747592948742,0.179815032194467,0.12676654963757,0.0942125989256627,0.23486756062745,0.148392526378587,0.170166010135049,0.195964487582417,0.21313755210138,0.136546275812878,0.0888061402787459,0.16447145609635,0.202619651167451,0,0.159716886255709,0.16232304086527,0.169055023060423,0.219600817004683,0.0966872136032392,0.229548514950863,0.108276083673162,0.217551051085558,0.055159513170147,0.158448155177691,0.108923719190853,0.182116569354892,0.2029160855106,0.213051209980242,0.244977591690282,0.115575095749617,0.246795241013886,0.126533007998749,0.217855429088359,0.130773267690828,0.214631901665423,0.143257311156938,0.143866041448172,0.222811759588265,0.149878042699063,0.210455993079167,0.204532444416264,0.226222991345853,0.180373555349764,0.152117474758589,0.191674584276966,0.130319706131227,0.222305947032608,0.291540329896383,0.244689238502833,0.195856329958226,0.172434211515111,0.216502274743289,0.123527534538398,0.263515233770011,0.253073601379109,0.198716361249057,0.21033497769133,0.16057518606226,0.154461167673773,0.163508839075685,0.213153101124252,0.154658214653766,0.16696882785374,0.103631673495419,0.202434552653198,0.179468899371301,0.112485812258217,0.249999952435127,0.130695517582107,0.241045191482281,0.13659724435659,0.253528308069297,0.152892500656878,0.220236547899444,0.205287273603004
TRG_015,0.244987491957704,0.225975634321865,0.114099253204737,0.277705596751642,0.096085375113098,0.208525714278967,0.130937689925191,0.210623826832571,0.168970360425704,0.113300374855232,0.256021239542479,0.146791947135437,0.222089373855971,0.264076842192077,0.233249830437871,0.153190877489706,0.158488175964046,0.179317936214002,0.182611668893883,0.0846735127825401,0.261960030990262,0.113266992252893,0.294371371591902,0.0899666863972266,0.224140161342663,0.119487179393525,0.257422570874658,0.259007582406214,0.137438460888793,0.174014786103043,0.178822814801968,0.194039945999921,0.335130161197732,0.172154041573327,0.219957555588937,0.127262123158778,0.173304857064065,0.204828334114889,0.112167277228903,0.15833677294857,0.171784461299581,0.159716886255709,0,0.162939164457708,0.212702541366835,0.25811144085628,0.209772472076425,0.215593608695154,0.180415192841276,0.295793937251603,0.0959259565930441,0.167151282059586,0.198438344382216,0.244444212113819,0.282491979713093,0.124787162605787,0.216115859390379,0.210928354216722,0.324915721590795,0.211496439497607,0.183633449549502,0.198318654249298,0.229583137579452,0.229790391764376,0.0664577620936383,0.191809858731974,0.242345258731176,0.184180222470143,0.141813097025762,0.181060397692801,0.16500599873329,0.0847594358257758,0.249833878742001,0.160027165474558,0.249465638507087,0.303348531481446,0.314984026290677,0.268055960989355,0.31669457062151,0.220434688890672,0.151206336047681,0.249338070025555,0.210870573778392,0.26521265663336,0.133428878132533,0.224033755380945,0.172483244851795,0.246945366927862,0.244078733645838,0.144133555589245,0.240178074999692,0.218043623015051,0.183682053074029,0.231778462214045,0.293514907653984,0.280891854592329,0.182372046304444,0.242439918753536,0.165091384125418,0.218109466514703,0.249181398108898,0.300392931698401,0.185394297934624
TRG_028,0.21189446418524,0.183341560758571,0.140862092536971,0.198451024416818,0.237726027782937,0.260370716241982,0.0895292359146721,0.263405254557156,0.106559116810166,0.198895105442998,0.248164032623844,0.223533903813347,0.211384779582943,0.214484257642879,0.176790204651288,0.221774279010812,0.205875578965111,0.230480857412682,0.127980976768482,0.110951391513988,0.172795706914095,0.16651687580184,0.199169049114285,0.209580268895201,0.149256109403233,0.138333107236902,0.239316399806347,0.178255033116379,0.217527820939863,0.163865530163454,0.145172599207037,0.152288495360713,0.270673299101847,0.13941585299114,0.165285874445853,0.268137459847201,0.135417864705786,0.19956789516746,0.199495969499074,0.138782064302842,0.198887011423704,0.16232304086527,0.162939164457708,0,0.267860544936451,0.155749166722017,0.152748180182749,0.161458411365116,0.0538237358233212,0.166897086305223,0.182999289991443,0.125957190455585,0.20579348921352,0.198744058662607,0.204822428464555,0.168287849743734,0.216120976665831,0.246561517418754,0.222305101593872,0.215995905484988,0.124799903716684,0.164947308023498,0.178138649697448,0.144344402646508,0.209642760649971,0.172183615448276,0.190743551619221,0.166354130551764,0.146029581776914,0.149687229009337,0.223286292198948,0.298001915185466,0.319590985747299,0.157636276125302,0.202479166816782,0.259646811766211,0.185941980506885,0.147103832941349,0.22993855736056,0.270726177727133,0.196179359385151,0.232149385841824,0.108212715219671,0.174778647577758,0.207350387939811,0.22034474749625,0.0820421915488231,0.181423068238589,0.277706573348164,0.202666808240357,0.203944878011189,0.224996024509318,0.335715812912605,0.144325665771108,0.14584854287143,0.23079023012199,0.146603656643987,0.172057250938541,0.108674027780593,0.15136677848964,0.140953077301888,0.220932930515778,0.259793097836229
TRG_029,0.126623094527451,0.274397706836214,0.312991133122544,0.284729891140374,0.179266399913582,0.310071348902937,0.15644389155957,0.363145757388836,0.24808866373741,0.16161242861345,0.272555306610879,0.190115081467681,0.235097536257344,0.130504401616188,0.266710463567015,0.197702291506439,0.165918113232848,0.0945258061120038,0.214136678029333,0.301267933727595,0.243944551824821,0.264842935448332,0.195120174874289,0.275193017515479,0.323825095025225,0.186902043717213,0.122291502027497,0.246911055930776,0.209502776959405,0.15122441796846,0.207743542784445,0.232901342268431,0.207711794417975,0.248298275392243,0.236733017292188,0.336827475385871,0.220938878107424,0.273721145408077,0.15382456513176,0.218730039412947,0.141009795204206,0.169055023060423,0.212702541366835,0.267860544936451,0,0.233282405825196,0.214167944802442,0.245269730096083,0.244157300956049,0.222978464358595,0.1949319882496,0.233562415360862,0.146437300237727,0.217461870985739,0.303257568046358,0.179110707497511,0.107864567450433,0.123046865812252,0.234915262954809,0.225754677323737,0.21609865856825,0.243280286634516,0.227569814941596,0.251513311076985,0.185926828847414,0.261945408982695,0.203251506863503,0.227116658592829,0.247484654869618,0.226985560982728,0.204479688231466,0.230592281145463,0.250411374823954,0.282884383960259,0.366793972112831,0.254185004353727,0.263163233352038,0.153323615381574,0.229968862610829,0.202714850926056,0.265341653280324,0.148682334691864,0.198028387022506,0.273598737578464,0.244538406640041,0.192154193079547,0.245315311941074,0.224425494321017,0.194321962041878,0.260767230799437,0.172573118762083,0.25143250810141,0.11333201046569,0.164556220303397,0.141647193550078,0.178525126823938,0.219323008137533,0.252206457041382,0.2629923802208,0.201414873076046,0.274202978053841,0.147099286825554,0.277011038084929
TRG_030,0.144591500660436,0.142409319631978,0.180058944766346,0.113088990592499,0.257477040902625,0.186648824494759,0.158840066048454,0.199189726467187,0.236417083168366,0.194320056690646,0.160340465113433,0.150827655034477,0.197915091171193,0.217527060686265,0.130539792916048,0.279943047855277,0.179708145204193,0.213688707869606,0.105812267769812,0.163202051539938,0.0702942954690773,0.145063396404685,0.30390066964876,0.285249845082154,0.153576710972711,0.159286993677111,0.305540677234093,0.187159136840025,0.249007327996278,0.192769046794884,0.210743894684937,0.161762962644255,0.310231126455683,0.127275448027384,0.1209946294241,0.165543079713689,0.131468257817779,0.237768755390905,0.21337272571849,0.237096814695172,0.155278344256083,0.219600817004683,0.25811144085628,0.155749166722017,0.233282405825196,0,0.189434470103941,0.18433130439914,0.149876898269447,0.0731669811190353,0.213976722580338,0.212830423872207,0.108324887617489,0.0410942782696061,0.0636047260721396,0.206557090578885,0.262287284926635,0.210490087497819,0.0860435603773929,0.172824407202156,0.137473311029361,0.157441234819868,0.237922966566858,0.116669247390987,0.187429456728305,0.31323497814774,0.168722642052116,0.17997114050386,0.143795152593238,0.144566581642026,0.162126694947972,0.276397307238516,0.277738168559542,0.194686501686124,0.13290577856494,0.34079043852104,0.11140899959312,0.12691089390373,0.178089289498297,0.228986547484946,0.142579442849361,0.222266777803716,0.215259160665645,0.0833320666100539,0.239171055614837,0.148840034215765,0.152395671094348,0.0608813348016911,0.116659438136469,0.2374313722728,0.140127685196465,0.260227976123162,0.329201973448038,0.139105092541126,0.143494030045226,0.0902257578145099,0.0709131476792303,0.199154895231106,0.218291910421797,0.258056804481614,0.236490235444229,0.226385802588725,0.187882933622083
TRG_031,0.170152044948313,0.171941234023349,0.263184432033714,0.203511265019356,0.180451445378118,0.106854652150897,0.198195536723547,0.159076178734381,0.208976372437236,0.126058017397599,0.217759591697452,0.188805930262313,0.131418821920449,0.175417606774002,0.182713831083524,0.200723766544478,0.157020852168513,0.129246493639527,0.136614885214482,0.201522275471354,0.205615765740672,0.188872522038996,0.27719447779504,0.287367284497421,0.176416260545423,0.105400202383269,0.20800383118948,0.16402224997424,0.244835739339063,0.183615709184633,0.133725744061533,0.114050326513255,0.192399873446108,0.121744197617943,0.159379210682496,0.1949025772375,0.185087159654325,0.14673229897888,0.149107293337362,0.200016659084545,0.162740720355361,0.0966872136032392,0.209772472076425,0.152748180182749,0.214167944802442,0.189434470103941,0,0.214244323860481,0.0966042242078747,0.163379069682469,0.112112730485619,0.174622271975762,0.127761837197926,0.16867272376606,0.154922766821756,0.246277450919401,0.201694852423763,0.120021379956205,0.225949528436792,0.169775540228867,0.204093097858946,0.105017322136103,0.25723053788332,0.133111527940406,0.165206661042188,0.212530463724076,0.105707561288338,0.199323852423599,0.22116397743021,0.223900116264323,0.210256099405839,0.234265928515009,0.202406865448464,0.191631135006743,0.185949741901991,0.216526338268364,0.123594675192628,0.185875579133121,0.183068937636618,0.201292308508833,0.1817515676003,0.242651165121667,0.227460368563471,0.206405995030006,0.207103646666921,0.0905203817424268,0.158659029857986,0.150815340787719,0.161815676270163,0.203517920169451,0.12716849581053,0.102015598088018,0.311739230746674,0.179529545304365,0.146687301483519,0.217192008564053,0.166199158893276,0.152221120488861,0.18067570247312,0.2405505971154,0.24298923585583,0.178849083453834,0.216231470276344
TRG_044,0.182515667736231,0.171725088748712,0.256555015158986,0.191094818885084,0.181788589213403,0.239259981304134,0.225143587737084,0.257326625358542,0.151063924578296,0.179770266330069,0.191616912985309,0.239260748373361,0.179927944205957,0.245552303988371,0.112339692396846,0.171093635947164,0.164969963438882,0.278333957609113,0.165223973912299,0.21321779922006,0.159602648668928,0.182049433154956,0.344551511993919,0.295542111975773,0.285691579226084,0.15928507884226,0.311221119191527,0.199369259349788,0.293344326031569,0.123585184635354,0.180944548434747,0.220739864740485,0.264672325354625,0.146952538245074,0.256920795910946,0.173157990349166,0.215687924472215,0.203727513636435,0.26335690230382,0.164779373910577,0.235204383720255,0.229548514950863,0.215593608695154,0.161458411365116,0.245269730096083,0.18433130439914,0.214244323860481,0,0.117551344243542,0.166864620704018,0.176487885628902,0.0803946794281757,0.216199535720701,0.16067123391995,0.18611343053387,0.165334610953782,0.135469326883244,0.201287716306711,0.161656741303365,0.198605223233372,0.13901759026295,0.296543135758652,0.250833113165694,0.0654602898670847,0.135273967923232,0.231298075118688,0.1429670314012,0.288793953849927,0.146135171895456,0.0666721026996453,0.204725222830958,0.174152020381375,0.245456473297396,0.287112802036316,0.153659801609014,0.2327664814175,0.175810650384379,0.160587155697871,0.249124257092844,0.213628874044416,0.271517956274677,0.338274407565242,0.184515206649225,0.210475844712683,0.133237973287353,0.173237500922665,0.0841216455663933,0.268721173802614,0.211281350816038,0.114545960064143,0.206714172003609,0.268433261290987,0.313815427614098,0.165949437049216,0.266546154903366,0.160950653042511,0.186207580235804,0.291130908038132,0.0782084320378867,0.104510538507399,0.278533350556796,0.0696920146469601,0.281957726001585
TRG_048,0.20997876150241,0.0826839393790563,0.148524478321439,0.145770207929923,0.189639696807479,0.116294158173185,0.0911278105230741,0.1334591436552,0.0962665694964894,0.158679746775998,0.141738693876461,0.198624089355939,0.201588287700413,0.240501330445138,0.0796612651631948,0.187138196908362,0.181120902007219,0.160681521022216,0.0930978538289414,0.136004304331042,0.15191497445132,0.131096717275644,0.243929429845442,0.222096299848547,0.140095256514561,0.0656957387493486,0.266687321115965,0.189015553549745,0.197585986026307,0.141300129674924,0.0767718567326611,0.11644505572744,0.236658710777525,0.0670832282515734,0.159646051359852,0.164965233894777,0.109530941232814,0.131189312936699,0.146121066699407,0.139598893926037,0.185725511590587,0.108276083673162,0.180415192841276,0.0538237358233212,0.244157300956049,0.149876898269447,0.0966042242078747,0.117551344243542,0,0.1729230155422,0.181389942315999,0.103232370601831,0.191814583053517,0.134939594781686,0.144084808087632,0.176047980600723,0.19979477005597,0.230644162412112,0.216489341920929,0.1931371316967,0.159559810472091,0.173707773473733,0.124753233553386,0.077579532754574,0.136737860778941,0.202556680837901,0.229054228518812,0.200977661296751,0.0986457505942774,0.0879542427689062,0.175426287115736,0.229172515743248,0.282992632109538,0.177697514291386,0.134955408704118,0.289475457438255,0.172646132562649,0.17377787363065,0.181412979998207,0.223524986363959,0.191804968366017,0.25580362669775,0.132917268672938,0.181105148839731,0.170455900183848,0.210723373197747,0.07525328421819,0.189973230224863,0.247948347282294,0.164936299522399,0.191609170078254,0.110963362238649,0.277415248320285,0.177139341419462,0.1670658547608,0.186397414165432,0.108421371715655,0.221573251571803,0.0622732570320906,0.114573862948102,0.1606765230324,0.18722363215157,0.264611810701948
TRG_049,0.176416454444117,0.204389365202691,0.281776588983264,0.0950754734935438,0.264110557679877,0.190428973682312,0.217349041578339,0.266072012732974,0.266144109730795,0.213001108586634,0.197171790935927,0.220139636666029,0.151223363541071,0.203146573380914,0.158137947667569,0.229357927856707,0.1492939573452,0.186992744871712,0.0951933499967854,0.245799322182304,0.152488845350107,0.178589691684287,0.354218412741463,0.309447351850018,0.164434895190813,0.203837531349839,0.290665579149427,0.196005904329382,0.264785451294533,0.167553165953529,0.250332691276531,0.232459416216753,0.253242563453629,0.174757349850922,0.217647167505458,0.223763204302301,0.151581982126148,0.285110176560757,0.216475675279848,0.294575787419562,0.136029016127699,0.217551051085558,0.295793937251603,0.166897086305223,0.222978464358595,0.0731669811190353,0.163379069682469,0.166864620704018,0.1729230155422,0,0.206223805356992,0.202100753957636,0.115773066530627,0.0615297408619083,0.128160705763107,0.219421107555283,0.218713804183835,0.200438712966011,0.0603748694613691,0.163813575508867,0.135013726164634,0.233137014019132,0.310388832689476,0.106308316726706,0.215396644246682,0.277216756981711,0.146540246735644,0.246217932115925,0.202887943874985,0.160991366123803,0.154794375290263,0.286587894053407,0.222827107068584,0.220643117314261,0.185938582738293,0.230275193873766,0.0434790401043204,0.0583163186191077,0.131901172657269,0.190906509813144,0.142913330163388,0.290140780455069,0.189333184551662,0.0565709090177787,0.27139711376213,0.148432585238448,0.14256829509389,0.0688130273851333,0.102668361197387,0.195772917779968,0.111805734412646,0.258409447804525,0.260873650972239,0.133885141298532,0.108933287075059,0.0552135643093637,0.127459143816454,0.121841005535331,0.186561123479253,0.260663550525237,0.251604599025379,0.224687789060669,0.213920490269506
TRG_050,0.141403683772058,0.196380341141388,0.208482459961658,0.207052711421405,0.166272237750744,0.19550876805342,0.200928103671364,0.185692618248263,0.217205480070944,0.142255696761607,0.228775718209061,0.137103284343772,0.202147731208849,0.142715649186811,0.2170373382011,0.181096338932496,0.162682206065702,0.135958438734391,0.169799798404403,0.165912457026232,0.226697226049399,0.112030187185528,0.260156181810733,0.201683012903478,0.166062446816325,0.184782550352945,0.241498346691373,0.187439310865156,0.260546285995563,0.165330068911336,0.149368350238571,0.11107069455733,0.266177268187071,0.217995094895579,0.201468325282375,0.122998646369648,0.152261338004919,0.116506863682909,0.0831280854075162,0.19334212870374,0.178680968278459,0.055159513170147,0.0959259565930441,0.182999289991443,0.1949319882496,0.213976722580338,0.112112730485619,0.176487885628902,0.181389942315999,0.206223805356992,0,0.123409651613959,0.107409276083258,0.194432099251514,0.207382537752477,0.221872984137947,0.212142474914909,0.101190140998915,0.237490169259951,0.083117437484547,0.196215384267655,0.18811134559232,0.220819817194418,0.19181467347136,0.0985750168110503,0.173003848125608,0.126893838076937,0.180566585122024,0.224820124113416,0.181933465491519,0.185245602750263,0.0777425046090866,0.232274491406983,0.130138254015542,0.142620353014134,0.256911915638676,0.25608034720627,0.210527158881928,0.2140598604301,0.221049178722872,0.068686327766572,0.265193206012259,0.212977126005113,0.202031215856637,0.135334616437111,0.133962513323649,0.157820999686498,0.147400365091784,0.188057894200796,0.181929240527524,0.192178846439797,0.135174823119031,0.207968525877493,0.162400622137683,0.141136082900588,0.242618987799642,0.171431757621103,0.254472638530202,0.183483948609964,0.214517722861756,0.228147261590884,0.204411048334644,0.162050279867215
TRG_052,0.113852016783079,0.205299428193901,0.278682672413993,0.251373296710171,0.1763749757504,0.211911779524634,0.21450005156381,0.187924058778083,0.136684764401959,0.201015882096234,0.243114630835161,0.15694272323829,0.192381417893543,0.115118255620863,0.14974105639016,0.202003464440646,0.155066505449374,0.203779146431109,0.240771844070775,0.193435969098944,0.226973222099755,0.240304833477885,0.258717196855747,0.264511282685009,0.216347077074902,0.114435028522432,0.254773237128815,0.231180116490786,0.194958437457294,0.0987821847593051,0.139305466236164,0.22675389935581,0.187167439970747,0.117114926621379,0.195984545112642,0.135277660832357,0.161941522537381,0.123490038350865,0.252467463493672,0.193441870140328,0.247297549267266,0.158448155177691,0.167151282059586,0.125957190455585,0.233562415360862,0.212830423872207,0.174622271975762,0.0803946794281757,0.103232370601831,0.202100753957636,0.123409651613959,0,0.163254387295258,0.192923567685716,0.200084160762046,0.232050345215183,0.167724000559849,0.150470908210995,0.225487325043417,0.155120894450537,0.189773424360894,0.221358282494045,0.206931253164942,0.0962438925385473,0.1500197617357,0.228562880993117,0.186094178155771,0.271853559668905,0.199542433842979,0.0933186660066204,0.189010975332896,0.193404309689662,0.193885348674584,0.158448374919455,0.127566227854525,0.155167155088718,0.207375991258203,0.137885768424466,0.278773276714539,0.217101234143743,0.218067181807739,0.326478899666697,0.175970864774712,0.229410111463685,0.0686113128199776,0.140569943716389,0.0380838433304964,0.237689098414987,0.258010320350035,0.0991409391084582,0.199055213997012,0.269073730245886,0.290161091449661,0.187276370888046,0.20902433292246,0.196921462460938,0.18204802511148,0.213516597413993,0.0715417219577571,0.177871323882272,0.150137620017146,0.174798519440446,0.280462878547062
TRG_056,0.0464209054868929,0.184699534812142,0.209272480389252,0.176587892399878,0.170612178807171,0.256638698381415,0.198184209850324,0.284444927071337,0.224528102110093,0.219451093322814,0.177565078553779,0.0927820777476575,0.187138769402531,0.156402883993655,0.255081476253817,0.199556220303357,0.124215267835254,0.171718106118776,0.138458741789039,0.178930473109586,0.133785344246808,0.17580018456464,0.282950663720226,0.261981253984275,0.242075155758627,0.14284210869649,0.233879195725369,0.252460515580924,0.254563273750259,0.177070991160459,0.17009087334163,0.254612885141561,0.221977181692429,0.214223184804065,0.142984812777554,0.274341255302727,0.218686444769003,0.135890650529207,0.154679762445322,0.261670246071235,0.141666851072864,0.108923719190853,0.198438344382216,0.20579348921352,0.146437300237727,0.108324887617489,0.127761837197926,0.216199535720701,0.191814583053517,0.115773066530627,0.107409276083258,0.163254387295258,0,0.11191424998026,0.213624392230474,0.246571756990941,0.174774911000677,0.0847164508563615,0.1664051193923,0.165078148474922,0.12718656821498,0.134104152923986,0.294111104322442,0.14390454525175,0.208690658092632,0.279252749322981,0.186907490288848,0.173647337847903,0.210309002942695,0.246165597690447,0.23347045863572,0.144092357822939,0.209170772167734,0.198963063545188,0.288320325017652,0.21197914324965,0.151608810751763,0.143378478626101,0.177993148823815,0.235143439866193,0.100306288303185,0.174368092228455,0.219169241044341,0.142685221115785,0.188463176130832,0.0495345473026463,0.191653351260979,0.0533952101334735,0.0943946331375504,0.198873645978425,0.107574323212357,0.2070672881352,0.253767865909672,0.1387466699212,0.0863337409672406,0.146139765982842,0.120556721524561,0.165859953298909,0.199297215931751,0.207809783075546,0.23800299969163,0.187906246204842,0.221728145743347
TRG_061,0.13691046535353,0.1624468194936,0.164065994928888,0.0694426353197538,0.232023954209585,0.170892009697928,0.133958907249696,0.182862552528685,0.172138216382408,0.160365343760387,0.122905255483397,0.186313091817979,0.161364856089929,0.177866610966484,0.0824258815406825,0.175293748149758,0.124140131659359,0.188767710238232,0.135817480773624,0.178550925901576,0.107426212820825,0.15466389651635,0.299088455834292,0.265270933870115,0.193283793615127,0.166442084176718,0.229466502425251,0.20020827686867,0.233326653836387,0.168683912896546,0.150993830423222,0.163208224878899,0.311363666516255,0.116708377978044,0.153344881689092,0.150740007805715,0.140757973479515,0.208081086204706,0.14864217954948,0.240494484720093,0.141396891017156,0.182116569354892,0.244444212113819,0.198744058662607,0.217461870985739,0.0410942782696061,0.16867272376606,0.16067123391995,0.134939594781686,0.0615297408619083,0.194432099251514,0.192923567685716,0.11191424998026,0,0.0762903687693061,0.203582716128866,0.163830054263967,0.166469768293298,0.0368272774630819,0.106104848273077,0.143886349477153,0.180742132389725,0.216884079901151,0.0916546179173164,0.15562565313596,0.272942197032269,0.118746114282274,0.163112348242665,0.0991615411334951,0.118506195772182,0.149593514395876,0.274772606615668,0.247608106690947,0.222914295268233,0.124897983248191,0.323049647581404,0.0955250225715903,0.0698183333268313,0.186913090375847,0.161566124653891,0.175742431966982,0.266893623751474,0.20765222064809,0.0481996712590028,0.18413195913039,0.125071875069627,0.140777173164549,0.0784660141375836,0.0670068723437063,0.177974777784208,0.127426073413375,0.217461417415822,0.223979799918588,0.121695997002711,0.13534220749218,0.0415124624220239,0.044983628566165,0.189195308950779,0.181186212810708,0.204981695876275,0.239930285124949,0.179540015053223,0.155293270501122
TRG_062,0.240514527332804,0.134209999139952,0.227098872766806,0.0927196320472047,0.235613941567348,0.167568026151436,0.202187501103772,0.201471159243107,0.275768730969934,0.169483633360646,0.14647431007128,0.253829852493296,0.248460264711485,0.284298062875298,0.148924192001745,0.215049115367016,0.252063100943933,0.21127139053331,0.18165433687116,0.225885446395878,0.118903977216708,0.219169606915436,0.396280464399663,0.344081086803842,0.162633814489079,0.157383707999915,0.293392072243249,0.186982089656864,0.33207869524146,0.205705423448407,0.206307767828776,0.134164025876456,0.303084502092574,0.0974884127183177,0.148955473249138,0.157307210978683,0.170424613432029,0.22572555244573,0.240057905959571,0.268209557430608,0.211380629696274,0.2029160855106,0.282491979713093,0.204822428464555,0.303257568046358,0.0636047260721396,0.154922766821756,0.18611343053387,0.144084808087632,0.128160705763107,0.207382537752477,0.200084160762046,0.213624392230474,0.0762903687693061,0,0.318068820167118,0.266775983973403,0.27552204447245,0.117099915452867,0.18586956195286,0.248334446898775,0.129502636603946,0.284460856618252,0.163875489890357,0.162484968456558,0.275262718558218,0.152948661660846,0.259760690412501,0.171466250887291,0.13445697728463,0.175668863165321,0.334844991716242,0.335233299650156,0.258350220402681,0.0920875099918473,0.38372953800375,0.130671242841575,0.188335333414876,0.167318877183403,0.239878007453166,0.21065047768415,0.299553196460938,0.247479486816274,0.126805694599697,0.242460827745237,0.228485282201008,0.164991328908193,0.11089077277541,0.223410594548315,0.236294677601245,0.240576263808829,0.249273213166979,0.389524868434544,0.16630628562034,0.224039378518057,0.166005537121681,0.122389231157031,0.218947241103952,0.200697891723653,0.245534736877984,0.222673680584289,0.264359901475117,0.278929395214689
TRG_071,0.283652448578022,0.263727308121052,0.189723368334516,0.28040582884272,0.128647437182164,0.326310375986435,0.196039553057601,0.333991993934513,0.138038254048311,0.183577487579273,0.240895808096046,0.266505577749248,0.221067516672276,0.281815360906424,0.179857487633403,0.273069292014711,0.133073983114292,0.220688698084598,0.123062917545369,0.172182499790159,0.265515442837548,0.0848469321938898,0.334617643187681,0.273490121214929,0.320696103081657,0.212004589204934,0.199923033161462,0.318801292273522,0.178816270006131,0.147468918199213,0.197457285035545,0.244178794042249,0.309637070238829,0.263485440759303,0.249299656206771,0.268936263150743,0.26323187179448,0.309189077365004,0.270226271274242,0.106896751382744,0.269684725280801,0.213051209980242,0.124787162605787,0.168287849743734,0.179110707497511,0.206557090578885,0.246277450919401,0.165334610953782,0.176047980600723,0.219421107555283,0.221872984137947,0.232050345215183,0.246571756990941,0.203582716128866,0.318068820167118,0,0.19826110539055,0.215627220237061,0.190266501371323,0.181260369536479,0.0904438951183973,0.262600959309144,0.29994460023721,0.131446350130734,0.139271540423203,0.204967423301446,0.171694634682984,0.263076692585136,0.125958287155916,0.178973359792827,0.218457752787657,0.189949616767178,0.317992215561231,0.292142512156515,0.288132825451716,0.382528118224762,0.322084928232451,0.178174502012473,0.300711484806015,0.204876566824416,0.239847243910039,0.402350753295614,0.0865393234113913,0.181662840507461,0.277535878597875,0.239360786247985,0.223416859452764,0.293926679980445,0.192187397191015,0.204091762451357,0.204850958651969,0.212291656451245,0.263887558091122,0.193163701206548,0.297384664101776,0.226508844305728,0.238776627271441,0.295194783465082,0.152144587562022,0.171909842675288,0.33285088665011,0.12338343994898,0.176711090751061
TRG_076,0.159994764899631,0.29633234426437,0.249497274456445,0.224486936976268,0.25576133596301,0.338732046511898,0.169932788691203,0.35397515252499,0.145828660336529,0.172072397964273,0.224865481122777,0.157704899858578,0.244755677833771,0.130026247897275,0.183940873360205,0.111425308670884,0.225133641608454,0.241062953956245,0.307076386683822,0.246599576549337,0.26585233336227,0.21211012148572,0.203586696737844,0.190922812462653,0.33191494800294,0.262017865782091,0.119199517128854,0.312351663646554,0.169708410422211,0.102368278492056,0.179706898536792,0.269635475536027,0.26543959086045,0.209041622376453,0.249403638641709,0.290895253050306,0.247422373358219,0.211916247044127,0.201185441363886,0.135979184406584,0.181825781325867,0.244977591690282,0.216115859390379,0.216120976665831,0.107864567450433,0.262287284926635,0.201694852423763,0.135469326883244,0.19979477005597,0.218713804183835,0.212142474914909,0.167724000559849,0.174774911000677,0.163830054263967,0.266775983973403,0.19826110539055,0,0.11346991947954,0.203792904485535,0.17960948701397,0.235833556465903,0.219067836475392,0.235238369638987,0.212287830484658,0.207758945641577,0.19950767361537,0.135524101989094,0.234667056049883,0.159588651447574,0.114931661659178,0.179905819909381,0.250250472453051,0.167465879580306,0.280586964858132,0.267335847597333,0.158991305364956,0.263900474858627,0.152445591008484,0.329479632830305,0.145904437282033,0.283276329316893,0.153915698560772,0.190654197702513,0.2009047727785,0.101743236945204,0.172750512694161,0.177607010908918,0.265250641126241,0.22656916861446,0.142767632856911,0.17667627800948,0.27609316679643,0.195691768277666,0.243247956816528,0.192308113814208,0.126446525111353,0.183598912213075,0.201623891315991,0.131983005232239,0.107852294349698,0.335100521061426,0.0883996827205712,0.254537229558227
TRG_079,0.0689615433084226,0.296635736063908,0.150057107639328,0.229765613400075,0.202875326735893,0.239083235243782,0.129403224543192,0.252216801660152,0.178702346117217,0.220373039543281,0.182754953350886,0.119048705351507,0.165756593930905,0.103094291440838,0.222159133612966,0.19003715094244,0.141516635220421,0.176801576821601,0.247078877124014,0.171597136646235,0.224515538093288,0.224179421051839,0.212370695728651,0.196879545827909,0.253663211977884,0.211259254631793,0.0950189941164722,0.23429017952498,0.173015977225744,0.139777924502631,0.14327040168165,0.237658725578933,0.202485650912054,0.241658896582092,0.168785046580586,0.252469642678759,0.179173988655168,0.139234484773297,0.182251805891279,0.255166025334433,0.123311335337752,0.115575095749617,0.210928354216722,0.246561517418754,0.123046865812252,0.210490087497819,0.120021379956205,0.201287716306711,0.230644162412112,0.200438712966011,0.101190140998915,0.150470908210995,0.0847164508563615,0.166469768293298,0.27552204447245,0.215627220237061,0.11346991947954,0,0.248620636863547,0.133432070033412,0.217551108848104,0.1045969656257,0.263124656642056,0.190338913550485,0.194162702573587,0.140648291792898,0.0888245175809573,0.0777424931756912,0.159386207152278,0.216610652712755,0.222317641284538,0.172295957629343,0.151438334714553,0.20632566936083,0.200561901558129,0.227429764292471,0.228365569470133,0.185790845578513,0.288368477179818,0.191242653254221,0.180057689209234,0.195405003717579,0.176384936432085,0.213229193935367,0.185592671489395,0.0616414368841919,0.221217039158171,0.168478719407299,0.0964018268813206,0.194072883600564,0.111302292305468,0.174963669543003,0.234523986392293,0.189829628874375,0.142550527521439,0.180321716569242,0.122798436221227,0.203159619027167,0.19504768998997,0.187648440528259,0.324550719812632,0.126650730777769,0.152563515936983
TRG_080,0.222214702829924,0.214569850158509,0.302954322313842,0.106920239752342,0.275980543415108,0.242096374416634,0.229718280415927,0.274199284126385,0.276796850032339,0.264552453994872,0.215445932938828,0.301677170859509,0.24896377340467,0.226658827636892,0.158520535473371,0.22838343388558,0.145987912928727,0.192045065730661,0.118307994512555,0.30091488069455,0.143119137389101,0.179434364075261,0.375415259822154,0.341500119632567,0.21205230816599,0.213918373937336,0.305665162929632,0.260023622581351,0.356633800217494,0.17988820164091,0.24356234122418,0.216259860487682,0.356557370366323,0.195214095300065,0.25831845083212,0.20651683168892,0.175952374941561,0.275406449801725,0.190270581214615,0.288034103983149,0.190534740257526,0.246795241013886,0.324915721590795,0.222305101593872,0.234915262954809,0.0860435603773929,0.225949528436792,0.161656741303365,0.216489341920929,0.0603748694613691,0.237490169259951,0.225487325043417,0.1664051193923,0.0368272774630819,0.117099915452867,0.190266501371323,0.203792904485535,0.248620636863547,0,0.0979694093487155,0.178359592735376,0.2229516766822,0.295917097676374,0.111963897385813,0.206427013731898,0.241289993777083,0.132939253203663,0.244349779885943,0.216477813155846,0.167004167825897,0.22583381690796,0.293094783213755,0.304608082622927,0.282519004833555,0.154404874234572,0.346687346060397,0.106245207482064,0.0577620769876656,0.142833942371133,0.248016789784674,0.201983144715805,0.317401012728896,0.178185485688361,0.0800302654237388,0.244356909968652,0.203086286439512,0.162917953537453,0.114870285863698,0.10913797205406,0.173614432913986,0.173619415107039,0.273918840470662,0.22437008487657,0.140025380418597,0.144299377724522,0.0467592894550574,0.124962212848581,0.257647573019935,0.199426648672591,0.260812636481752,0.252003505062893,0.181355112444724,0.193385072750939
TRG_081,0.167222445402814,0.274866235490917,0.262848202810334,0.157668935749709,0.302072025677396,0.198921644443735,0.219948042080917,0.170940193310175,0.24084922318878,0.225330150315669,0.21310333549257,0.158956298635154,0.274128642480534,0.194907795535339,0.171030348902383,0.205761005966237,0.178299817424234,0.217078007057562,0.209737522612076,0.255113791877892,0.246297526116457,0.245833330501525,0.328004546540523,0.300994808371583,0.220616400866012,0.261137293763898,0.299415260673232,0.179226788028733,0.259530017039575,0.181788978874485,0.14451289428899,0.170674157047139,0.295202586554527,0.220821639042184,0.227028976356631,0.165970819724337,0.123102818880024,0.105191717468382,0.0837049025441768,0.280824394700641,0.160679161741149,0.126533007998749,0.211496439497607,0.215995905484988,0.225754677323737,0.172824407202156,0.169775540228867,0.198605223233372,0.1931371316967,0.163813575508867,0.083117437484547,0.155120894450537,0.165078148474922,0.106104848273077,0.18586956195286,0.181260369536479,0.17960948701397,0.133432070033412,0.0979694093487155,0,0.158385023224641,0.135586183570796,0.190630857749805,0.175985864072735,0.187790449769326,0.139584089655398,0.0816710168315117,0.22922383910343,0.271978201555354,0.172398883302602,0.204410651849207,0.181146654012775,0.29904232175626,0.193165638287155,0.108869220146194,0.236607370665741,0.220270493822564,0.0949953226239635,0.251827291264821,0.264400660514413,0.124482917266775,0.197841190724736,0.156340351476745,0.109861060583096,0.147598232390838,0.187990189167779,0.192611354995999,0.171083475577001,0.185233109057404,0.209650879723025,0.214894297088975,0.17643827578217,0.188241496722247,0.102926293860821,0.20313636148606,0.10059205121404,0.149442144080761,0.24652340349394,0.209497074560787,0.20090656504716,0.305367263671234,0.144192844693685,0.253656040958651
TRG_082,0.137886608286348,0.274792089475523,0.194680715874188,0.225368494745042,0.203499438938358,0.262203602185955,0.213669060216404,0.27607399137153,0.13270001875192,0.224837474568989,0.226846171249259,0.167432757184362,0.154221678840643,0.217263395327107,0.208419555675157,0.18446985196168,0.147521182859395,0.231603535796736,0.131353160794579,0.146475579447254,0.198150924501637,0.118100664948127,0.313778052148398,0.26705148966585,0.297184498741364,0.198570009989314,0.256046057554957,0.211871765391874,0.271617041767747,0.209370707226705,0.237068638461533,0.177711323420803,0.218615342268953,0.231879801007243,0.191514986458341,0.263564954171665,0.187966295273708,0.282442978716878,0.186431307821732,0.136987369671669,0.130715970009109,0.217855429088359,0.183633449549502,0.124799903716684,0.21609865856825,0.137473311029361,0.204093097858946,0.13901759026295,0.159559810472091,0.135013726164634,0.196215384267655,0.189773424360894,0.12718656821498,0.143886349477153,0.248334446898775,0.0904438951183973,0.235833556465903,0.217551108848104,0.178359592735376,0.158385023224641,0,0.211671619818746,0.299960224857128,0.121510215294318,0.213122647200317,0.196333965847658,0.107504247070845,0.252991972072023,0.189648467625029,0.216008969302503,0.218448159650412,0.234029429781903,0.201840220483804,0.249704257607474,0.250390991965252,0.224559997787778,0.198804876192396,0.133152313603215,0.297148120260102,0.2579544125541,0.198748860898909,0.248181903181789,0.143650184016673,0.122655919119669,0.246287911845323,0.12891853922657,0.167482479544759,0.195655339774875,0.149132820477401,0.154615473129018,0.143856526958478,0.192763427961867,0.232342596310911,0.0792285966598048,0.189579426703475,0.150524470891509,0.17024843692644,0.207523576026861,0.170241177214204,0.179266426493818,0.298335347778145,0.124100915862744,0.240450501910217
TRG_084,0.12290678361624,0.208467812282718,0.153017409404445,0.141186595534301,0.209343311069508,0.144401806352675,0.181377155615137,0.152910795550385,0.197396529497872,0.209397427297248,0.200885252593751,0.134078320557432,0.209690408522383,0.193803553348332,0.180042620176084,0.224685776932045,0.235768577207052,0.164053484834075,0.210176074126284,0.151708524255805,0.168847033932416,0.176656679629905,0.219517790338398,0.247193474751477,0.175135265206479,0.171512924096959,0.2053238974209,0.185707593780084,0.199817816314487,0.197775359425351,0.109842816201262,0.147020979390446,0.267542662193574,0.196533788916236,0.100315094042889,0.208689895151546,0.140228149786216,0.116153094303812,0.166389378002633,0.257163714943785,0.186708157759992,0.130773267690828,0.198318654249298,0.164947308023498,0.243280286634516,0.157441234819868,0.105017322136103,0.296543135758652,0.173707773473733,0.233137014019132,0.18811134559232,0.221358282494045,0.134104152923986,0.180742132389725,0.129502636603946,0.262600959309144,0.219067836475392,0.1045969656257,0.2229516766822,0.135586183570796,0.211671619818746,0,0.216371171857411,0.211077201619118,0.252876317212323,0.204110542638609,0.0922539742578229,0.143282926444705,0.160950465853197,0.257966275709788,0.183994055892598,0.284662562743901,0.256301263709178,0.21323362727242,0.162452109789128,0.27956366544636,0.229791230527327,0.22917329038189,0.274126963293443,0.212878601027251,0.209366375429813,0.178291434068899,0.235500727729167,0.158171828034686,0.230370575245031,0.111054523030705,0.232926026042535,0.169824685385259,0.210614761862889,0.288659502794175,0.152525571780092,0.159903287461573,0.247575814274819,0.16511959059571,0.175127957216426,0.229211868790072,0.166149786738582,0.215218070124295,0.223838692291865,0.286750798259547,0.202182648322293,0.185950998345092,0.193745303250064
TRG_091,0.202677429806842,0.235657857559028,0.235667248188485,0.184978983824362,0.218814004193509,0.252666129826004,0.0924602988200225,0.205798363206787,0.152327783637657,0.23269367468306,0.193741707143311,0.217863549083949,0.26004417430391,0.183137075128638,0.185011130931057,0.190305097027228,0.278400125035463,0.253718670833877,0.323775100108519,0.173291999151392,0.243754359796806,0.265932347855568,0.165769780687756,0.248269443776526,0.258123109747721,0.189145692676564,0.291749131605972,0.274272027674468,0.160746674983042,0.283716327654849,0.0970224101256081,0.25616281565394,0.287734987115473,0.257334458815992,0.224892372349117,0.275568041842719,0.1462095820404,0.130718476863492,0.254632710740162,0.167594595815994,0.246341023521208,0.214631901665423,0.229583137579452,0.178138649697448,0.227569814941596,0.237922966566858,0.25723053788332,0.250833113165694,0.124753233553386,0.310388832689476,0.220819817194418,0.206931253164942,0.294111104322442,0.216884079901151,0.284460856618252,0.29994460023721,0.235238369638987,0.263124656642056,0.295917097676374,0.190630857749805,0.299960224857128,0.216371171857411,0,0.228218755966191,0.283729078254089,0.305155871401828,0.285585622999707,0.271968716562843,0.220021104694361,0.237568972430395,0.296645406395675,0.26203239640095,0.303223719801547,0.168433232216049,0.209146585162172,0.330530108993192,0.353563378243901,0.205311081142564,0.360170338097534,0.236212629124604,0.263281026794348,0.160293061621683,0.342480969134291,0.220508312584592,0.244014808970167,0.296443200780698,0.202656777311444,0.282048999830157,0.283097562397138,0.288503371906803,0.302564339804056,0.223108426412766,0.33446343998815,0.248783286589512,0.212463553044059,0.251024527660434,0.148208723949202,0.278936817031039,0.180803633118948,0.182457526243967,0.247247976059,0.251191515913928,0.228151017569071
TRG_096,0.209036392549698,0.117961939111087,0.217899884457564,0.177412566068676,0.143402313630343,0.154003469586015,0.212251562137906,0.159467025878949,0.137018890452104,0.162767326331583,0.156687084341746,0.190047760551706,0.128453290083471,0.190681240904921,0.0708123608272656,0.219206912053282,0.0966605052305051,0.173633431141042,0.0930660782832264,0.158243307314534,0.149413220256896,0.100936169624809,0.310903399874939,0.329375078526366,0.199784526096731,0.107131258371357,0.24972708184397,0.185589327030256,0.241455691718996,0.10138600387864,0.132883970219726,0.236141765196055,0.261756699074418,0.132803730367827,0.200881618652978,0.154277363111104,0.196607745016529,0.173103360798462,0.238180889695175,0.151581271818951,0.20539856996306,0.143257311156938,0.229790391764376,0.144344402646508,0.251513311076985,0.116669247390987,0.133111527940406,0.0654602898670847,0.077579532754574,0.106308316726706,0.19181467347136,0.0962438925385473,0.14390454525175,0.0916546179173164,0.163875489890357,0.131446350130734,0.212287830484658,0.190338913550485,0.111963897385813,0.175985864072735,0.121510215294318,0.211077201619118,0.228218755966191,0,0.129231975435962,0.249945375675172,0.164332352890172,0.244546156915541,0.112468452432048,0.0684764118273696,0.178852811001904,0.202559917350986,0.230960960078302,0.179152940844247,0.122684760134322,0.294463570945032,0.155062689900589,0.108278470726445,0.216681710853074,0.192323641697921,0.159465422142988,0.334206078664853,0.166688077104712,0.126080155023869,0.173377145785205,0.150456661182986,0.0948600672560914,0.15867850718194,0.118159800245821,0.128350844607096,0.136445819925102,0.181046936075045,0.279218504967407,0.154804374153886,0.16154064199917,0.117938657782862,0.154686196409331,0.271406630617547,0.0542007431445355,0.164278986110422,0.206083861399943,0.12502310328989,0.197342835647373
TRG_100,0.217944922101362,0.177099998654304,0.256125404781875,0.214037236247153,0.0869553426469131,0.148598044572683,0.187779290315223,0.193926067687818,0.250403531269699,0.10095321821004,0.215651194456255,0.223514083440377,0.195889065274551,0.208357435579015,0.148815367587439,0.145009164084183,0.0908549878883216,0.158804831185536,0.163794110288272,0.205535673115792,0.198673771018858,0.167579741840656,0.33455506992936,0.174726507115517,0.259374276819863,0.0925352739040014,0.257474898717952,0.245042954761158,0.189832382512756,0.105854522443125,0.184802660423442,0.160425075342414,0.29792008508665,0.111842014791266,0.193373442242314,0.0943240595608472,0.150616221736673,0.24091397754365,0.123390560906166,0.183698074715767,0.172554028334999,0.143866041448172,0.0664577620936383,0.209642760649971,0.185926828847414,0.187429456728305,0.165206661042188,0.135273967923232,0.136737860778941,0.215396644246682,0.0985750168110503,0.1500197617357,0.208690658092632,0.15562565313596,0.162484968456558,0.139271540423203,0.207758945641577,0.194162702573587,0.206427013731898,0.187790449769326,0.213122647200317,0.252876317212323,0.283729078254089,0.129231975435962,0,0.266005672877315,0.191343299134703,0.220580153461583,0.166207017846756,0.097842060015744,0.098338835690436,0.0985694917672978,0.288296295948222,0.257941102602702,0.168333897673159,0.319391101384284,0.187450005289017,0.189608118114183,0.220608811963475,0.244730061553935,0.204690184760066,0.328644595908068,0.172222857939065,0.203901005272618,0.166235154064799,0.203874123475285,0.130248331322499,0.257169896480711,0.184633973987959,0.142640124412719,0.147930971405439,0.236464023968072,0.191526557614078,0.209681700187501,0.252699753384933,0.213220118758286,0.166280082066944,0.193857980153894,0.144915398959054,0.178758214297874,0.271464639205658,0.212333262232769,0.192662908259996
TRG_102,0.224987923878169,0.262825524208066,0.181484525222477,0.243625210106788,0.247279377221583,0.2441375197641,0.200587172622218,0.313076980599134,0.192589120127352,0.233019774419441,0.217360449012616,0.242329289330192,0.267497032556055,0.204976189051924,0.225261525758678,0.186217977674856,0.249588083956976,0.187273314054634,0.249742195904882,0.23760098989311,0.355018154170022,0.137358574862911,0.320925925468394,0.175661657796103,0.21641433634313,0.251076896425802,0.211665892746287,0.162968410109902,0.215947649399218,0.207175511150375,0.162324631992787,0.195855196024519,0.335016447891417,0.242396287056165,0.255760444871623,0.261639321582309,0.178103184512238,0.23365047759313,0.184284331251255,0.241830635240841,0.216917860423083,0.222811759588265,0.191809858731974,0.172183615448276,0.261945408982695,0.31323497814774,0.212530463724076,0.231298075118688,0.202556680837901,0.277216756981711,0.173003848125608,0.228562880993117,0.279252749322981,0.272942197032269,0.275262718558218,0.204967423301446,0.19950767361537,0.140648291792898,0.241289993777083,0.139584089655398,0.196333965847658,0.204110542638609,0.305155871401828,0.249945375675172,0.266005672877315,0,0.11566043216879,0.173283733753881,0.180755900688661,0.218225242158789,0.237901634832164,0.261631230776858,0.25298270558323,0.252020309784627,0.184413935635969,0.263617000600043,0.292532686025621,0.201584110134199,0.295365087815974,0.20564996708375,0.225259265789294,0.299209687603348,0.0970110959669955,0.237980021870608,0.233872240999394,0.227443780193167,0.194600286336168,0.28075416997653,0.301807402614661,0.192319296128975,0.282006667163617,0.179546294752734,0.252742062827949,0.137430554123458,0.296038883763728,0.303021829415801,0.194414412766761,0.251604779409473,0.189202376591073,0.176488391790352,0.240585607184109,0.173796077650576,0.247333346491119
TRG_004,0.168007923914988,0.276686518561665,0.237533580125386,0.158256850743092,0.253481585384044,0.204813750144196,0.230932230393465,0.225918895859669,0.177753231198931,0.178760700906734,0.26402414420508,0.18046181195474,0.215664197948409,0.151971065445533,0.201796679304267,0.182531576985236,0.211011315490688,0.19674227776713,0.230644535978611,0.243784859547871,0.243086848742353,0.168892638891133,0.269960644070544,0.199813217927897,0.260478306348278,0.252395593632577,0.174649432859396,0.174484159413239,0.218121857404423,0.138926316505947,0.168505495679452,0.145927182812422,0.245588452208087,0.210591060865728,0.235685260605898,0.181077604659244,0.188911227057499,0.183329092231753,0.130589382465262,0.206851921719287,0.165025756628301,0.149878042699063,0.242345258731176,0.190743551619221,0.203251506863503,0.168722642052116,0.105707561288338,0.1429670314012,0.229054228518812,0.146540246735644,0.126893838076937,0.186094178155771,0.186907490288848,0.118746114282274,0.152948661660846,0.171694634682984,0.135524101989094,0.0888245175809573,0.132939253203663,0.0816710168315117,0.107504247070845,0.0922539742578229,0.285585622999707,0.164332352890172,0.191343299134703,0.11566043216879,0,0.132455807540301,0.204122968705375,0.176388024675003,0.206421572086782,0.248593025873161,0.190416967931915,0.274354497885658,0.134219766664971,0.218667069848862,0.194022529578833,0.136415028039566,0.286864067912478,0.20302239101278,0.233476565911037,0.204126824234752,0.140753455871616,0.103090198994218,0.15732613056471,0.132095118125115,0.166569647090005,0.241359953018975,0.225513871904425,0.17598066259975,0.164122027034233,0.153682546523339,0.223688561764489,0.112201054968677,0.21854274847151,0.142208583303396,0.17294506733573,0.232842491339703,0.191494082127537,0.181066481839353,0.303744353282627,0.0719780006327985,0.246564867842929
TRG_007,0.162953854288716,0.299262719332235,0.106359747162448,0.267378229039875,0.273444077856081,0.228017876854165,0.131239973225422,0.303178476990683,0.113907427869854,0.25930848496154,0.227696871495395,0.178119238118674,0.203934713332191,0.139367962323342,0.175578300190601,0.253165868266923,0.196212818900356,0.248024063727141,0.247632049434181,0.113262617192975,0.196580964355577,0.216687483651692,0.275945905120202,0.208970218296443,0.18821149378417,0.242593102888305,0.157911131745316,0.19378772933264,0.214090470944894,0.219596281289783,0.188381331045224,0.202093955933997,0.321085127998799,0.232706642910703,0.215918066563225,0.282801641599398,0.233510657088044,0.259575359180262,0.216549230471882,0.251923601343469,0.205154962619955,0.210455993079167,0.184180222470143,0.166354130551764,0.227116658592829,0.17997114050386,0.199323852423599,0.288793953849927,0.200977661296751,0.246217932115925,0.180566585122024,0.271853559668905,0.173647337847903,0.163112348242665,0.259760690412501,0.263076692585136,0.234667056049883,0.0777424931756912,0.244349779885943,0.22922383910343,0.252991972072023,0.143282926444705,0.271968716562843,0.244546156915541,0.220580153461583,0.173283733753881,0.132455807540301,0,0.137931554571248,0.280669766343489,0.286793279089261,0.220129291198768,0.199297667317934,0.158434887096832,0.287162758630673,0.303891027573264,0.306706732480854,0.235049574978027,0.349477094307991,0.24545735139875,0.238591088365849,0.198327516756626,0.266794362533,0.23187814674284,0.299492000380355,0.127360062703178,0.201222555469132,0.218974742149027,0.105323588666697,0.270347518213122,0.14039909769149,0.257866807041039,0.291766284458415,0.225266610711445,0.219780080110003,0.185260240272046,0.0943672958985337,0.303026593739054,0.277482587494683,0.282640433850665,0.262066726852566,0.207962886386424,0.08780886888891
TRG_010,0.165896023104386,0.112887659674779,0.0574503497544244,0.147262007130454,0.206451838268823,0.221221974114076,0.0956404904270123,0.19503106351193,0.0911717550291448,0.115507212178498,0.0784917701031526,0.20787974894192,0.209211842067982,0.19206329745136,0.0620693318661756,0.193319379319856,0.222804850378533,0.218607045715966,0.14722979433453,0.0988450455117859,0.184127326607004,0.0746657389499643,0.323726616383176,0.240155739774105,0.175295844999226,0.132017330225329,0.177953377330121,0.22163058546666,0.147023876405991,0.140883372485256,0.122359029886426,0.21948110619131,0.371056852729316,0.122192763762294,0.150009674971782,0.217000601474006,0.252272745974983,0.224014178328985,0.207175074366531,0.102493993775965,0.27400539660668,0.204532444416264,0.141813097025762,0.146029581776914,0.247484654869618,0.143795152593238,0.22116397743021,0.146135171895456,0.0986457505942774,0.202887943874985,0.224820124113416,0.199542433842979,0.210309002942695,0.0991615411334951,0.171466250887291,0.125958287155916,0.159588651447574,0.159386207152278,0.216477813155846,0.271978201555354,0.189648467625029,0.160950465853197,0.220021104694361,0.112468452432048,0.166207017846756,0.180755900688661,0.204122968705375,0.137931554571248,0,0.103755416159025,0.141066097605834,0.232044625279091,0.26126014628507,0.195426680022295,0.226753592739668,0.341187571407664,0.214100241299903,0.233871125249521,0.257261302471552,0.106192801830088,0.175706930905434,0.317816379467305,0.163213933936588,0.150706351860368,0.186249286318987,0.174225126612012,0.159651348196115,0.163755648614961,0.162638271511355,0.214500976509075,0.206859732207441,0.239967045770773,0.299874051882011,0.243156195194,0.237306165641733,0.160038471895252,0.067310195065017,0.228206395144798,0.100170737603069,0.170446757967395,0.2321833554031,0.166624407074996,0.219591069689163
TRG_011,0.213770658270395,0.130753970277576,0.233846181168084,0.170256447011234,0.187986091195538,0.169937128800829,0.193886235898604,0.19767467186294,0.170003923728116,0.144272623851444,0.171665928687841,0.229460859038376,0.231440234013902,0.217502348745153,0.089594178350327,0.138643957265321,0.188925431117113,0.22943558466175,0.138004906794769,0.221512402020624,0.172720809857611,0.171901307826992,0.347461102082286,0.283499521134902,0.197833271321572,0.136384686785731,0.275907269072321,0.252234678629455,0.236156550356011,0.0508595567983825,0.16715452534532,0.250767672126461,0.341166724825147,0.0879032453067152,0.217648655811397,0.136913388460684,0.153317998685941,0.194179119101312,0.235272193776416,0.164768438796673,0.231612369354994,0.226222991345853,0.181060397692801,0.149687229009337,0.226985560982728,0.144566581642026,0.223900116264323,0.0666721026996453,0.0879542427689062,0.160991366123803,0.181933465491519,0.0933186660066204,0.246165597690447,0.118506195772182,0.13445697728463,0.178973359792827,0.114931661659178,0.216610652712755,0.167004167825897,0.172398883302602,0.216008969302503,0.257966275709788,0.237568972430395,0.0684764118273696,0.097842060015744,0.218225242158789,0.176388024675003,0.280669766343489,0.103755416159025,0,0.0846987560616393,0.202834359842157,0.228068940940118,0.245717285101028,0.10417247454375,0.224493543261304,0.164154059168749,0.168908426762712,0.20976131492699,0.19864283976803,0.270669230924234,0.35103926819913,0.144034467846933,0.14248175733566,0.0825419054669462,0.19975710677068,0.0935874054014124,0.225989738208581,0.244602948809865,0.112090508857542,0.21909289972682,0.269083288423027,0.310178305523257,0.205587285032965,0.255952686881805,0.120101755239845,0.150223057523171,0.217556064553807,0.048375848898787,0.115991203882306,0.215277630920842,0.139032328839754,0.275776588917766
TRG_014,0.186309023764287,0.202530615189441,0.257536670489566,0.229170806537717,0.222784938981693,0.229201340090317,0.21425944037451,0.282961473206556,0.278824033211845,0.103151699816799,0.208257282446867,0.257279017620041,0.158414015563311,0.214796729621984,0.196418302979348,0.173792104331046,0.21128448830264,0.197875218527141,0.199747186918907,0.249494596020223,0.205175362712529,0.233663753401498,0.274465679224509,0.170042415586139,0.24591874073959,0.175599735390543,0.279556599123049,0.26854998154797,0.145450273134112,0.0911589246360122,0.221815683384028,0.18821631096044,0.335642833462623,0.168758257485749,0.174952322222209,0.19585072160951,0.186162834989069,0.273086770936516,0.198100720941997,0.239094618924727,0.167805937013922,0.180373555349764,0.16500599873329,0.223286292198948,0.204479688231466,0.162126694947972,0.210256099405839,0.204725222830958,0.175426287115736,0.154794375290263,0.185245602750263,0.189010975332896,0.23347045863572,0.149593514395876,0.175668863165321,0.218457752787657,0.179905819909381,0.222317641284538,0.22583381690796,0.204410651849207,0.218448159650412,0.183994055892598,0.296645406395675,0.178852811001904,0.098338835690436,0.237901634832164,0.206421572086782,0.286793279089261,0.141066097605834,0.0846987560616393,0,0.263912247355586,0.209132279017768,0.284182710766851,0.200872896792104,0.266210560609717,0.131856559620031,0.189070463077395,0.280633486382175,0.194749876338703,0.263474872892098,0.290256148244936,0.195052661576415,0.176474277040042,0.167048549109979,0.165946915690797,0.165898409121119,0.199133228930639,0.204284335025536,0.190957016260003,0.129452844193913,0.279257659860239,0.229604113710001,0.219328668658803,0.169388994628933,0.148916855980594,0.155581075782261,0.107342643088314,0.150636258763965,0.172898803825941,0.233286223077521,0.251290854532442,0.24865231153856
TRG_016,0.2149027804143,0.227176476285044,0.250094571872047,0.28008382969565,0.134274649611059,0.206383403133824,0.267331570812345,0.19634855478436,0.292710822640534,0.180389195891641,0.311043710577669,0.137425815607103,0.249598140734598,0.249417580161713,0.206593568098829,0.20777048508058,0.159889196052661,0.204365485272372,0.196423056917854,0.170029002018193,0.261206238163295,0.139679232411968,0.377461205259177,0.243614103005742,0.312658378301546,0.218658636034787,0.35890588817346,0.324762584418489,0.242701354241423,0.209800291245175,0.184787142883386,0.262046911045801,0.332213483087253,0.272638004641268,0.328143835493128,0.143563562019987,0.230741118039714,0.172407806164667,0.129209627294483,0.217133352729771,0.273410785012444,0.152117474758589,0.0847594358257758,0.298001915185466,0.230592281145463,0.276397307238516,0.234265928515009,0.174152020381375,0.229172515743248,0.286587894053407,0.0777425046090866,0.193404309689662,0.144092357822939,0.274772606615668,0.334844991716242,0.189949616767178,0.250250472453051,0.172295957629343,0.293094783213755,0.181146654012775,0.234029429781903,0.284662562743901,0.26203239640095,0.202559917350986,0.0985694917672978,0.261631230776858,0.248593025873161,0.220129291198768,0.232044625279091,0.202834359842157,0.263912247355586,0,0.282065354460992,0.217016528429518,0.223574809336378,0.343822369807634,0.375050422910716,0.291331986037626,0.29697848821067,0.249269141291335,0.088993325265912,0.314115529450763,0.318590247386538,0.265594948030668,0.190612364261329,0.172068703232522,0.233108963135356,0.217456085264744,0.185005467281081,0.206553562437842,0.223185210734736,0.217751916234443,0.215993800652116,0.312890913655841,0.252729829920178,0.334682493972919,0.245277657888981,0.353293409219609,0.184528756928693,0.22905844838895,0.354923519031107,0.250237651471619,0.162281798426174
TRG_017,0.198073636735334,0.284276319378722,0.276651170643668,0.294529035996672,0.262686701760068,0.265543261581763,0.228483415131629,0.343228610146055,0.318640657368565,0.189255260260859,0.322366101044737,0.15309151843223,0.0605486152775806,0.1618464530231,0.301210372336817,0.228904291121026,0.183213131574089,0.18864456670144,0.333239419750363,0.245668044829462,0.311910424008103,0.311235332705152,0.30907703772493,0.222480349259762,0.365566716556153,0.266735541735482,0.208171646280022,0.224025531490159,0.131844422129045,0.190983923229579,0.256956006281378,0.280456944692959,0.263071688474855,0.311549056880798,0.294773049669407,0.310789157832168,0.224559002457846,0.239655407970616,0.201399641049098,0.230689611470183,0.175576448857148,0.191674584276966,0.249833878742001,0.319590985747299,0.250411374823954,0.277738168559542,0.202406865448464,0.245456473297396,0.282992632109538,0.222827107068584,0.232274491406983,0.193885348674584,0.209170772167734,0.247608106690947,0.335233299650156,0.317992215561231,0.167465879580306,0.151438334714553,0.304608082622927,0.29904232175626,0.201840220483804,0.256301263709178,0.303223719801547,0.230960960078302,0.288296295948222,0.25298270558323,0.190416967931915,0.199297667317934,0.26126014628507,0.228068940940118,0.209132279017768,0.282065354460992,0,0.277510500351158,0.258984078360168,0.163066090697087,0.269222883774424,0.242994204354811,0.329635597847059,0.192567680786686,0.284127460150239,0.263049421303739,0.34833701414869,0.242039561669377,0.184665176443038,0.105326489256775,0.264224818837049,0.269705357698846,0.130453841800808,0.102494052876375,0.107199878269552,0.253383267258314,0.160805411913482,0.273856960195516,0.230127386345531,0.244179232140562,0.176617489825771,0.153556746010774,0.169188281819935,0.267359177356025,0.326609838803314,0.241744493025577,0.247277629492201
TRG_020,0.217932009239059,0.217920959272053,0.191195048404056,0.156395080948173,0.224194456498294,0.231063991722319,0.198032809100804,0.214446136228264,0.172289560217583,0.238136152164911,0.19109423787079,0.15522162919838,0.173836218234329,0.186308340052269,0.210879851979981,0.209242416660542,0.169798037053087,0.188355551433026,0.277771596221413,0.119232192068962,0.195021981939327,0.204587120161894,0.177011540138015,0.223014478342515,0.098612158727322,0.161105377826554,0.254226974241224,0.251920688603691,0.1977486382927,0.178912891320879,0.157272795694596,0.238934253286608,0.192424388352033,0.202940192876379,0.136855627459028,0.231299805957997,0.20735406847224,0.12153059824489,0.203911058006943,0.247623272724749,0.24456129825591,0.130319706131227,0.160027165474558,0.157636276125302,0.282884383960259,0.194686501686124,0.191631135006743,0.287112802036316,0.177697514291386,0.220643117314261,0.130138254015542,0.158448374919455,0.198963063545188,0.222914295268233,0.258350220402681,0.292142512156515,0.280586964858132,0.20632566936083,0.282519004833555,0.193165638287155,0.249704257607474,0.21323362727242,0.168433232216049,0.179152940844247,0.257941102602702,0.252020309784627,0.274354497885658,0.158434887096832,0.195426680022295,0.245717285101028,0.284182710766851,0.217016528429518,0.277510500351158,0,0.289137144752709,0.248046616778588,0.278309361804211,0.181425225325567,0.303277790830829,0.142236868689575,0.150813948205407,0.160649217819419,0.290873228798562,0.22596293315618,0.197533032296994,0.232523237841579,0.138986357398392,0.17826171358798,0.244797518948948,0.229984836559929,0.241177424421497,0.253273023618659,0.349573135899354,0.237576365219528,0.201873476850815,0.292802059467571,0.151010680080532,0.247391095813472,0.168014504140498,0.250658643973753,0.097978259307702,0.26202788594566,0.184590986901168
TRG_022,0.259663356309876,0.167811942897007,0.310818048145819,0.118511007079363,0.217319561296243,0.117560446430366,0.270299559674875,0.115077089457195,0.261577047433905,0.228348809825722,0.183209593750188,0.257873064002895,0.279275012901193,0.211890719412433,0.127665123920535,0.220234998730395,0.269632511491676,0.311846350691052,0.224462220472323,0.306991412982205,0.203830067815047,0.275978281854416,0.311800675388214,0.386539045494747,0.260086030426778,0.159441685185077,0.313599463169369,0.239012863756241,0.308629335935181,0.194172765398166,0.177200708678715,0.221704690343011,0.385751802505032,0.13898214615747,0.186352723033875,0.0926275136770952,0.107621914614048,0.1516961245586,0.244097080623404,0.28944511478985,0.228209596443806,0.222305947032608,0.249465638507087,0.202479166816782,0.366793972112831,0.13290577856494,0.185949741901991,0.153659801609014,0.134955408704118,0.185938582738293,0.142620353014134,0.127566227854525,0.288320325017652,0.124897983248191,0.0920875099918473,0.288132825451716,0.267335847597333,0.200561901558129,0.154404874234572,0.108869220146194,0.250390991965252,0.162452109789128,0.209146585162172,0.122684760134322,0.168333897673159,0.184413935635969,0.134219766664971,0.287162758630673,0.226753592739668,0.10417247454375,0.200872896792104,0.223574809336378,0.258984078360168,0.289137144752709,0,0.325995869714146,0.19063196523575,0.196393049848857,0.279890695881666,0.285516956525441,0.248169680216969,0.394138073246656,0.165527270929202,0.115149981821314,0.161698000146922,0.225277605801618,0.158661072038815,0.226457983647098,0.287803366618399,0.208766703219588,0.258714938680387,0.244927606329486,0.41586124956359,0.203540818963854,0.270680484944516,0.178601530672865,0.178748587901929,0.280209144493233,0.151583782930279,0.232620512256287,0.294068822884441,0.23373527984332,0.342343114397419
TRG_023,0.14995285635308,0.428531556514375,0.373683851840836,0.299443503812633,0.365315380386472,0.247017626850598,0.292936877585652,0.308004335890893,0.237003540474438,0.27034918115115,0.325900405603842,0.160538339890123,0.219325433820597,0.266133580087646,0.303142607236077,0.21843771123155,0.305604971985763,0.250099159298315,0.299615366877621,0.237467266427471,0.377927471097522,0.373163251185288,0.319363761534436,0.285986525597139,0.362393091924313,0.366844937855368,0.28826962753976,0.248401068155072,0.222388939526088,0.206656788668671,0.285471325855607,0.320105765689863,0.141536531634207,0.28164344762683,0.29801447998776,0.354603568991704,0.25650400937384,0.186917521705962,0.298276939672134,0.286893700382005,0.188022985251893,0.291540329896383,0.303348531481446,0.259646811766211,0.254185004353727,0.34079043852104,0.216526338268364,0.2327664814175,0.289475457438255,0.230275193873766,0.256911915638676,0.155167155088718,0.21197914324965,0.323049647581404,0.38372953800375,0.382528118224762,0.158991305364956,0.227429764292471,0.346687346060397,0.236607370665741,0.224559997787778,0.27956366544636,0.330530108993192,0.294463570945032,0.319391101384284,0.263617000600043,0.218667069848862,0.303891027573264,0.341187571407664,0.224493543261304,0.266210560609717,0.343822369807634,0.163066090697087,0.248046616778588,0.325995869714146,0,0.235340712207898,0.290528566748657,0.398470542224603,0.314307727172218,0.275255738601711,0.320282310833832,0.315111380839475,0.279698131148256,0.117281098081174,0.230508340762033,0.221031322639021,0.28617105540851,0.239838988644013,0.21890972234084,0.201742125181429,0.301384697679558,0.279037744730932,0.244805982521203,0.267074790318507,0.263192594595552,0.291715222375115,0.167956216850145,0.211084113414705,0.298504222109475,0.33980011892287,0.253293685273272,0.289645525181587
TRG_025,0.208596754827308,0.183791973922199,0.313406258603942,0.137630485212482,0.273589532523866,0.16124038435153,0.265788179546802,0.297470645197067,0.312281347372677,0.237752116987346,0.209561670685255,0.270428450973382,0.191750967901875,0.228356757587764,0.203711351616014,0.194278198519466,0.202302407170633,0.203679319709445,0.134789040476715,0.298119859738146,0.169014871506402,0.262905260081203,0.34650647929065,0.312309150376793,0.174663891011955,0.192403623707803,0.296594056879605,0.185306384893536,0.289701398664806,0.232588842977257,0.276714499909058,0.259160023564483,0.201276795564369,0.144408793665827,0.210431022416201,0.203999084388845,0.141794138517028,0.292656812352195,0.251604324196418,0.315279146031613,0.118638353944267,0.244689238502833,0.314984026290677,0.185941980506885,0.263163233352038,0.11140899959312,0.123594675192628,0.175810650384379,0.172646132562649,0.0434790401043204,0.25608034720627,0.207375991258203,0.151608810751763,0.0955250225715903,0.130671242841575,0.322084928232451,0.263900474858627,0.228365569470133,0.106245207482064,0.220270493822564,0.198804876192396,0.229791230527327,0.353563378243901,0.155062689900589,0.187450005289017,0.292532686025621,0.194022529578833,0.306706732480854,0.214100241299903,0.164154059168749,0.131856559620031,0.375050422910716,0.269222883774424,0.278309361804211,0.19063196523575,0.235340712207898,0,0.115278395430486,0.106748855768626,0.252348947018524,0.206665318540876,0.283850337799788,0.227242240100956,0.1194590366697,0.272924403532687,0.159780079947612,0.143761635505459,0.0921562730007741,0.157658617555126,0.221753449656474,0.141657514288284,0.233827140506325,0.291265276773164,0.168449611511226,0.147263769549702,0.105196468410242,0.173794517938188,0.11519733828777,0.237419352889795,0.255245738396686,0.284885129500031,0.262639331957216,0.302668499038956
TRG_033,0.164084525729373,0.246986153710544,0.295718762586632,0.110553492266876,0.23756864822736,0.25579875264534,0.178371984083434,0.297168237582361,0.241995121346578,0.225948678425601,0.210500199486484,0.249668799419493,0.175638162265552,0.142819115152792,0.182018567435968,0.205315989911362,0.0888773235933171,0.173293815462912,0.148053554731916,0.243085799955651,0.174707348014638,0.202468559060869,0.237175960786712,0.254190672337566,0.191416812508563,0.168206226750115,0.2389227212562,0.218119754303456,0.238259554568435,0.134972132202506,0.209315498172462,0.212978565234404,0.248094683884597,0.221081167426125,0.20026499819894,0.250282562324357,0.128582222161181,0.25001485018572,0.154074364093961,0.267480370900103,0.13077656547372,0.195856329958226,0.268055960989355,0.147103832941349,0.153323615381574,0.12691089390373,0.185875579133121,0.160587155697871,0.17377787363065,0.0583163186191077,0.210527158881928,0.137885768424466,0.143378478626101,0.0698183333268313,0.188335333414876,0.178174502012473,0.152445591008484,0.185790845578513,0.0577620769876656,0.0949953226239635,0.133152313603215,0.22917329038189,0.205311081142564,0.108278470726445,0.189608118114183,0.201584110134199,0.136415028039566,0.235049574978027,0.233871125249521,0.168908426762712,0.189070463077395,0.291331986037626,0.242994204354811,0.181425225325567,0.196393049848857,0.290528566748657,0.115278395430486,0,0.200731783730689,0.2010130228726,0.226304030417893,0.216884189225568,0.156036968855856,0.0913641653768839,0.245659120022549,0.163606503356243,0.0961872137166173,0.131924464383362,0.101289524400349,0.132187859481071,0.113283809389535,0.241878875100732,0.16525867254006,0.0949408908319628,0.0999927999723126,0.0497284152742536,0.128277194596054,0.178157049196148,0.154224621154713,0.190593815552546,0.164383496269214,0.204954924544867,0.216507358101979
TRG_039,0.271407728795909,0.113128897717919,0.318606820756444,0.212586375133524,0.248029368405925,0.210545025993845,0.274936459087411,0.364297421677158,0.35682045271704,0.293568234418738,0.283611160241319,0.348985155904779,0.328588866853997,0.293009759648167,0.29479768560865,0.256323507595714,0.256478841347338,0.145799104191957,0.122010613531298,0.344670063772187,0.152177119746503,0.24742070761317,0.319091400178446,0.317285889474237,0.146212382355245,0.18210767659343,0.273963850193437,0.226877297948043,0.310289141158524,0.264226687981626,0.294202768689874,0.192044931361846,0.258665882396675,0.136162709833341,0.259473160445262,0.233721836609651,0.218736607139407,0.313652013039944,0.176235985289214,0.335509422442102,0.235147850834927,0.172434211515111,0.31669457062151,0.22993855736056,0.229968862610829,0.178089289498297,0.183068937636618,0.249124257092844,0.181412979998207,0.131901172657269,0.2140598604301,0.278773276714539,0.177993148823815,0.186913090375847,0.167318877183403,0.300711484806015,0.329479632830305,0.288368477179818,0.142833942371133,0.251827291264821,0.297148120260102,0.274126963293443,0.360170338097534,0.216681710853074,0.220608811963475,0.295365087815974,0.286864067912478,0.349477094307991,0.257261302471552,0.20976131492699,0.280633486382175,0.29697848821067,0.329635597847059,0.303277790830829,0.279890695881666,0.398470542224603,0.106748855768626,0.200731783730689,0,0.372563429736552,0.170655415958729,0.282188168714335,0.237290007893855,0.22066157971982,0.333593035510162,0.270793063600525,0.19659563461685,0.11595256741607,0.26885653855959,0.18600633956027,0.263442156880669,0.209639574686652,0.277798011176804,0.229304365562678,0.1635644577174,0.213680968505689,0.273736267653018,0.24559546338085,0.230157167730229,0.308156388541609,0.256662067245695,0.322477053875338,0.311584708460229
TRG_040,0.189427690614013,0.22647435349874,0.166869605696951,0.120048418995655,0.189059316571195,0.229081278597521,0.139810384417741,0.282885940760818,0.175613798173463,0.0952004361678654,0.123945711580473,0.194342633139244,0.146029344413109,0.167812314902344,0.134946028885962,0.212962147911554,0.235142960233708,0.237459037140111,0.263211769891432,0.157317559368535,0.226755934752633,0.120218412224642,0.155033310424957,0.26465403803502,0.247696641139918,0.259534026892391,0.172146231305256,0.236202291317988,0.104562268122444,0.18046580114989,0.148217406888838,0.280615617860163,0.278430330134153,0.265088712613157,0.214151464071233,0.310957603102891,0.221784088818053,0.183836714827099,0.244240933451239,0.132023811106993,0.265503801746555,0.216502274743289,0.220434688890672,0.270726177727133,0.202714850926056,0.228986547484946,0.201292308508833,0.213628874044416,0.223524986363959,0.190906509813144,0.221049178722872,0.217101234143743,0.235143439866193,0.161566124653891,0.239878007453166,0.204876566824416,0.145904437282033,0.191242653254221,0.248016789784674,0.264400660514413,0.2579544125541,0.212878601027251,0.236212629124604,0.192323641697921,0.244730061553935,0.20564996708375,0.20302239101278,0.24545735139875,0.106192801830088,0.19864283976803,0.194749876338703,0.249269141291335,0.192567680786686,0.142236868689575,0.285516956525441,0.314307727172218,0.252348947018524,0.2010130228726,0.372563429736552,0,0.201981106446667,0.204549754056382,0.328405859385521,0.13024154848641,0.266741447726708,0.209149617396771,0.251023901342065,0.185008884161827,0.206074725436402,0.264443981177999,0.235513537985843,0.231374372205689,0.261920684868318,0.310178351084714,0.186099341907999,0.22056506684645,0.113573563682053,0.188437969007022,0.178672609111099,0.177856475967082,0.325290663357357,0.170575536015833,0.162854089825833
TRG_042,0.174060912896635,0.143836908380961,0.176617797929172,0.177812602442482,0.255986942402679,0.255406291012112,0.218412211451319,0.21521305547221,0.240849467717375,0.232162494835014,0.225923714995584,0.119325552853489,0.209340676945326,0.227127771835316,0.20433447475977,0.241315403155481,0.210889315094838,0.201140194580009,0.133260140920048,0.144295521382695,0.167669917918782,0.108986463646853,0.356879923196888,0.303015676959287,0.158446489744267,0.223719693006741,0.350330492370696,0.216823409256371,0.301149374099564,0.263023072753248,0.212588668859815,0.19882582983511,0.326631978264024,0.225573905457571,0.246887906405805,0.223937057783458,0.23241311018067,0.130100444189686,0.112602701141723,0.202849737339122,0.255180342090278,0.123527534538398,0.151206336047681,0.196179359385151,0.265341653280324,0.142579442849361,0.1817515676003,0.271517956274677,0.191804968366017,0.142913330163388,0.068686327766572,0.218067181807739,0.100306288303185,0.175742431966982,0.21065047768415,0.239847243910039,0.283276329316893,0.180057689209234,0.201983144715805,0.124482917266775,0.198748860898909,0.209366375429813,0.263281026794348,0.159465422142988,0.204690184760066,0.225259265789294,0.233476565911037,0.238591088365849,0.175706930905434,0.270669230924234,0.263474872892098,0.088993325265912,0.284127460150239,0.150813948205407,0.248169680216969,0.275255738601711,0.206665318540876,0.226304030417893,0.170655415958729,0.201981106446667,0,0.283114806506719,0.29481895590709,0.152380956758907,0.224280736984469,0.162534123220849,0.242856216828645,0.0841242119753897,0.190525547042916,0.277446769579621,0.216907401614726,0.174779607085511,0.267116393610365,0.23233541749187,0.151524416182685,0.244797719994006,0.174660092399899,0.270251277668563,0.214603333683925,0.287355540060525,0.270849178575298,0.314735971145087,0.192277240392234
TRG_043,0.18617701463581,0.27908520577728,0.256975113787218,0.266294383646036,0.290721720762947,0.278155181692862,0.151879117289066,0.366928336354667,0.299923905527089,0.232891757246542,0.278950506087143,0.176803815580049,0.28643469772752,0.188742744426771,0.362123903358238,0.169514286569233,0.26819443691932,0.210347602517104,0.268209437061104,0.258728097085947,0.167994904900534,0.311149526577972,0.115280204701683,0.206785874914557,0.139114220866125,0.236243729435207,0.181543530944088,0.214301046700434,0.208012047611388,0.272316723985166,0.199235308704032,0.287517574014452,0.244658051156267,0.244670310405733,0.18042776272745,0.31199424917759,0.227433196682583,0.239725655463741,0.18184793320827,0.325710453125134,0.158621021779738,0.263515233770011,0.249338070025555,0.232149385841824,0.148682334691864,0.222266777803716,0.242651165121667,0.338274407565242,0.25580362669775,0.290140780455069,0.265193206012259,0.326478899666697,0.174368092228455,0.266893623751474,0.299553196460938,0.402350753295614,0.153915698560772,0.195405003717579,0.317401012728896,0.197841190724736,0.248181903181789,0.178291434068899,0.160293061621683,0.334206078664853,0.328644595908068,0.299209687603348,0.204126824234752,0.198327516756626,0.317816379467305,0.35103926819913,0.290256148244936,0.314115529450763,0.263049421303739,0.160649217819419,0.394138073246656,0.320282310833832,0.283850337799788,0.216884189225568,0.282188168714335,0.204549754056382,0.283114806506719,0,0.357820564893705,0.317739938790338,0.298092521067172,0.184784881303672,0.274251741166506,0.24645568369066,0.237239369943521,0.270122628428076,0.220850818564921,0.252926483573762,0.211803186501958,0.178283415628127,0.214110921516431,0.225330657531942,0.20903769061212,0.283685236451944,0.326909777375426,0.233235403256736,0.202052141617143,0.239084849187296,0.286843861658279
TRG_053,0.196485003672068,0.274537014585787,0.234478692709918,0.225505274206741,0.253071312477735,0.270832506457855,0.215544516322927,0.307304586633118,0.16012331042545,0.241818917948974,0.253882208499638,0.305862516372602,0.2898331386828,0.233959321393148,0.209246410242149,0.226838178718148,0.179553723810226,0.23555135129917,0.128550131956367,0.254913362411271,0.305073069823141,0.165989001971092,0.306445717861689,0.25111966609489,0.227268930116939,0.19842640935558,0.182858487781844,0.285983722262907,0.294700032083214,0.129460474240818,0.211902146258737,0.207093066780029,0.369553639189947,0.175308629135265,0.24766497753895,0.257441707866898,0.170321578327554,0.270317883319713,0.2756908833118,0.183655053065258,0.226398399774677,0.253073601379109,0.210870573778392,0.108212715219671,0.198028387022506,0.215259160665645,0.227460368563471,0.184515206649225,0.132917268672938,0.189333184551662,0.212977126005113,0.175970864774712,0.219169241044341,0.20765222064809,0.247479486816274,0.0865393234113913,0.190654197702513,0.176384936432085,0.178185485688361,0.156340351476745,0.143650184016673,0.235500727729167,0.342480969134291,0.166688077104712,0.172222857939065,0.0970110959669955,0.140753455871616,0.266794362533,0.163213933936588,0.144034467846933,0.195052661576415,0.318590247386538,0.34833701414869,0.290873228798562,0.165527270929202,0.315111380839475,0.227242240100956,0.156036968855856,0.237290007893855,0.328405859385521,0.29481895590709,0.357820564893705,0,0.170374867082044,0.222515871056159,0.210008684642279,0.167409875162615,0.245370253543966,0.279344441862756,0.210715119595732,0.188650470055663,0.290859679588276,0.282180661069788,0.188228922341863,0.25116206752442,0.225263348858329,0.253887030698616,0.191368922542141,0.148514691772237,0.159486807482978,0.269485511403512,0.15337670413528,0.299250307614574
TRG_054,0.158008668854158,0.186529052357933,0.250624242789419,0.0513961987811756,0.24756325133125,0.133734777142808,0.191581690551032,0.1421938066593,0.219785466098231,0.163673836637564,0.131289328135781,0.204376495064971,0.162094618311701,0.182719259106828,0.0823225233684465,0.203026094275344,0.168841964655228,0.239711135010936,0.126909336333274,0.195558261976586,0.186704569867423,0.149756474767569,0.354215342219492,0.300069263650816,0.221797274066316,0.225718313520745,0.284601639268883,0.245293605098024,0.235094766627314,0.181720392082549,0.147541173034977,0.214246387941058,0.341000785411624,0.177127288114135,0.213514936238034,0.149637952115966,0.148004253521881,0.172366199330434,0.172498953124923,0.26135160770098,0.173162060059617,0.198716361249057,0.26521265663336,0.174778647577758,0.273598737578464,0.0833320666100539,0.206405995030006,0.210475844712683,0.181105148839731,0.0565709090177787,0.202031215856637,0.229410111463685,0.142685221115785,0.0481996712590028,0.126805694599697,0.181662840507461,0.2009047727785,0.213229193935367,0.0800302654237388,0.109861060583096,0.122655919119669,0.158171828034686,0.220508312584592,0.126080155023869,0.203901005272618,0.237980021870608,0.103090198994218,0.23187814674284,0.150706351860368,0.14248175733566,0.176474277040042,0.265594948030668,0.242039561669377,0.22596293315618,0.115149981821314,0.279698131148256,0.1194590366697,0.0913641653768839,0.22066157971982,0.13024154848641,0.152380956758907,0.317739938790338,0.170374867082044,0,0.201036904775534,0.155277674579051,0.197831032430289,0.0953357264302449,0.120411637365105,0.228881621021391,0.157417867469391,0.200428186513248,0.260380706289246,0.14587357357855,0.139172853878378,0.081437000123465,0.0724019841469365,0.163046925179083,0.188623446348542,0.24542184525225,0.293402314778665,0.189923560228138,0.18134893907981
TRG_058,0.170546265100472,0.248287088461041,0.296039552573246,0.254484818518826,0.195851473098002,0.229668207289575,0.226861202519175,0.213529693979497,0.181918135361595,0.172799520769305,0.266394731673866,0.129338685461743,0.235121820998935,0.187604319379623,0.186396246158033,0.134137858985403,0.240703739800835,0.263848153718984,0.321752451323811,0.166856001389834,0.275254231942455,0.281989467450877,0.303859037078438,0.228184276819674,0.257039470881833,0.184991512601286,0.296764207143211,0.300615361200586,0.2245804520568,0.0843822805472105,0.171878773217275,0.270161886356401,0.24382492785158,0.147985323793986,0.264347491106471,0.145066979882869,0.181136631279266,0.136530262178211,0.20397777725803,0.192153535205032,0.207501915432075,0.21033497769133,0.133428878132533,0.207350387939811,0.244538406640041,0.239171055614837,0.207103646666921,0.133237973287353,0.170455900183848,0.27139711376213,0.135334616437111,0.0686113128199776,0.188463176130832,0.18413195913039,0.242460827745237,0.277535878597875,0.101743236945204,0.185592671489395,0.244356909968652,0.147598232390838,0.246287911845323,0.230370575245031,0.244014808970167,0.173377145785205,0.166235154064799,0.233872240999394,0.15732613056471,0.299492000380355,0.186249286318987,0.0825419054669462,0.167048549109979,0.190612364261329,0.184665176443038,0.197533032296994,0.161698000146922,0.117281098081174,0.272924403532687,0.245659120022549,0.333593035510162,0.266741447726708,0.224280736984469,0.298092521067172,0.222515871056159,0.201036904775534,0,0.1628119338554,0.120017884781502,0.268656456185969,0.290215331305158,0.0927176512950757,0.215918332026821,0.30643167973099,0.290702880080145,0.247203801652139,0.265102720488965,0.159109859623492,0.194315225626832,0.212908303863862,0.0792955113991041,0.192971356561626,0.199632817796119,0.207863159199831,0.300840117703963
TRG_060,0.0625003371068503,0.270331097212108,0.210024621770728,0.214855254119771,0.187641426221168,0.250793646266201,0.188662067952502,0.256026381701214,0.228982879717687,0.198826406456103,0.195199478508834,0.0983618711829934,0.109339897069279,0.106533776833536,0.23080512475229,0.164056960673206,0.10688051339552,0.218929714851676,0.174582934758828,0.184243265760423,0.181795764057475,0.216660668045342,0.248996387311923,0.216910369789819,0.265282595857139,0.187268473699316,0.178115224400071,0.230027427228729,0.173274362897857,0.146457063547628,0.155271178005524,0.218671377306658,0.232909985641241,0.246561510997179,0.169874020429474,0.263203066115317,0.23440455101896,0.138701218087649,0.211056893415142,0.214130757784939,0.144536937532326,0.16057518606226,0.224033755380945,0.22034474749625,0.192154193079547,0.148840034215765,0.0905203817424268,0.173237500922665,0.210723373197747,0.148432585238448,0.133962513323649,0.140569943716389,0.0495345473026463,0.125071875069627,0.228485282201008,0.239360786247985,0.172750512694161,0.0616414368841919,0.203086286439512,0.187990189167779,0.12891853922657,0.111054523030705,0.296443200780698,0.150456661182986,0.203874123475285,0.227443780193167,0.132095118125115,0.127360062703178,0.174225126612012,0.19975710677068,0.165946915690797,0.172068703232522,0.105326489256775,0.232523237841579,0.225277605801618,0.230508340762033,0.159780079947612,0.163606503356243,0.270793063600525,0.209149617396771,0.162534123220849,0.184784881303672,0.210008684642279,0.155277674579051,0.1628119338554,0,0.217420677074729,0.118261844507353,0.0654471048356742,0.14003564662398,0.0516104973885536,0.222388270524895,0.212490317834308,0.17539093370134,0.130080945526579,0.152406572819075,0.099294106092922,0.147484645718607,0.138982933579251,0.205367650032333,0.33453834766878,0.1455037214327,0.209062544288213
TRG_067,0.170045136419922,0.146143750053478,0.200341823030194,0.19875948076478,0.172003453726165,0.197134391413256,0.178531671364786,0.234460777755263,0.138445489779324,0.198282999341397,0.234399222285601,0.229164954602534,0.184102468188935,0.163548309714875,0.147283610710323,0.198815669761862,0.131886164162336,0.188977016914748,0.189795705841144,0.163379750724136,0.136218410139417,0.215834449615031,0.229817920228577,0.237369633517777,0.145231048835617,0.072444040113374,0.316738366264914,0.176940957305226,0.223052708204891,0.119693382822324,0.156939788839499,0.186934962071909,0.249758157522241,0.0924462730120714,0.137391042656231,0.125740579864254,0.137172963594601,0.185294886851113,0.254426274902801,0.210182056795069,0.179079493709722,0.154461167673773,0.172483244851795,0.0820421915488231,0.245315311941074,0.152395671094348,0.158659029857986,0.0841216455663933,0.07525328421819,0.14256829509389,0.157820999686498,0.0380838433304964,0.191653351260979,0.140777173164549,0.164991328908193,0.223416859452764,0.177607010908918,0.221217039158171,0.162917953537453,0.192611354995999,0.167482479544759,0.232926026042535,0.202656777311444,0.0948600672560914,0.130248331322499,0.194600286336168,0.166569647090005,0.201222555469132,0.159651348196115,0.0935874054014124,0.165898409121119,0.233108963135356,0.264224818837049,0.138986357398392,0.158661072038815,0.221031322639021,0.143761635505459,0.0961872137166173,0.19659563461685,0.251023901342065,0.242856216828645,0.274251741166506,0.167409875162615,0.197831032430289,0.120017884781502,0.217420677074729,0,0.168971100894761,0.221831998942382,0.104082308628496,0.179491708617276,0.255800018753278,0.308962881811827,0.122181331241013,0.166348834047361,0.169606549675293,0.137851726082735,0.218231988718375,0.0854469367404093,0.158422825917931,0.0948599531674587,0.183886658916155,0.251731577889353
TRG_068,0.109904013054065,0.159546816770896,0.192032551012564,0.092087276613731,0.254348534050677,0.226401229098332,0.186699156357497,0.278451879536768,0.308288716308839,0.201889306829901,0.111775849229792,0.144191924407699,0.214970318849331,0.181644820701468,0.176813693416526,0.271917194607672,0.175697441391289,0.191141084137606,0.131012422651954,0.19610906981769,0.11496947675215,0.202687871358535,0.3358786875897,0.296905036641468,0.146062825435167,0.169787501980666,0.28798371449338,0.223608825735861,0.249934979732041,0.274478618342377,0.212620603718948,0.242318460652032,0.279680621732936,0.185357696203678,0.124172092534673,0.240373335927478,0.189054803546425,0.160817790290735,0.170630445166131,0.315103662117571,0.184404282782186,0.163508839075685,0.246945366927862,0.181423068238589,0.224425494321017,0.0608813348016911,0.150815340787719,0.268721173802614,0.189973230224863,0.0688130273851333,0.147400365091784,0.237689098414987,0.0533952101334735,0.0784660141375836,0.11089077277541,0.293926679980445,0.265250641126241,0.168478719407299,0.114870285863698,0.171083475577001,0.195655339774875,0.169824685385259,0.282048999830157,0.15867850718194,0.257169896480711,0.28075416997653,0.241359953018975,0.218974742149027,0.163755648614961,0.225989738208581,0.199133228930639,0.217456085264744,0.269705357698846,0.17826171358798,0.226457983647098,0.28617105540851,0.0921562730007741,0.131924464383362,0.11595256741607,0.185008884161827,0.0841242119753897,0.24645568369066,0.245370253543966,0.0953357264302449,0.268656456185969,0.118261844507353,0.168971100894761,0,0.136784413374458,0.244860325147882,0.144866511397116,0.249327031320558,0.311865066096651,0.175211846921383,0.0842617718372352,0.138020768829301,0.0965385458707856,0.143995007993869,0.245987079934006,0.272334731000071,0.208517152441488,0.294169197650209,0.249446144286896
TRG_069,0.140679457284661,0.267135498290145,0.199230064559902,0.164717928376978,0.166542859082168,0.262882099145063,0.176316431973425,0.268260002493112,0.221975449277022,0.212714618140621,0.212697262203176,0.140586293272747,0.107181577655081,0.156929435666849,0.162013089260919,0.258125149353984,0.0645890237399445,0.178326134219222,0.156974885475587,0.194323171399908,0.170049227764375,0.182334139490335,0.275672485867081,0.255056122113103,0.267767199208818,0.194263533907447,0.189737991374142,0.214498981536015,0.227490411799032,0.222616899449494,0.230086064263796,0.211248669659473,0.261031875494443,0.223222405719966,0.193892350028792,0.265003332136155,0.218086645211781,0.239588320511929,0.148462364307055,0.296747346539995,0.151686871779813,0.213153101124252,0.244078733645838,0.277706573348164,0.194321962041878,0.116659438136469,0.161815676270163,0.211281350816038,0.247948347282294,0.102668361197387,0.188057894200796,0.258010320350035,0.0943946331375504,0.0670068723437063,0.223410594548315,0.192187397191015,0.22656916861446,0.0964018268813206,0.10913797205406,0.185233109057404,0.149132820477401,0.210614761862889,0.283097562397138,0.118159800245821,0.184633973987959,0.301807402614661,0.225513871904425,0.105323588666697,0.162638271511355,0.244602948809865,0.204284335025536,0.185005467281081,0.130453841800808,0.244797518948948,0.287803366618399,0.239838988644013,0.157658617555126,0.101289524400349,0.26885653855959,0.206074725436402,0.190525547042916,0.237239369943521,0.279344441862756,0.120411637365105,0.290215331305158,0.0654471048356742,0.221831998942382,0.136784413374458,0,0.21949091418286,0.0529943972394323,0.207584843811956,0.152807183434143,0.165043491560408,0.183874339089998,0.0835286021202756,0.0894908004430683,0.200129466634648,0.254434342553094,0.306338305533823,0.33198868149617,0.249063919153281,0.111286756930306
TRG_070,0.190220300743565,0.18211492503833,0.310449027211999,0.255821432360708,0.110383191896389,0.229812956454287,0.256332062301495,0.299239211721292,0.229214965105483,0.172656358922299,0.270884721196771,0.173618501692284,0.138316518177081,0.171682135871215,0.239999382603046,0.122473625551844,0.131732540320972,0.154188416110565,0.211220286048166,0.17225304144824,0.162925670025788,0.219441176060507,0.319856929150988,0.216645451701691,0.260152353154394,0.128365255285698,0.270692885371518,0.267295054256937,0.186525480511035,0.116099528556261,0.230025053866412,0.241866827160347,0.201580502340949,0.151562312551708,0.215746140657111,0.155195453099877,0.204610741595862,0.243236900224325,0.237801634663425,0.182189160816223,0.205238068938699,0.154658214653766,0.144133555589245,0.202666808240357,0.260767230799437,0.2374313722728,0.203517920169451,0.114545960064143,0.164936299522399,0.195772917779968,0.181929240527524,0.0991409391084582,0.198873645978425,0.177974777784208,0.236294677601245,0.204091762451357,0.142767632856911,0.194072883600564,0.173614432913986,0.209650879723025,0.154615473129018,0.288659502794175,0.288503371906803,0.128350844607096,0.142640124412719,0.192319296128975,0.17598066259975,0.270347518213122,0.214500976509075,0.112090508857542,0.190957016260003,0.206553562437842,0.102494052876375,0.229984836559929,0.208766703219588,0.21890972234084,0.221753449656474,0.132187859481071,0.18600633956027,0.264443981177999,0.277446769579621,0.270122628428076,0.210715119595732,0.228881621021391,0.0927176512950757,0.14003564662398,0.104082308628496,0.244860325147882,0.21949091418286,0,0.147992998007486,0.20246052112112,0.194540090722902,0.131821876134981,0.193826168168877,0.164452524774305,0.236918837580723,0.216031320073502,0.0823323731981048,0.178831428456825,0.180406944079873,0.164173111030537,0.277522151956635
TRG_074,0.125225496906104,0.271374667329218,0.267827697500744,0.222420798213409,0.171915016808423,0.223347774513809,0.206180796202963,0.258684365852742,0.2753682743162,0.192053099998655,0.238088851439088,0.137756666760554,0.102707314766599,0.123447878861775,0.213486254735518,0.229881721674491,0.0629611855106263,0.198591729225456,0.153817391909977,0.208206146421034,0.186307085963897,0.227277101777201,0.210538150793644,0.201986326124667,0.293525117792389,0.181430237538701,0.20310218411471,0.242732394180772,0.1719568071463,0.132416237759195,0.199523196883208,0.198947893206776,0.271720695524947,0.243138015848473,0.174229130098905,0.236144935561744,0.174938447084199,0.22508491348147,0.167355196656688,0.204074826337555,0.1237313285683,0.16696882785374,0.240178074999692,0.203944878011189,0.172573118762083,0.140127685196465,0.12716849581053,0.206714172003609,0.191609170078254,0.111805734412646,0.192178846439797,0.199055213997012,0.107574323212357,0.127426073413375,0.240576263808829,0.204850958651969,0.17667627800948,0.111302292305468,0.173619415107039,0.214894297088975,0.143856526958478,0.152525571780092,0.302564339804056,0.136445819925102,0.147930971405439,0.282006667163617,0.164122027034233,0.14039909769149,0.206859732207441,0.21909289972682,0.129452844193913,0.223185210734736,0.107199878269552,0.241177424421497,0.258714938680387,0.201742125181429,0.141657514288284,0.113283809389535,0.263442156880669,0.235513537985843,0.216907401614726,0.220850818564921,0.188650470055663,0.157417867469391,0.215918332026821,0.0516104973885536,0.179491708617276,0.144866511397116,0.0529943972394323,0.147992998007486,0,0.254508052060303,0.152345167292272,0.166956418020014,0.155598795160003,0.121902097627667,0.124020666565224,0.138208726457531,0.164981636804274,0.265260259950742,0.329128194926224,0.196504547533107,0.207022114875665
TRG_078,0.258981602905235,0.136698677717044,0.278552947755196,0.201819120535633,0.234783526727622,0.11999971409593,0.211782529121506,0.187104936323193,0.223559008897171,0.185936295598579,0.229040797810909,0.208108012950229,0.198301026584339,0.310559698554945,0.183825241190957,0.251454619334341,0.146078340151855,0.143203583119642,0.166476812176997,0.174672446405874,0.237595940175972,0.164895718670789,0.302029716572888,0.252933025344125,0.201749622676835,0.162037845175906,0.270013536928833,0.179117728251089,0.252377155982571,0.238413834585504,0.147374297608406,0.109048493768494,0.196294084688703,0.173903624828092,0.267160235348683,0.270382366540347,0.189634936488999,0.224984729751761,0.0998522899219493,0.255272036736745,0.20411457739958,0.103631673495419,0.218043623015051,0.224996024509318,0.25143250810141,0.260227976123162,0.102015598088018,0.268433261290987,0.110963362238649,0.258409447804525,0.135174823119031,0.269073730245886,0.2070672881352,0.217461417415822,0.249273213166979,0.212291656451245,0.27609316679643,0.174963669543003,0.273918840470662,0.17643827578217,0.192763427961867,0.159903287461573,0.223108426412766,0.181046936075045,0.236464023968072,0.179546294752734,0.153682546523339,0.257866807041039,0.239967045770773,0.269083288423027,0.279257659860239,0.217751916234443,0.253383267258314,0.253273023618659,0.244927606329486,0.301384697679558,0.233827140506325,0.241878875100732,0.209639574686652,0.231374372205689,0.174779607085511,0.252926483573762,0.290859679588276,0.200428186513248,0.30643167973099,0.222388270524895,0.255800018753278,0.249327031320558,0.207584843811956,0.20246052112112,0.254508052060303,0,0.200857280430109,0.163292802643477,0.222889585836664,0.302876055686762,0.203756179400842,0.311461942933274,0.213214213718382,0.288120366533522,0.310720210569326,0.224841273866615,0.230836908220759
TRG_085,0.241147991809937,0.230050134058722,0.300198686114439,0.3278912419559,0.283052238315061,0.343955349558984,0.274891115427343,0.391209821481358,0.3420369621695,0.213379255450485,0.336613819689723,0.236424470890417,0.205441140309068,0.228493710293222,0.300460239048936,0.251133981288957,0.142315231072821,0.153267861959199,0.26913453558686,0.304166075557054,0.285657732891746,0.289921688709403,0.310617719691566,0.180071991223413,0.310513212249058,0.226973168153699,0.218741106805473,0.339054676835986,0.232255456668435,0.250251923849923,0.268126173401095,0.257589076130699,0.276292690965128,0.316817468289756,0.284587832183064,0.327079351770234,0.306508257117445,0.312231414213588,0.0684078570561534,0.306287373930857,0.218379104327048,0.202434552653198,0.183682053074029,0.335715812912605,0.11333201046569,0.329201973448038,0.311739230746674,0.313815427614098,0.277415248320285,0.260873650972239,0.207968525877493,0.290161091449661,0.253767865909672,0.223979799918588,0.389524868434544,0.263887558091122,0.195691768277666,0.234523986392293,0.22437008487657,0.188241496722247,0.232342596310911,0.247575814274819,0.33446343998815,0.279218504967407,0.191526557614078,0.252742062827949,0.223688561764489,0.291766284458415,0.299874051882011,0.310178305523257,0.229604113710001,0.215993800652116,0.160805411913482,0.349573135899354,0.41586124956359,0.279037744730932,0.291265276773164,0.16525867254006,0.277798011176804,0.261920684868318,0.267116393610365,0.211803186501958,0.282180661069788,0.260380706289246,0.290702880080145,0.212490317834308,0.308962881811827,0.311865066096651,0.152807183434143,0.194540090722902,0.152345167292272,0.200857280430109,0,0.213420414465112,0.225986933894919,0.195609420465959,0.22512807514069,0.260580114600701,0.296518372813649,0.314574752348705,0.338640341701107,0.226631460920559,0.307703603390095
TRG_086,0.139959795609041,0.257713747699728,0.252200963628485,0.174887998761298,0.213701874178087,0.213707483464716,0.161421357480769,0.257680016281675,0.245933837399746,0.213727886995697,0.272202999493035,0.206656813797588,0.223563807865093,0.246051783020266,0.288900963621127,0.21907237055818,0.126690820612926,0.144098807877631,0.164346419943742,0.201853212466362,0.147316901613879,0.211313968064695,0.266035859058257,0.205672431331903,0.189928658359654,0.158593555737252,0.230609917033989,0.106030216889523,0.282589309649843,0.206583812856572,0.194587227618584,0.0929306254636151,0.195692918660741,0.211177217065692,0.16037682470455,0.201709597697085,0.114236541821201,0.241416495337599,0.118135874625833,0.225595977180181,0.0622386291711409,0.179468899371301,0.231778462214045,0.144325665771108,0.164556220303397,0.139105092541126,0.179529545304365,0.165949437049216,0.177139341419462,0.133885141298532,0.162400622137683,0.187276370888046,0.1387466699212,0.121695997002711,0.16630628562034,0.193163701206548,0.243247956816528,0.189829628874375,0.140025380418597,0.102926293860821,0.0792285966598048,0.16511959059571,0.248783286589512,0.154804374153886,0.209681700187501,0.137430554123458,0.112201054968677,0.225266610711445,0.243156195194,0.205587285032965,0.219328668658803,0.312890913655841,0.273856960195516,0.237576365219528,0.203540818963854,0.244805982521203,0.168449611511226,0.0949408908319628,0.229304365562678,0.310178351084714,0.23233541749187,0.178283415628127,0.188228922341863,0.14587357357855,0.247203801652139,0.17539093370134,0.122181331241013,0.175211846921383,0.165043491560408,0.131821876134981,0.166956418020014,0.163292802643477,0.213420414465112,0,0.160443176179864,0.136757480499496,0.160304797321164,0.18878169403489,0.183913318757067,0.198897579465508,0.18512322081481,0.190275995354693,0.241250626215693
TRG_087,0.0920510082132333,0.20852449474234,0.269706515152209,0.160119786951351,0.30341410891278,0.278038089725103,0.167869565536615,0.34417688823928,0.292498823551194,0.185319431876557,0.189271836153804,0.222761921742854,0.192795442687492,0.106938519356281,0.25060811688799,0.21804973484549,0.189517608678889,0.166348779540347,0.14905225549003,0.259281813792309,0.155032839861698,0.238116840707302,0.226697353852931,0.286717348693383,0.213383167995649,0.207848105073449,0.239990895375558,0.28241142398629,0.210360246302945,0.210135953193225,0.246314706047613,0.221392244554404,0.287331813172465,0.253191980420997,0.181679773433237,0.321985358085601,0.175472527808821,0.214427220279864,0.208480157144861,0.262009213683322,0.175274232038721,0.112485812258217,0.293514907653984,0.14584854287143,0.141647193550078,0.143494030045226,0.146687301483519,0.266546154903366,0.1670658547608,0.108933287075059,0.141136082900588,0.20902433292246,0.0863337409672406,0.13534220749218,0.224039378518057,0.297384664101776,0.192308113814208,0.142550527521439,0.144299377724522,0.20313636148606,0.189579426703475,0.175127957216426,0.212463553044059,0.16154064199917,0.252699753384933,0.296038883763728,0.21854274847151,0.219780080110003,0.237306165641733,0.255952686881805,0.169388994628933,0.252729829920178,0.230127386345531,0.201873476850815,0.270680484944516,0.267074790318507,0.147263769549702,0.0999927999723126,0.1635644577174,0.186099341907999,0.151524416182685,0.214110921516431,0.25116206752442,0.139172853878378,0.265102720488965,0.130080945526579,0.166348834047361,0.0842617718372352,0.183874339089998,0.193826168168877,0.155598795160003,0.222889585836664,0.225986933894919,0.160443176179864,0,0.117029469913722,0.137378961522621,0.182380079897204,0.189371782406901,0.202794849564661,0.182576829771309,0.204035472292345,0.28447888560579
TRG_089,0.159552108490623,0.240519389247656,0.244621965551369,0.144551969865702,0.279258316681879,0.241530248160707,0.173406608854995,0.26102984046176,0.211417277981083,0.227118752201959,0.21156108849841,0.272990018793994,0.198582240880701,0.180604848937266,0.142248843742529,0.194767259393496,0.15045795943424,0.241818481569494,0.155355060872743,0.273821336131091,0.148260470433254,0.218091853717312,0.280868233785339,0.284653858230485,0.232925347109465,0.237925601701128,0.22157994936075,0.269441343441375,0.264324014112938,0.161880906428114,0.207686150624205,0.248292313925594,0.318354257584569,0.164983040953129,0.23215741562713,0.212268339923941,0.151638761597196,0.240030159077646,0.170252803178925,0.278459130687422,0.139956325161555,0.249999952435127,0.280891854592329,0.23079023012199,0.178525126823938,0.0902257578145099,0.217192008564053,0.160950653042511,0.186397414165432,0.0552135643093637,0.242618987799642,0.196921462460938,0.146139765982842,0.0415124624220239,0.166005537121681,0.226508844305728,0.126446525111353,0.180321716569242,0.0467592894550574,0.10059205121404,0.150524470891509,0.229211868790072,0.251024527660434,0.117938657782862,0.213220118758286,0.303021829415801,0.142208583303396,0.185260240272046,0.160038471895252,0.120101755239845,0.148916855980594,0.334682493972919,0.244179232140562,0.292802059467571,0.178601530672865,0.263192594595552,0.105196468410242,0.0497284152742536,0.213680968505689,0.22056506684645,0.244797719994006,0.225330657531942,0.225263348858329,0.081437000123465,0.159109859623492,0.152406572819075,0.169606549675293,0.138020768829301,0.0835286021202756,0.164452524774305,0.121902097627667,0.302876055686762,0.195609420465959,0.136757480499496,0.117029469913722,0,0.108012537876509,0.204209830277041,0.207946470585043,0.218094075246545,0.297782589522552,0.184714524615335,0.194507098491981
TRG_092,0.0963726579923568,0.152123054307492,0.0970516144996033,0.0857396960804766,0.216814623989553,0.183605165758138,0.0658307945361208,0.153876351084124,0.115953290806741,0.101028290707674,0.0956428189494742,0.129223863775029,0.144728827630061,0.106825305432006,0.0758844240539057,0.198252973531608,0.151361304942608,0.208153378025217,0.193981552686828,0.0828157064426643,0.132353813631938,0.164568606350783,0.261644057067482,0.198670693650427,0.184753185765779,0.138709923995683,0.210540864852589,0.185255985164576,0.133881799202049,0.166730494870407,0.081687628527273,0.165915902420685,0.322452169169998,0.138534188702455,0.134793559668985,0.176749773057143,0.161789217142067,0.153671090722771,0.151966736968629,0.171254847384058,0.167809734145443,0.130695517582107,0.182372046304444,0.146603656643987,0.219323008137533,0.0709131476792303,0.166199158893276,0.186207580235804,0.108421371715655,0.127459143816454,0.171431757621103,0.18204802511148,0.120556721524561,0.044983628566165,0.122389231157031,0.238776627271441,0.183598912213075,0.122798436221227,0.124962212848581,0.149442144080761,0.17024843692644,0.166149786738582,0.148208723949202,0.154686196409331,0.166280082066944,0.194414412766761,0.17294506733573,0.0943672958985337,0.067310195065017,0.150223057523171,0.155581075782261,0.245277657888981,0.176617489825771,0.151010680080532,0.178748587901929,0.291715222375115,0.173794517938188,0.128277194596054,0.273736267653018,0.113573563682053,0.174660092399899,0.20903769061212,0.253887030698616,0.0724019841469365,0.194315225626832,0.099294106092922,0.137851726082735,0.0965385458707856,0.0894908004430683,0.236918837580723,0.124020666565224,0.203756179400842,0.22512807514069,0.160304797321164,0.137378961522621,0.108012537876509,0,0.175203984217443,0.152186551235565,0.205553139297129,0.226673126804518,0.232483790369947,0.138546682357198
TRG_093,0.162143040227494,0.260958204678163,0.292774360794755,0.164588378232995,0.244972649633945,0.206732134784432,0.228180235433765,0.283926301700673,0.277791584691302,0.117324171959237,0.178606526712505,0.232962676679579,0.155161438008219,0.210274883313901,0.24530788451669,0.1922885677923,0.220034784401852,0.213061450776377,0.249442632526882,0.279214928641207,0.262589740374765,0.304345003203181,0.314844722659724,0.191147881538382,0.246367055757262,0.237838395777686,0.274668238695631,0.223699047333588,0.196218511439503,0.206788485619923,0.247043968704651,0.231628216608466,0.236624820453998,0.188810770271583,0.18533832028828,0.24469298518514,0.183655700839753,0.226638826738494,0.23682170106982,0.202135287190865,0.133932427633284,0.241045191482281,0.242439918753536,0.172057250938541,0.252206457041382,0.199154895231106,0.152221120488861,0.291130908038132,0.221573251571803,0.121841005535331,0.254472638530202,0.213516597413993,0.165859953298909,0.189195308950779,0.218947241103952,0.295194783465082,0.201623891315991,0.203159619027167,0.257647573019935,0.24652340349394,0.207523576026861,0.215218070124295,0.278936817031039,0.271406630617547,0.193857980153894,0.251604779409473,0.232842491339703,0.303026593739054,0.228206395144798,0.217556064553807,0.107342643088314,0.353293409219609,0.153556746010774,0.247391095813472,0.280209144493233,0.167956216850145,0.11519733828777,0.178157049196148,0.24559546338085,0.188437969007022,0.270251277668563,0.283685236451944,0.191368922542141,0.163046925179083,0.212908303863862,0.147484645718607,0.218231988718375,0.143995007993869,0.200129466634648,0.216031320073502,0.138208726457531,0.311461942933274,0.260580114600701,0.18878169403489,0.182380079897204,0.204209830277041,0.175203984217443,0,0.199205764698836,0.200867055622787,0.296519024487876,0.250477281490935,0.29560899815908
TRG_094,0.18370773994996,0.119174226983069,0.204373498518041,0.198841879012966,0.169039370986809,0.172502215486118,0.150254805878828,0.173309997712875,0.114613176544611,0.134200110747368,0.188488987847343,0.165984332304489,0.185498065228139,0.191153638646537,0.100929958666603,0.157836261335261,0.16068555258854,0.204995471755414,0.138213040516249,0.1664214062886,0.186334207009467,0.134041725550323,0.345683417722176,0.238871595485974,0.194742134903775,0.119950444585703,0.273950329678215,0.26564037852497,0.201065254225836,0.0723358940779367,0.10331051020876,0.203386901332136,0.248406406680047,0.121279885515967,0.23851304168641,0.164599913708352,0.194260680382202,0.12661419755216,0.262430935263922,0.0976705001622555,0.274344611921079,0.13659724435659,0.165091384125418,0.108674027780593,0.2629923802208,0.218291910421797,0.18067570247312,0.0782084320378867,0.0622732570320906,0.186561123479253,0.183483948609964,0.0715417219577571,0.199297215931751,0.181186212810708,0.200697891723653,0.152144587562022,0.131983005232239,0.19504768998997,0.199426648672591,0.209497074560787,0.170241177214204,0.223838692291865,0.180803633118948,0.0542007431445355,0.144915398959054,0.189202376591073,0.191494082127537,0.277482587494683,0.100170737603069,0.048375848898787,0.150636258763965,0.184528756928693,0.169188281819935,0.168014504140498,0.151583782930279,0.211084113414705,0.237419352889795,0.154224621154713,0.230157167730229,0.178672609111099,0.214603333683925,0.326909777375426,0.148514691772237,0.188623446348542,0.0792955113991041,0.138982933579251,0.0854469367404093,0.245987079934006,0.254434342553094,0.0823323731981048,0.164981636804274,0.213214213718382,0.296518372813649,0.183913318757067,0.189371782406901,0.207946470585043,0.152186551235565,0.199205764698836,0,0.10929959713149,0.159205439796069,0.141528454572526,0.269063977917341
TRG_097,0.195567134440414,0.23722224530997,0.240591778241634,0.192339718763725,0.273354322183074,0.271190654782071,0.162167283459775,0.33209231811496,0.150484170162591,0.177907258726201,0.21228852836251,0.243814377986245,0.25585452911823,0.136896579039237,0.170075645370748,0.13522493803648,0.256198234831417,0.258810678813894,0.189889477185093,0.241379248817532,0.222570568049614,0.198798300825254,0.258858210472539,0.213450034739463,0.268962176406835,0.20204642019549,0.208230150036777,0.267730342439372,0.201633790306481,0.157458477342108,0.158537794169125,0.255999024720292,0.331459220265645,0.191909662528773,0.1930668079753,0.267189305513534,0.209313320332565,0.212952366425207,0.266544628979168,0.161476117660265,0.232363295857391,0.253528308069297,0.218109466514703,0.15136677848964,0.201414873076046,0.258056804481614,0.2405505971154,0.104510538507399,0.114573862948102,0.260663550525237,0.214517722861756,0.177871323882272,0.207809783075546,0.204981695876275,0.245534736877984,0.171909842675288,0.107852294349698,0.187648440528259,0.260812636481752,0.20090656504716,0.179266426493818,0.286750798259547,0.182457526243967,0.164278986110422,0.178758214297874,0.176488391790352,0.181066481839353,0.282640433850665,0.170446757967395,0.115991203882306,0.172898803825941,0.22905844838895,0.267359177356025,0.250658643973753,0.232620512256287,0.298504222109475,0.255245738396686,0.190593815552546,0.308156388541609,0.177856475967082,0.287355540060525,0.233235403256736,0.159486807482978,0.24542184525225,0.192971356561626,0.205367650032333,0.158422825917931,0.272334731000071,0.306338305533823,0.178831428456825,0.265260259950742,0.288120366533522,0.314574752348705,0.198897579465508,0.202794849564661,0.218094075246545,0.205553139297129,0.200867055622787,0.10929959713149,0,0.263086273169412,0.0969589295655249,0.300213473814459
TRG_098,0.262892053838488,0.188514621781445,0.234270115884717,0.196161693627315,0.256479253496635,0.281783336803684,0.241701307877377,0.316185974243209,0.243756952705389,0.290515520219849,0.273381573461612,0.289316487001982,0.311273556137166,0.24605658455264,0.301373664324316,0.304357046082618,0.222470475559943,0.164576060892268,0.274766688836296,0.213767019329988,0.204400002501297,0.272094410969776,0.247764849422918,0.252079374901744,0.112068278128289,0.120677005372559,0.32144449234892,0.237383090627306,0.259891510562871,0.209713391401273,0.239860400928882,0.258692584295041,0.250976061697441,0.186006135496644,0.146876222403925,0.227508791877014,0.234699128817101,0.259413390042951,0.259363312946695,0.267247753205257,0.275683984467626,0.152892500656878,0.249181398108898,0.140953077301888,0.274202978053841,0.236490235444229,0.24298923585583,0.278533350556796,0.1606765230324,0.251604599025379,0.228147261590884,0.150137620017146,0.23800299969163,0.239930285124949,0.222673680584289,0.33285088665011,0.335100521061426,0.324550719812632,0.252003505062893,0.305367263671234,0.298335347778145,0.202182648322293,0.247247976059,0.206083861399943,0.271464639205658,0.240585607184109,0.303744353282627,0.262066726852566,0.2321833554031,0.215277630920842,0.233286223077521,0.354923519031107,0.326609838803314,0.097978259307702,0.294068822884441,0.33980011892287,0.284885129500031,0.164383496269214,0.256662067245695,0.325290663357357,0.270849178575298,0.202052141617143,0.269485511403512,0.293402314778665,0.199632817796119,0.33453834766878,0.0948599531674587,0.208517152441488,0.33198868149617,0.180406944079873,0.329128194926224,0.310720210569326,0.338640341701107,0.18512322081481,0.182576829771309,0.297782589522552,0.226673126804518,0.296519024487876,0.159205439796069,0.263086273169412,0,0.354060062055214,0.358277611443543
TRG_099,0.156146093362848,0.288183525746157,0.276177562608538,0.238118860692109,0.234886243174574,0.299341714823399,0.21719058042589,0.354423412725595,0.143009561512858,0.218004222038027,0.201238026358363,0.236047599764668,0.234726390314745,0.131737127248949,0.16036307968057,0.156651839291986,0.204120895332322,0.266759767876461,0.213313059955093,0.256244660624725,0.246030619835771,0.149112659373293,0.190925103009087,0.220234306874747,0.288827655130764,0.25614988031961,0.169172806660014,0.251081946218122,0.214895436955977,0.153637598627091,0.192515785250875,0.248534977183729,0.264685486180479,0.242014472770276,0.267456417722318,0.266151046494229,0.26845466006233,0.241330366689074,0.222875357317455,0.14606754884569,0.21094071103881,0.220236547899444,0.300392931698401,0.220932930515778,0.147099286825554,0.226385802588725,0.178849083453834,0.0696920146469601,0.18722363215157,0.224687789060669,0.204411048334644,0.174798519440446,0.187906246204842,0.179540015053223,0.264359901475117,0.12338343994898,0.0883996827205712,0.126650730777769,0.181355112444724,0.144192844693685,0.124100915862744,0.185950998345092,0.251191515913928,0.12502310328989,0.212333262232769,0.173796077650576,0.0719780006327985,0.207962886386424,0.166624407074996,0.139032328839754,0.251290854532442,0.250237651471619,0.241744493025577,0.26202788594566,0.23373527984332,0.253293685273272,0.262639331957216,0.204954924544867,0.322477053875338,0.170575536015833,0.314735971145087,0.239084849187296,0.15337670413528,0.189923560228138,0.207863159199831,0.1455037214327,0.183886658916155,0.294169197650209,0.249063919153281,0.164173111030537,0.196504547533107,0.224841273866615,0.226631460920559,0.190275995354693,0.204035472292345,0.184714524615335,0.232483790369947,0.250477281490935,0.141528454572526,0.0969589295655249,0.354060062055214,0,0.258462772248052
TRG_103,0.258984222084732,0.270290964927031,0.20613108219598,0.206373430878931,0.218671527182248,0.250414161894371,0.214169552788581,0.290161224132768,0.15143732096905,0.210780476979674,0.276640922206817,0.201128208325171,0.161331072785513,0.249703495185331,0.17441675455641,0.295225063814658,0.183814874007252,0.186297036008379,0.184719138505102,0.162485990557567,0.212863454501044,0.10193405595719,0.253904830815035,0.30571883393517,0.231637409199703,0.259050024567296,0.225080900378604,0.171757297863609,0.173052556195984,0.200237365741405,0.217900043911633,0.25774354259111,0.304947582372433,0.249994172794805,0.285995214945438,0.30053284009584,0.210146104874455,0.253323809014764,0.223949108605477,0.229797500606198,0.267443116765116,0.205287273603004,0.185394297934624,0.259793097836229,0.277011038084929,0.187882933622083,0.216231470276344,0.281957726001585,0.264611810701948,0.213920490269506,0.162050279867215,0.280462878547062,0.221728145743347,0.155293270501122,0.278929395214689,0.176711090751061,0.254537229558227,0.152563515936983,0.193385072750939,0.253656040958651,0.240450501910217,0.193745303250064,0.228151017569071,0.197342835647373,0.192662908259996,0.247333346491119,0.246564867842929,0.08780886888891,0.219591069689163,0.275776588917766,0.24865231153856,0.162281798426174,0.247277629492201,0.184590986901168,0.342343114397419,0.289645525181587,0.302668499038956,0.216507358101979,0.311584708460229,0.162854089825833,0.192277240392234,0.286843861658279,0.299250307614574,0.18134893907981,0.300840117703963,0.209062544288213,0.251731577889353,0.249446144286896,0.111286756930306,0.277522151956635,0.207022114875665,0.230836908220759,0.307703603390095,0.241250626215693,0.28447888560579,0.194507098491981,0.138546682357198,0.29560899815908,0.269063977917341,0.300213473814459,0.358277611443543,0.258462772248052,0
